RUN	simulations.efsFinmonWeb.FinmonWebSimulationDebug	finmonwebsimulationdebug	1782723354518	none	3.9.5
USER	EFSFinmonWebDebug	START	1782723356925
USER	EFSFinmonWebDebug	START	1782723357428
USER	EFSFinmonWebDebug	START	1782723357931
USER	EFSFinmonWebDebug	START	1782723358445
USER	EFSFinmonWebDebug	START	1782723358920
REQUEST	LoginWeb	first_login	1782723358899	1782723359185	OK	 
USER	EFSFinmonWebDebug	START	1782723359431
USER	EFSFinmonWebDebug	START	1782723359926
REQUEST	LoginWeb	first_login	1782723359889	1782723360139	OK	 
USER	EFSFinmonWebDebug	START	1782723360432
USER	EFSFinmonWebDebug	START	1782723360920
REQUEST	LoginWeb	first_login	1782723360889	1782723361149	OK	 
USER	EFSFinmonWebDebug	START	1782723361434
REQUEST	LoginWeb	first_login	1782723361419	1782723361677	OK	 
REQUEST	LoginWeb	first_login	1782723361889	1782723362142	OK	 
REQUEST	LoginWeb	settingsLogin	1782723362408	1782723362579	OK	 
REQUEST	LoginWeb	first_login	1782723362889	1782723363136	OK	 
REQUEST	LoginWeb	first_login	1782723363408	1782723363681	OK	 
REQUEST	LoginWeb	settingsLogin	1782723363891	1782723364107	OK	 
REQUEST	LoginWeb	first_login	1782723364251	1782723364525	OK	 
REQUEST	LoginWeb	first_login	1782723364580	1782723364850	OK	 
REQUEST	LoginWeb	settingsLogin	1782723364893	1782723365050	OK	 
REQUEST	LoginWeb	first_login	1782723365252	1782723365531	OK	 
REQUEST	LoginWeb	settingsLogin	1782723365581	1782723365768	OK	 
REQUEST	LoginWeb	settingsLogin	1782723365894	1782723366079	OK	 
REQUEST	LoginWeb	newsLogin	1782723366148	1782723366355	OK	 
REQUEST	LoginWeb	settingsLogin	1782723366398	1782723366575	OK	 
REQUEST	LoginWeb	settingsLogin	1782723366648	1782723366833	OK	 
REQUEST	LoginWeb	newsLogin	1782723366869	1782723367088	OK	 
REQUEST	LoginWeb	settingsLogin	1782723367143	1782723367351	OK	 
REQUEST	LoginWeb	settingsLogin	1782723367395	1782723367558	OK	 
REQUEST	LoginWeb	newsLogin	1782723367647	1782723367846	OK	 
REQUEST	LoginWeb	settingsLogin	1782723367897	1782723368106	OK	 
REQUEST	LoginWeb	newsLogin	1782723368148	1782723368371	OK	 
REQUEST	LoginWeb	newsLogin	1782723368398	1782723368602	OK	 
REQUEST	LoginWeb	preLogin	1782723368650	1782723368863	OK	 
REQUEST	LoginWeb	newsLogin	1782723368874	1782723369062	OK	 
REQUEST	LoginWeb	newsLogin	1782723369078	1782723369283	OK	 
REQUEST	LoginWeb	preLogin	1782723369287	1782723369513	OK	 
REQUEST	LoginWeb	newsLogin	1782723369478	1782723369660	OK	 
REQUEST	LoginWeb	newsLogin	1782723369679	1782723369877	OK	 
REQUEST	LoginWeb	preLogin	1782723369893	1782723370131	OK	 
REQUEST	LoginWeb	newsLogin	1782723370103	1782723370288	OK	 
REQUEST	LoginWeb	preLogin	1782723370298	1782723370527	OK	 
REQUEST	LoginWeb	preLogin	1782723370499	1782723370730	OK	 
REQUEST	LoginWeb	login	1782723370701	1782723370936	OK	 
REQUEST	LoginWeb	preLogin	1782723370880	1782723371122	OK	 
REQUEST	LoginWeb	preLogin	1782723371072	1782723371294	OK	 
REQUEST	LoginWeb	login	1782723371240	1782723371501	OK	 
REQUEST	LoginWeb	preLogin	1782723371402	1782723371629	OK	 
REQUEST	LoginWeb	preLogin	1782723371568	1782723371778	OK	 
REQUEST	LoginWeb	login	1782723371739	1782723371987	OK	 
REQUEST	LoginWeb	preLogin	1782723371891	1782723372121	OK	 
REQUEST	LoginWeb	login	1782723372080	1782723372336	OK	 
REQUEST	LoginWeb	login	1782723372249	1782723372503	OK	 
REQUEST	LoginWeb	login	1782723372583	1782723372868	OK	 
REQUEST	LoginWeb	login	1782723372750	1782723373014	OK	 
REQUEST	LoginWeb	create	1782723372412	1782723373227	OK	 
REQUEST	LoginWeb	login	1782723373078	1782723373350	OK	 
REQUEST	LoginWeb	login	1782723373249	1782723373519	OK	 
REQUEST	LoginWeb	create	1782723372890	1782723373686	OK	 
REQUEST	LoginWeb	login	1782723373581	1782723373859	OK	 
REQUEST	LoginWeb	create	1782723373408	1782723374236	OK	 
REQUEST	LoginWeb	decrypt	1782723374344	1782723374429	OK	 
GROUP	LoginWeb	1782723356927	1782723374432	2012	OK
ERROR	UC01_POST_/file-upload: Failed to build request: No attribute named 'requestId' is defined 	1782723374436
ERROR	UC02_POST_/send-to-bank: Failed to build request: No attribute named 'requestId' is defined 	1782723374441
REQUEST	LoginWeb	create	1782723373750	1782723374516	OK	 
REQUEST	LoginWeb	create	1782723373890	1782723374745	OK	 
REQUEST	LoginWeb	create	1782723374061	1782723374849	OK	 
REQUEST	LoginWeb	decrypt	1782723374768	1782723374853	OK	 
GROUP	LoginWeb	1782723357429	1782723374856	2053	OK
ERROR	UC01_POST_/file-upload: Failed to build request: No attribute named 'requestId' is defined 	1782723374856
ERROR	UC02_POST_/send-to-bank: Failed to build request: No attribute named 'requestId' is defined 	1782723374856
REQUEST	LoginWeb	create	1782723374200	1782723375019	OK	 
REQUEST	LoginWeb	decrypt	1782723375083	1782723375167	OK	 
GROUP	LoginWeb	1782723357932	1782723375170	2014	OK
ERROR	UC01_POST_/file-upload: Failed to build request: No attribute named 'requestId' is defined 	1782723375170
ERROR	UC02_POST_/send-to-bank: Failed to build request: No attribute named 'requestId' is defined 	1782723375171
REQUEST	LoginWeb	create	1782723374488	1782723375355	OK	 
REQUEST	LoginWeb	decrypt	1782723375338	1782723375417	OK	 
GROUP	LoginWeb	1782723358445	1782723375419	1998	OK
ERROR	UC01_POST_/file-upload: Failed to build request: No attribute named 'requestId' is defined 	1782723375419
ERROR	UC02_POST_/send-to-bank: Failed to build request: No attribute named 'requestId' is defined 	1782723375420
REQUEST	LoginWeb	create	1782723374640	1782723375471	OK	 
REQUEST	LoginWeb	decrypt	1782723375488	1782723375565	OK	 
GROUP	LoginWeb	1782723358920	1782723375568	2059	OK
ERROR	UC01_POST_/file-upload: Failed to build request: No attribute named 'requestId' is defined 	1782723375568
ERROR	UC02_POST_/send-to-bank: Failed to build request: No attribute named 'requestId' is defined 	1782723375568
REQUEST	LoginWeb	create	1782723374888	1782723375671	OK	 
REQUEST		UC03_GET_/params	1782723375199	1782723375691	OK	 
ERROR	UC04_POST_/delete-file: Failed to build request: No attribute named 'pprbId' is defined 	1782723375693
REQUEST	LoginWeb	decrypt	1782723375633	1782723375717	OK	 
GROUP	LoginWeb	1782723359431	1782723375719	2011	OK
ERROR	UC01_POST_/file-upload: Failed to build request: No attribute named 'requestId' is defined 	1782723375719
ERROR	UC02_POST_/send-to-bank: Failed to build request: No attribute named 'requestId' is defined 	1782723375719
REQUEST	LoginWeb	decrypt	1782723375890	1782723375969	OK	 
GROUP	LoginWeb	1782723359926	1782723375972	2047	OK
ERROR	UC01_POST_/file-upload: Failed to build request: No attribute named 'requestId' is defined 	1782723375972
ERROR	UC02_POST_/send-to-bank: Failed to build request: No attribute named 'requestId' is defined 	1782723375973
REQUEST	LoginWeb	decrypt	1782723376160	1782723376234	OK	 
GROUP	LoginWeb	1782723360433	1782723376236	2104	OK
ERROR	UC01_POST_/file-upload: Failed to build request: No attribute named 'requestId' is defined 	1782723376236
ERROR	UC02_POST_/send-to-bank: Failed to build request: No attribute named 'requestId' is defined 	1782723376237
REQUEST		UC03_GET_/params	1782723375768	1782723376240	OK	 
ERROR	UC04_POST_/delete-file: Failed to build request: No attribute named 'pprbId' is defined 	1782723376243
REQUEST	LoginWeb	decrypt	1782723376412	1782723376494	OK	 
GROUP	LoginWeb	1782723360921	1782723376497	2024	OK
ERROR	UC01_POST_/file-upload: Failed to build request: No attribute named 'requestId' is defined 	1782723376497
ERROR	UC02_POST_/send-to-bank: Failed to build request: No attribute named 'requestId' is defined 	1782723376498
REQUEST		UC03_GET_/params	1782723376046	1782723376571	OK	 
ERROR	UC04_POST_/delete-file: Failed to build request: No attribute named 'pprbId' is defined 	1782723376573
REQUEST		UC03_GET_/params	1782723376288	1782723376666	OK	 
ERROR	UC04_POST_/delete-file: Failed to build request: No attribute named 'pprbId' is defined 	1782723376669
REQUEST	LoginWeb	decrypt	1782723376661	1782723376743	OK	 
GROUP	LoginWeb	1782723361434	1782723376745	2046	OK
ERROR	UC01_POST_/file-upload: Failed to build request: No attribute named 'requestId' is defined 	1782723376745
ERROR	UC02_POST_/send-to-bank: Failed to build request: No attribute named 'requestId' is defined 	1782723376746
REQUEST		UC03_GET_/params	1782723376542	1782723376973	OK	 
ERROR	UC04_POST_/delete-file: Failed to build request: No attribute named 'pprbId' is defined 	1782723376975
REQUEST		UC05_GET_/download/{fileid}	1782723376789	1782723377093	OK	 
ERROR	UC06_GET_/detail-with-attachments/{fflId}: Failed to build request: No attribute named 'fflId' is defined 	1782723377097
REQUEST		UC03_GET_/params	1782723376893	1782723377344	OK	 
ERROR	UC04_POST_/delete-file: Failed to build request: No attribute named 'pprbId' is defined 	1782723377346
REQUEST		UC03_GET_/params	1782723377046	1782723377422	OK	 
ERROR	UC04_POST_/delete-file: Failed to build request: No attribute named 'pprbId' is defined 	1782723377425
REQUEST		UC05_GET_/download/{fileid}	1782723377297	1782723377510	OK	 
ERROR	UC06_GET_/detail-with-attachments/{fflId}: Failed to build request: No attribute named 'fflId' is defined 	1782723377512
REQUEST		UC03_GET_/params	1782723377158	1782723377559	OK	 
ERROR	UC04_POST_/delete-file: Failed to build request: No attribute named 'pprbId' is defined 	1782723377561
REQUEST		UC03_GET_/params	1782723377408	1782723377778	OK	 
ERROR	UC04_POST_/delete-file: Failed to build request: No attribute named 'pprbId' is defined 	1782723377780
REQUEST		UC05_GET_/download/{fileid}	1782723377546	1782723377787	OK	 
ERROR	UC06_GET_/detail-with-attachments/{fflId}: Failed to build request: No attribute named 'fflId' is defined 	1782723377788
REQUEST		UC05_GET_/download/{fileid}	1782723377658	1782723377875	OK	 
ERROR	UC06_GET_/detail-with-attachments/{fflId}: Failed to build request: No attribute named 'fflId' is defined 	1782723377877
REQUEST		UC05_GET_/download/{fileid}	1782723377890	1782723378171	OK	 
ERROR	UC06_GET_/detail-with-attachments/{fflId}: Failed to build request: No attribute named 'fflId' is defined 	1782723378173
REQUEST		UC03_GET_/params	1782723377788	1782723378219	OK	 
ERROR	UC04_POST_/delete-file: Failed to build request: No attribute named 'pprbId' is defined 	1782723378222
REQUEST		UC05_GET_/download/{fileid}	1782723378158	1782723378387	OK	 
ERROR	UC06_GET_/detail-with-attachments/{fflId}: Failed to build request: No attribute named 'fflId' is defined 	1782723378389
REQUEST		UC07_POST_/inform-list	1782723378046	1782723378412	OK	 
REQUEST		UC05_GET_/download/{fileid}	1782723378298	1782723378512	OK	 
ERROR	UC06_GET_/detail-with-attachments/{fflId}: Failed to build request: No attribute named 'fflId' is defined 	1782723378515
REQUEST		UC07_POST_/inform-list	1782723378408	1782723378739	OK	 
REQUEST		UC05_GET_/download/{fileid}	1782723378546	1782723378742	OK	 
ERROR	UC06_GET_/detail-with-attachments/{fflId}: Failed to build request: No attribute named 'fflId' is defined 	1782723378761
REQUEST		UC05_GET_/download/{fileid}	1782723378658	1782723378887	OK	 
ERROR	UC06_GET_/detail-with-attachments/{fflId}: Failed to build request: No attribute named 'fflId' is defined 	1782723378889
REQUEST		UC07_POST_/inform-list	1782723378796	1782723379102	OK	 
REQUEST		UC07_POST_/inform-list	1782723378890	1782723379199	OK	 
REQUEST		UC05_GET_/download/{fileid}	1782723379141	1782723379352	OK	 
ERROR	UC06_GET_/detail-with-attachments/{fflId}: Failed to build request: No attribute named 'fflId' is defined 	1782723379354
REQUEST		UC07_POST_/inform-list	1782723379031	1782723379372	OK	 
REQUEST		UC08_POST_/send-to-bank/{fflId}	1782723379361	1782723379545	OK	 
REQUEST		UC07_POST_/inform-list	1782723379251	1782723379569	OK	 
REQUEST		UC07_POST_/inform-list	1782723379468	1782723379770	OK	 
REQUEST		UC08_POST_/send-to-bank/{fflId}	1782723379578	1782723379826	OK	 
REQUEST		UC07_POST_/inform-list	1782723379688	1782723379986	OK	 
REQUEST		UC07_POST_/inform-list	1782723379807	1782723380096	OK	 
REQUEST		UC08_POST_/send-to-bank/{fflId}	1782723379882	1782723380099	OK	 
REQUEST		UC08_POST_/send-to-bank/{fflId}	1782723380018	1782723380224	OK	 
REQUEST		UC08_POST_/send-to-bank/{fflId}	1782723380238	1782723380439	OK	 
REQUEST		UC07_POST_/inform-list	1782723380128	1782723380468	OK	 
REQUEST		UC09_GET_/requests-and-inform	1782723380348	1782723380635	OK	 
REQUEST		UC08_POST_/send-to-bank/{fflId}	1782723380468	1782723380679	OK	 
REQUEST		UC08_POST_/send-to-bank/{fflId}	1782723380577	1782723380772	OK	 
REQUEST		UC09_GET_/requests-and-inform	1782723380686	1782723380965	OK	 
REQUEST		UC08_POST_/send-to-bank/{fflId}	1782723380796	1782723380991	OK	 
REQUEST		UC08_POST_/send-to-bank/{fflId}	1782723380890	1782723381087	OK	 
REQUEST		UC09_GET_/requests-and-inform	1782723381015	1782723381288	OK	 
REQUEST		UC09_GET_/requests-and-inform	1782723381109	1782723381343	OK	 
REQUEST		UC09_GET_/requests-and-inform	1782723381208	1782723381469	OK	 
REQUEST		UC08_POST_/send-to-bank/{fflId}	1782723381329	1782723381537	OK	 
REQUEST		UC10_POST_/mop-1-0	1782723381408	1782723381702	OK	 
REQUEST		UC09_GET_/requests-and-inform	1782723381515	1782723381766	OK	 
REQUEST		UC09_GET_/requests-and-inform	1782723381608	1782723381852	OK	 
REQUEST		UC10_POST_/mop-1-0	1782723381718	1782723381999	OK	 
REQUEST		UC09_GET_/requests-and-inform	1782723381812	1782723382050	OK	 
REQUEST		UC09_GET_/requests-and-inform	1782723381890	1782723382196	OK	 
REQUEST		UC10_POST_/mop-1-0	1782723382010	1782723382321	OK	 
REQUEST		UC10_POST_/mop-1-0	1782723382110	1782723382392	OK	 
REQUEST		UC10_POST_/mop-1-0	1782723382208	1782723382510	OK	 
REQUEST		UC09_GET_/requests-and-inform	1782723382314	1782723382586	OK	 
REQUEST		UC11_POST_/online-control	1782723382408	1782723382742	OK	 
REQUEST		UC10_POST_/mop-1-0	1782723382517	1782723382836	OK	 
REQUEST		UC10_POST_/mop-1-0	1782723382609	1782723382888	OK	 
REQUEST		UC11_POST_/online-control	1782723382718	1782723382975	OK	 
REQUEST		UC10_POST_/mop-1-0	1782723382812	1782723383083	OK	 
REQUEST		UC10_POST_/mop-1-0	1782723382890	1782723383169	OK	 
REQUEST		UC11_POST_/online-control	1782723383015	1782723383308	OK	 
REQUEST		UC11_POST_/online-control	1782723383109	1782723383369	OK	 
REQUEST		UC11_POST_/online-control	1782723383218	1782723383495	OK	 
REQUEST		UC10_POST_/mop-1-0	1782723383312	1782723383623	OK	 
REQUEST		UC12_GET_/rehabilitation	1782723383408	1782723383733	OK	 
REQUEST		UC11_POST_/online-control	1782723383515	1782723383801	OK	 
REQUEST		UC11_POST_/online-control	1782723383603	1782723383883	OK	 
REQUEST		UC12_GET_/rehabilitation	1782723383708	1782723384008	OK	 
REQUEST		UC11_POST_/online-control	1782723383828	1782723384090	OK	 
REQUEST		UC11_POST_/online-control	1782723383893	1782723384192	OK	 
REQUEST		UC12_GET_/rehabilitation	1782723384016	1782723384345	OK	 
REQUEST		UC12_GET_/rehabilitation	1782723384110	1782723384404	OK	 
REQUEST		UC12_GET_/rehabilitation	1782723384218	1782723384517	OK	 
REQUEST		UC11_POST_/online-control	1782723384312	1782723384591	OK	 
REQUEST		UC13_GET_/unread-tabs	1782723384408	1782723384644	OK	 
REQUEST		UC12_GET_/rehabilitation	1782723384515	1782723384830	OK	 
REQUEST		UC13_GET_/unread-tabs	1782723384718	1782723384897	OK	 
REQUEST		UC12_GET_/rehabilitation	1782723384599	1782723384897	OK	 
REQUEST		UC12_GET_/rehabilitation	1782723384812	1782723385087	OK	 
REQUEST		UC12_GET_/rehabilitation	1782723384890	1782723385171	OK	 
REQUEST		UC13_GET_/unread-tabs	1782723385015	1782723385217	OK	 
REQUEST		UC13_GET_/unread-tabs	1782723385109	1782723385306	OK	 
REQUEST		UC13_GET_/unread-tabs	1782723385209	1782723385392	OK	 
REQUEST		UC14_POST_/detail	1782723385408	1782723385573	OK	 
REQUEST		UC12_GET_/rehabilitation	1782723385312	1782723385624	OK	 
REQUEST		UC13_GET_/unread-tabs	1782723385516	1782723385734	OK	 
REQUEST		UC14_POST_/detail	1782723385598	1782723385772	OK	 
REQUEST		UC13_GET_/unread-tabs	1782723385708	1782723385881	OK	 
REQUEST		UC13_GET_/unread-tabs	1782723385811	1782723385991	OK	 
REQUEST		UC13_GET_/unread-tabs	1782723385889	1782723386074	OK	 
REQUEST		UC14_POST_/detail	1782723386014	1782723386181	OK	 
REQUEST		UC14_POST_/detail	1782723386109	1782723386262	OK	 
REQUEST		UC14_POST_/detail	1782723386219	1782723386383	OK	 
REQUEST		UC15_POST_/callback	1782723386312	1782723386509	OK	 
REQUEST		UC13_GET_/unread-tabs	1782723386416	1782723386634	OK	 
REQUEST		UC14_POST_/detail	1782723386510	1782723386691	OK	 
REQUEST		UC15_POST_/callback	1782723386608	1782723386812	OK	 
REQUEST		UC14_POST_/detail	1782723386713	1782723386882	OK	 
REQUEST		UC14_POST_/detail	1782723386812	1782723386959	OK	 
REQUEST		UC14_POST_/detail	1782723386890	1782723387051	OK	 
REQUEST		UC15_POST_/callback	1782723387015	1782723387222	OK	 
REQUEST		UC15_POST_/callback	1782723387109	1782723387304	OK	 
REQUEST		UC15_POST_/callback	1782723387218	1782723387404	OK	 
REQUEST		UC16_PUT_/callback	1782723387308	1782723387466	OK	 
REQUEST		UC14_POST_/detail	1782723387408	1782723387568	OK	 
REQUEST		UC15_POST_/callback	1782723387515	1782723387727	OK	 
REQUEST		UC16_PUT_/callback	1782723387609	1782723387762	OK	 
REQUEST		UC15_POST_/callback	1782723387718	1782723387913	OK	 
REQUEST		UC15_POST_/callback	1782723387798	1782723387993	OK	 
REQUEST		UC15_POST_/callback	1782723387890	1782723388098	OK	 
REQUEST		UC16_PUT_/callback	1782723388014	1782723388169	OK	 
REQUEST		UC16_PUT_/callback	1782723388109	1782723388272	OK	 
REQUEST		UC16_PUT_/callback	1782723388218	1782723388383	OK	 
REQUEST		UC17_DELETE_/callback?taskId={taskIdCB}	1782723388313	1782723388509	OK	 
REQUEST		UC15_POST_/callback	1782723388408	1782723388629	OK	 
REQUEST		UC16_PUT_/callback	1782723388515	1782723388686	OK	 
REQUEST		UC17_DELETE_/callback?taskId={taskIdCB}	1782723388609	1782723388805	OK	 
REQUEST		UC16_PUT_/callback	1782723388710	1782723388848	OK	 
REQUEST		UC16_PUT_/callback	1782723388812	1782723388951	OK	 
REQUEST		UC16_PUT_/callback	1782723388890	1782723389031	OK	 
REQUEST		UC17_DELETE_/callback?taskId={taskIdCB}	1782723389015	1782723389225	OK	 
REQUEST		UC17_DELETE_/callback?taskId={taskIdCB}	1782723389110	1782723389303	OK	 
REQUEST		UC17_DELETE_/callback?taskId={taskIdCB}	1782723389208	1782723389405	OK	 
REQUEST		UC18_GET_/compliance-helper	1782723389314	1782723389473	OK	 
REQUEST		UC16_PUT_/callback	1782723389408	1782723389560	OK	 
REQUEST		UC17_DELETE_/callback?taskId={taskIdCB}	1782723389515	1782723389707	OK	 
REQUEST		UC18_GET_/compliance-helper	1782723389608	1782723389786	OK	 
REQUEST		UC17_DELETE_/callback?taskId={taskIdCB}	1782723389710	1782723389918	OK	 
REQUEST		UC17_DELETE_/callback?taskId={taskIdCB}	1782723389819	1782723390000	OK	 
REQUEST		UC17_DELETE_/callback?taskId={taskIdCB}	1782723389891	1782723390117	OK	 
REQUEST		UC18_GET_/compliance-helper	1782723390016	1782723390175	OK	 
REQUEST		UC18_GET_/compliance-helper	1782723390110	1782723390263	OK	 
REQUEST		UC18_GET_/compliance-helper	1782723390208	1782723390373	OK	 
REQUEST		UC19_GET_/activation	1782723390315	1782723390482	OK	 
REQUEST		UC17_DELETE_/callback?taskId={taskIdCB}	1782723390409	1782723390620	OK	 
REQUEST		UC18_GET_/compliance-helper	1782723390508	1782723390689	OK	 
REQUEST		UC19_GET_/activation	1782723390609	1782723390763	OK	 
REQUEST		UC18_GET_/compliance-helper	1782723390718	1782723390873	OK	 
REQUEST		UC18_GET_/compliance-helper	1782723390812	1782723390985	OK	 
REQUEST		UC18_GET_/compliance-helper	1782723390890	1782723391043	OK	 
REQUEST		UC19_GET_/activation	1782723391015	1782723391178	OK	 
REQUEST		UC19_GET_/activation	1782723391110	1782723391260	OK	 
REQUEST		UC19_GET_/activation	1782723391208	1782723391366	OK	 
REQUEST		UC20_GET_/change-tariff	1782723391314	1782723391474	OK	 
REQUEST		UC18_GET_/compliance-helper	1782723391408	1782723391578	OK	 
REQUEST		UC19_GET_/activation	1782723391517	1782723391680	OK	 
REQUEST		UC20_GET_/change-tariff	1782723391608	1782723391767	OK	 
REQUEST		UC19_GET_/activation	1782723391718	1782723391872	OK	 
REQUEST		UC19_GET_/activation	1782723391798	1782723391948	OK	 
REQUEST		UC19_GET_/activation	1782723391890	1782723392030	OK	 
REQUEST		UC20_GET_/change-tariff	1782723392015	1782723392161	OK	 
REQUEST		UC20_GET_/change-tariff	1782723392125	1782723392283	OK	 
REQUEST		UC20_GET_/change-tariff	1782723392218	1782723392374	OK	 
REQUEST		UC21_GET_/user-permissions	1782723392312	1782723392471	OK	 
REQUEST		UC19_GET_/activation	1782723392408	1782723392569	OK	 
REQUEST		UC20_GET_/change-tariff	1782723392516	1782723392681	OK	 
REQUEST		UC21_GET_/user-permissions	1782723392609	1782723392749	OK	 
REQUEST		UC20_GET_/change-tariff	1782723392718	1782723392861	OK	 
REQUEST		UC20_GET_/change-tariff	1782723392798	1782723392961	OK	 
REQUEST		UC20_GET_/change-tariff	1782723392890	1782723393052	OK	 
REQUEST		UC21_GET_/user-permissions	1782723393015	1782723393171	OK	 
REQUEST		UC21_GET_/user-permissions	1782723393109	1782723393254	OK	 
REQUEST		UC21_GET_/user-permissions	1782723393208	1782723393369	OK	 
REQUEST		UC20_GET_/change-tariff	1782723393408	1782723393569	OK	 
REQUEST		UC22_GET_/print-form	1782723393313	1782723393618	OK	 
REQUEST		UC21_GET_/user-permissions	1782723393516	1782723393676	OK	 
REQUEST		UC21_GET_/user-permissions	1782723393718	1782723393869	OK	 
REQUEST		UC22_GET_/print-form	1782723393610	1782723393935	OK	 
REQUEST		UC21_GET_/user-permissions	1782723393798	1782723393946	OK	 
REQUEST		UC21_GET_/user-permissions	1782723393890	1782723394045	OK	 
REQUEST		UC22_GET_/print-form	1782723394015	1782723394365	OK	 
REQUEST		UC22_GET_/print-form	1782723394110	1782723394432	OK	 
REQUEST		UC21_GET_/user-permissions	1782723394312	1782723394472	OK	 
REQUEST		UC22_GET_/print-form	1782723394208	1782723394559	OK	 
REQUEST		UC23_GET_/rejections	1782723394408	1782723394773	OK	 
REQUEST		UC22_GET_/print-form	1782723394515	1782723394833	OK	 
REQUEST		UC22_GET_/print-form	1782723394609	1782723394932	OK	 
REQUEST		UC23_GET_/rejections	1782723394719	1782723395065	OK	 
REQUEST		UC22_GET_/print-form	1782723394812	1782723395131	OK	 
REQUEST		UC22_GET_/print-form	1782723394878	1782723395315	OK	 
REQUEST		UC23_GET_/rejections	1782723394999	1782723395390	OK	 
REQUEST		UC23_GET_/rejections	1782723395094	1782723395420	OK	 
REQUEST		UC22_GET_/print-form	1782723395188	1782723395554	OK	 
REQUEST		UC24_GET_/rejection/{operationId}	1782723395390	1782723395681	OK	 
REQUEST		UC23_GET_/rejections	1782723395296	1782723395714	OK	 
REQUEST		UC23_GET_/rejections	1782723395504	1782723395922	OK	 
REQUEST		UC24_GET_/rejection/{operationId}	1782723395800	1782723396063	OK	 
REQUEST		UC23_GET_/rejections	1782723395776	1782723396128	OK	 
REQUEST		UC23_GET_/rejections	1782723396143	1782723396498	OK	 
REQUEST		UC24_GET_/rejection/{operationId}	1782723396440	1782723396717	OK	 
REQUEST		UC24_GET_/rejection/{operationId}	1782723396463	1782723396739	OK	 
REQUEST		UC23_GET_/rejections	1782723396419	1782723396751	OK	 
REQUEST		UC25_GET_/active-switchers	1782723397283	1782723397458	OK	 
REQUEST		UC25_GET_/active-switchers	1782723397348	1782723397502	OK	 
REQUEST		UC24_GET_/rejection/{operationId}	1782723397301	1782723397577	OK	 
REQUEST		UC24_GET_/rejection/{operationId}	1782723397325	1782723397631	OK	 
REQUEST		UC23_GET_/rejections	1782723397254	1782723397642	OK	 
REQUEST		UC24_GET_/rejection/{operationId}	1782723397421	1782723397667	OK	 
REQUEST		UC25_GET_/active-switchers	1782723397624	1782723397801	OK	 
REQUEST		UC24_GET_/rejection/{operationId}	1782723397515	1782723397858	OK	 
REQUEST		UC25_GET_/active-switchers	1782723397718	1782723397889	OK	 
REQUEST		UC26_GET_/system-parameters	1782723397890	1782723398067	OK	 
REQUEST		UC24_GET_/rejection/{operationId}	1782723397812	1782723398067	OK	 
REQUEST		UC26_GET_/system-parameters	1782723398015	1782723398188	OK	 
REQUEST		UC25_GET_/active-switchers	1782723398110	1782723398271	OK	 
REQUEST		UC25_GET_/active-switchers	1782723398208	1782723398386	OK	 
REQUEST		UC25_GET_/active-switchers	1782723398408	1782723398562	OK	 
REQUEST		UC24_GET_/rejection/{operationId}	1782723398313	1782723398620	OK	 
REQUEST		UC26_GET_/system-parameters	1782723398514	1782723398694	OK	 
REQUEST		UC25_GET_/active-switchers	1782723398608	1782723398787	OK	 
REQUEST		UC26_GET_/system-parameters	1782723398718	1782723398900	OK	 
REQUEST		UC27_GET_/organization	1782723398827	1782723399024	OK	 
REQUEST		UC25_GET_/active-switchers	1782723398890	1782723399058	OK	 
REQUEST		UC27_GET_/organization	1782723399015	1782723399169	OK	 
REQUEST		UC26_GET_/system-parameters	1782723399109	1782723399289	OK	 
REQUEST		UC26_GET_/system-parameters	1782723399219	1782723399397	OK	 
REQUEST		UC26_GET_/system-parameters	1782723399313	1782723399489	OK	 
REQUEST		UC25_GET_/active-switchers	1782723399408	1782723399590	OK	 
REQUEST		UC27_GET_/organization	1782723399511	1782723399678	OK	 
REQUEST		UC26_GET_/system-parameters	1782723399608	1782723399774	OK	 
REQUEST		UC27_GET_/organization	1782723399699	1782723399886	OK	 
REQUEST		UC28_GET_/compliance-profile/mtb	1782723399808	1782723399985	OK	 
REQUEST		UC26_GET_/system-parameters	1782723399888	1782723400058	OK	 
REQUEST		UC28_GET_/compliance-profile/mtb	1782723400014	1782723400184	OK	 
REQUEST		UC27_GET_/organization	1782723400109	1782723400283	OK	 
REQUEST		UC27_GET_/organization	1782723400218	1782723400403	OK	 
REQUEST		UC27_GET_/organization	1782723400313	1782723400469	OK	 
REQUEST		UC26_GET_/system-parameters	1782723400408	1782723400618	OK	 
REQUEST		UC28_GET_/compliance-profile/mtb	1782723400516	1782723400686	OK	 
REQUEST		UC27_GET_/organization	1782723400608	1782723400777	OK	 
REQUEST		UC28_GET_/compliance-profile/mtb	1782723400718	1782723400883	OK	 
REQUEST		UC29_GET_/dopInfo	1782723400812	1782723400969	OK	 
REQUEST		UC27_GET_/organization	1782723400890	1782723401058	OK	 
REQUEST		UC29_GET_/dopInfo	1782723401015	1782723401180	OK	 
REQUEST		UC28_GET_/compliance-profile/mtb	1782723401124	1782723401283	OK	 
REQUEST		UC28_GET_/compliance-profile/mtb	1782723401218	1782723401399	OK	 
REQUEST		UC28_GET_/compliance-profile/mtb	1782723401312	1782723401468	OK	 
REQUEST		UC27_GET_/organization	1782723401408	1782723401579	OK	 
REQUEST		UC29_GET_/dopInfo	1782723401515	1782723401687	OK	 
REQUEST		UC28_GET_/compliance-profile/mtb	1782723401609	1782723401771	OK	 
REQUEST		UC29_GET_/dopInfo	1782723401718	1782723401869	OK	 
REQUEST		UC30_GET_/counterparties	1782723401812	1782723401991	OK	 
REQUEST		UC28_GET_/compliance-profile/mtb	1782723401890	1782723402058	OK	 
REQUEST		UC30_GET_/counterparties	1782723402015	1782723402194	OK	 
REQUEST		UC29_GET_/dopInfo	1782723402109	1782723402285	OK	 
REQUEST		UC29_GET_/dopInfo	1782723402218	1782723402395	OK	 
REQUEST		UC29_GET_/dopInfo	1782723402312	1782723402459	OK	 
REQUEST		UC28_GET_/compliance-profile/mtb	1782723402408	1782723402589	OK	 
REQUEST		UC30_GET_/counterparties	1782723402515	1782723402688	OK	 
REQUEST		UC29_GET_/dopInfo	1782723402609	1782723402771	OK	 
REQUEST		UC30_GET_/counterparties	1782723402718	1782723402886	OK	 
REQUEST		UC31_GET_/compliance-profile/contacts	1782723402812	1782723402990	OK	 
REQUEST		UC29_GET_/dopInfo	1782723402891	1782723403041	OK	 
REQUEST		UC31_GET_/compliance-profile/contacts	1782723403015	1782723403171	OK	 
REQUEST		UC30_GET_/counterparties	1782723403110	1782723403293	OK	 
REQUEST		UC30_GET_/counterparties	1782723403208	1782723403374	OK	 
REQUEST		UC30_GET_/counterparties	1782723403312	1782723403473	OK	 
REQUEST		UC29_GET_/dopInfo	1782723403408	1782723403638	OK	 
REQUEST		UC31_GET_/compliance-profile/contacts	1782723403515	1782723403676	OK	 
REQUEST		UC30_GET_/counterparties	1782723403609	1782723403782	OK	 
REQUEST		UC31_GET_/compliance-profile/contacts	1782723403719	1782723403892	OK	 
REQUEST		UC32_GET_/compliance-profile	1782723403812	1782723403975	OK	 
REQUEST		UC30_GET_/counterparties	1782723403890	1782723404039	OK	 
REQUEST		UC32_GET_/compliance-profile	1782723404015	1782723404169	OK	 
REQUEST		UC31_GET_/compliance-profile/contacts	1782723404109	1782723404267	OK	 
REQUEST		UC31_GET_/compliance-profile/contacts	1782723404208	1782723404368	OK	 
REQUEST		UC31_GET_/compliance-profile/contacts	1782723404312	1782723404477	OK	 
REQUEST		UC30_GET_/counterparties	1782723404408	1782723404561	OK	 
REQUEST		UC32_GET_/compliance-profile	1782723404515	1782723404662	OK	 
REQUEST		UC31_GET_/compliance-profile/contacts	1782723404609	1782723404770	OK	 
REQUEST		UC32_GET_/compliance-profile	1782723404708	1782723404870	OK	 
REQUEST		UC33_GET_/detail	1782723404808	1782723405019	OK	 
REQUEST		UC31_GET_/compliance-profile/contacts	1782723404891	1782723405090	OK	 
REQUEST		UC33_GET_/detail	1782723405015	1782723405195	OK	 
REQUEST		UC32_GET_/compliance-profile	1782723405110	1782723405267	OK	 
REQUEST		UC32_GET_/compliance-profile	1782723405208	1782723405371	OK	 
REQUEST		UC32_GET_/compliance-profile	1782723405313	1782723405475	OK	 
REQUEST		UC31_GET_/compliance-profile/contacts	1782723405408	1782723405559	OK	 
REQUEST		UC33_GET_/detail	1782723405514	1782723405728	OK	 
REQUEST		UC32_GET_/compliance-profile	1782723405608	1782723405761	OK	 
REQUEST		UC33_GET_/detail	1782723405718	1782723405912	OK	 
REQUEST		UC34_DELETE_/alert	1782723405811	1782723406058	OK	 
REQUEST		UC32_GET_/compliance-profile	1782723405890	1782723406058	OK	 
REQUEST		UC34_DELETE_/alert	1782723406016	1782723406209	OK	 
REQUEST		UC33_GET_/detail	1782723406110	1782723406281	OK	 
REQUEST		UC33_GET_/detail	1782723406208	1782723406401	OK	 
REQUEST		UC33_GET_/detail	1782723406314	1782723406502	OK	 
REQUEST		UC32_GET_/compliance-profile	1782723406421	1782723406575	OK	 
REQUEST		UC34_DELETE_/alert	1782723406515	1782723406714	OK	 
REQUEST		UC33_GET_/detail	1782723406609	1782723406788	OK	 
REQUEST		UC34_DELETE_/alert	1782723406718	1782723406906	OK	 
REQUEST		UC35_POST_/organization	1782723406798	1782723407043	OK	 
REQUEST		UC33_GET_/detail	1782723406890	1782723407071	OK	 
REQUEST		UC35_POST_/organization	1782723407014	1782723407248	OK	 
REQUEST		UC34_DELETE_/alert	1782723407108	1782723407317	OK	 
REQUEST		UC34_DELETE_/alert	1782723407218	1782723407423	OK	 
REQUEST		UC34_DELETE_/alert	1782723407312	1782723407499	OK	 
REQUEST		UC33_GET_/detail	1782723407408	1782723407600	OK	 
REQUEST		UC35_POST_/organization	1782723407516	1782723407768	OK	 
REQUEST		UC34_DELETE_/alert	1782723407609	1782723407789	OK	 
REQUEST		UC35_POST_/organization	1782723407719	1782723407912	OK	 
REQUEST		UC36_POST_/mtb	1782723407798	1782723407987	OK	 
REQUEST		UC34_DELETE_/alert	1782723407893	1782723408097	OK	 
REQUEST		UC36_POST_/mtb	1782723408015	1782723408222	OK	 
REQUEST		UC35_POST_/organization	1782723408098	1782723408299	OK	 
REQUEST		UC35_POST_/organization	1782723408204	1782723408415	OK	 
REQUEST		UC35_POST_/organization	1782723408298	1782723408481	OK	 
REQUEST		UC34_DELETE_/alert	1782723408407	1782723408601	OK	 
REQUEST		UC36_POST_/mtb	1782723408501	1782723408695	OK	 
REQUEST		UC35_POST_/organization	1782723408598	1782723408779	OK	 
REQUEST		UC36_POST_/mtb	1782723408718	1782723408901	OK	 
REQUEST		UC37_POST_/dopInfo	1782723408812	1782723409003	OK	 
REQUEST		UC35_POST_/organization	1782723408878	1782723409060	OK	 
REQUEST		UC37_POST_/dopInfo	1782723409001	1782723409193	OK	 
REQUEST		UC36_POST_/mtb	1782723409108	1782723409310	OK	 
REQUEST		UC36_POST_/mtb	1782723409202	1782723409405	OK	 
REQUEST		UC36_POST_/mtb	1782723409298	1782723409489	OK	 
REQUEST		UC35_POST_/organization	1782723409406	1782723409610	OK	 
REQUEST		UC37_POST_/dopInfo	1782723409500	1782723409687	OK	 
REQUEST		UC36_POST_/mtb	1782723409608	1782723409796	OK	 
REQUEST		UC37_POST_/dopInfo	1782723409688	1782723409877	OK	 
REQUEST		UC38_POST_/counterparties	1782723409809	1782723410010	OK	 
REQUEST		UC36_POST_/mtb	1782723409895	1782723410075	OK	 
REQUEST		UC38_POST_/counterparties	1782723410015	1782723410196	OK	 
REQUEST		UC37_POST_/dopInfo	1782723410103	1782723410303	OK	 
REQUEST		UC37_POST_/dopInfo	1782723410202	1782723410417	OK	 
REQUEST		UC37_POST_/dopInfo	1782723410298	1782723410486	OK	 
REQUEST		UC36_POST_/mtb	1782723410406	1782723410626	OK	 
REQUEST		UC38_POST_/counterparties	1782723410500	1782723410708	OK	 
REQUEST		UC37_POST_/dopInfo	1782723410598	1782723410798	OK	 
REQUEST		UC38_POST_/counterparties	1782723410698	1782723410893	OK	 
REQUEST		UC39_POST_/contacts	1782723410812	1782723411013	OK	 
REQUEST		UC37_POST_/dopInfo	1782723410874	1782723411064	OK	 
REQUEST		UC39_POST_/contacts	1782723410983	1782723411187	OK	 
REQUEST		UC38_POST_/counterparties	1782723411078	1782723411289	OK	 
REQUEST		UC38_POST_/counterparties	1782723411178	1782723411371	OK	 
REQUEST		UC38_POST_/counterparties	1782723411281	1782723411469	OK	 
REQUEST		UC37_POST_/dopInfo	1782723411378	1782723411570	OK	 
REQUEST		UC39_POST_/contacts	1782723411484	1782723411728	OK	 
REQUEST		UC38_POST_/counterparties	1782723411578	1782723411776	OK	 
REQUEST		UC39_POST_/contacts	1782723411693	1782723411881	OK	 
REQUEST		UC40_GET_/mop2/{fflId}	1782723411780	1782723412023	OK	 
REQUEST		UC38_POST_/counterparties	1782723411874	1782723412060	OK	 
REQUEST		UC40_GET_/mop2/{fflId}	1782723411983	1782723412221	OK	 
REQUEST		UC39_POST_/contacts	1782723412078	1782723412278	OK	 
REQUEST		UC39_POST_/contacts	1782723412187	1782723412388	OK	 
REQUEST		UC39_POST_/contacts	1782723412281	1782723412482	OK	 
REQUEST		UC38_POST_/counterparties	1782723412378	1782723412574	OK	 
REQUEST		UC40_GET_/mop2/{fflId}	1782723412485	1782723412713	OK	 
REQUEST		UC39_POST_/contacts	1782723412579	1782723412775	OK	 
REQUEST		UC40_GET_/mop2/{fflId}	1782723412699	1782723412916	OK	 
REQUEST		UC41_GET_/onboarding/{fflId}	1782723412796	1782723413005	OK	 
USER	EFSFinmonWebDebug	END	1782723413011
USER	EFSFinmonWebDebug	START	1782723413017
REQUEST		UC39_POST_/contacts	1782723412874	1782723413067	OK	 
REQUEST		UC41_GET_/onboarding/{fflId}	1782723412983	1782723413172	OK	 
USER	EFSFinmonWebDebug	END	1782723413178
USER	EFSFinmonWebDebug	START	1782723413184
REQUEST		UC40_GET_/mop2/{fflId}	1782723413078	1782723413303	OK	 
REQUEST		UC40_GET_/mop2/{fflId}	1782723413187	1782723413432	OK	 
REQUEST		UC40_GET_/mop2/{fflId}	1782723413280	1782723413504	OK	 
REQUEST		UC39_POST_/contacts	1782723413378	1782723413591	OK	 
REQUEST		UC41_GET_/onboarding/{fflId}	1782723413484	1782723413692	OK	 
USER	EFSFinmonWebDebug	END	1782723413697
USER	EFSFinmonWebDebug	START	1782723413701
REQUEST		UC40_GET_/mop2/{fflId}	1782723413578	1782723413791	OK	 
REQUEST		UC41_GET_/onboarding/{fflId}	1782723413687	1782723413862	OK	 
USER	EFSFinmonWebDebug	END	1782723413867
USER	EFSFinmonWebDebug	START	1782723413872
REQUEST	LoginWeb	first_login	1782723413798	1782723414027	OK	 
REQUEST		UC40_GET_/mop2/{fflId}	1782723413876	1782723414090	OK	 
REQUEST	LoginWeb	first_login	1782723413986	1782723414226	OK	 
REQUEST		UC41_GET_/onboarding/{fflId}	1782723414080	1782723414263	OK	 
USER	EFSFinmonWebDebug	END	1782723414269
USER	EFSFinmonWebDebug	START	1782723414274
REQUEST		UC41_GET_/onboarding/{fflId}	1782723414178	1782723414371	OK	 
USER	EFSFinmonWebDebug	END	1782723414375
USER	EFSFinmonWebDebug	START	1782723414376
REQUEST		UC41_GET_/onboarding/{fflId}	1782723414284	1782723414460	OK	 
USER	EFSFinmonWebDebug	END	1782723414464
USER	EFSFinmonWebDebug	START	1782723414465
REQUEST		UC40_GET_/mop2/{fflId}	1782723414389	1782723414612	OK	 
REQUEST	LoginWeb	first_login	1782723414483	1782723414724	OK	 
REQUEST		UC41_GET_/onboarding/{fflId}	1782723414578	1782723414850	OK	 
USER	EFSFinmonWebDebug	END	1782723414855
USER	EFSFinmonWebDebug	START	1782723414855
REQUEST	LoginWeb	first_login	1782723414686	1782723414947	OK	 
REQUEST	LoginWeb	settingsLogin	1782723414796	1782723414965	OK	 
REQUEST		UC41_GET_/onboarding/{fflId}	1782723414868	1782723415055	OK	 
USER	EFSFinmonWebDebug	END	1782723415061
USER	EFSFinmonWebDebug	START	1782723415061
REQUEST	LoginWeb	settingsLogin	1782723414988	1782723415176	OK	 
REQUEST	LoginWeb	first_login	1782723415094	1782723415341	OK	 
REQUEST	LoginWeb	first_login	1782723415188	1782723415448	OK	 
REQUEST	LoginWeb	first_login	1782723415298	1782723415457	OK	 
REQUEST		UC41_GET_/onboarding/{fflId}	1782723415391	1782723415568	OK	 
USER	EFSFinmonWebDebug	END	1782723415573
USER	EFSFinmonWebDebug	START	1782723415574
REQUEST	LoginWeb	settingsLogin	1782723415488	1782723415646	OK	 
REQUEST	LoginWeb	first_login	1782723415593	1782723415774	OK	 
REQUEST	LoginWeb	settingsLogin	1782723415686	1782723415876	OK	 
REQUEST	LoginWeb	newsLogin	1782723415796	1782723415988	OK	 
REQUEST	LoginWeb	first_login	1782723415890	1782723416042	OK	 
REQUEST	LoginWeb	newsLogin	1782723416016	1782723416199	OK	 
REQUEST	LoginWeb	settingsLogin	1782723416110	1782723416299	OK	 
REQUEST	LoginWeb	settingsLogin	1782723416315	1782723416488	OK	 
REQUEST	LoginWeb	first_login	1782723416408	1782723416563	OK	 
REQUEST	LoginWeb	newsLogin	1782723416514	1782723416707	OK	 
REQUEST	LoginWeb	settingsLogin	1782723416608	1782723416811	OK	 
REQUEST	LoginWeb	newsLogin	1782723416717	1782723416941	OK	 
REQUEST	LoginWeb	preLogin	1782723416814	1782723417025	OK	 
REQUEST	LoginWeb	settingsLogin	1782723416892	1782723417063	OK	 
REQUEST	LoginWeb	preLogin	1782723417008	1782723417221	OK	 
REQUEST	LoginWeb	settingsLogin	1782723416208	1782723417275	OK	 
REQUEST	LoginWeb	newsLogin	1782723417109	1782723417297	OK	 
REQUEST	LoginWeb	newsLogin	1782723417218	1782723417415	OK	 
REQUEST	LoginWeb	settingsLogin	1782723417312	1782723417480	OK	 
REQUEST	LoginWeb	preLogin	1782723417408	1782723417599	OK	 
REQUEST	LoginWeb	newsLogin	1782723417515	1782723417690	OK	 
REQUEST	LoginWeb	preLogin	1782723417608	1782723417820	OK	 
REQUEST	LoginWeb	login	1782723417718	1782723417984	OK	 
REQUEST	LoginWeb	newsLogin	1782723417811	1782723418005	OK	 
REQUEST	LoginWeb	login	1782723417890	1782723418120	OK	 
REQUEST	LoginWeb	newsLogin	1782723418014	1782723418203	OK	 
REQUEST	LoginWeb	preLogin	1782723418109	1782723418321	OK	 
REQUEST	LoginWeb	preLogin	1782723418218	1782723418450	OK	 
REQUEST	LoginWeb	newsLogin	1782723418312	1782723418516	OK	 
REQUEST	LoginWeb	login	1782723418408	1782723418650	OK	 
REQUEST	LoginWeb	preLogin	1782723418515	1782723418743	OK	 
REQUEST	LoginWeb	login	1782723418608	1782723418865	OK	 
REQUEST	LoginWeb	preLogin	1782723418812	1782723419039	OK	 
REQUEST	LoginWeb	preLogin	1782723419015	1782723419268	OK	 
REQUEST	LoginWeb	login	1782723419109	1782723419369	OK	 
REQUEST	LoginWeb	login	1782723419218	1782723419471	OK	 
REQUEST	LoginWeb	create	1782723418702	1782723419498	OK	 
REQUEST	LoginWeb	preLogin	1782723419313	1782723419523	OK	 
REQUEST	LoginWeb	create	1782723418890	1782723419716	OK	 
REQUEST	LoginWeb	login	1782723419516	1782723419781	OK	 
REQUEST	LoginWeb	login	1782723419701	1782723419949	OK	 
REQUEST	LoginWeb	login	1782723419813	1782723420064	OK	 
REQUEST	LoginWeb	decrypt	1782723420109	1782723420192	OK	 
GROUP	LoginWeb	1782723413018	1782723420194	1946	OK
ERROR	UC01_POST_/file-upload: Failed to build request: No attribute named 'requestId' is defined 	1782723420195
ERROR	UC02_POST_/send-to-bank: Failed to build request: No attribute named 'requestId' is defined 	1782723420195
REQUEST	LoginWeb	create	1782723419408	1782723420305	OK	 
REQUEST	LoginWeb	decrypt	1782723420313	1782723420393	OK	 
GROUP	LoginWeb	1782723413184	1782723420395	1960	OK
ERROR	UC01_POST_/file-upload: Failed to build request: No attribute named 'requestId' is defined 	1782723420395
ERROR	UC02_POST_/send-to-bank: Failed to build request: No attribute named 'requestId' is defined 	1782723420396
REQUEST	LoginWeb	create	1782723419610	1782723420425	OK	 
REQUEST	LoginWeb	login	1782723420219	1782723420490	OK	 
REQUEST	LoginWeb	create	1782723419889	1782723420665	OK	 
REQUEST	LoginWeb	create	1782723420012	1782723420791	OK	 
REQUEST	LoginWeb	decrypt	1782723420798	1782723420869	OK	 
GROUP	LoginWeb	1782723413702	1782723420871	1993	OK
ERROR	UC01_POST_/file-upload: Failed to build request: No attribute named 'requestId' is defined 	1782723420871
ERROR	UC02_POST_/send-to-bank: Failed to build request: No attribute named 'requestId' is defined 	1782723420872
REQUEST	LoginWeb	decrypt	1782723421016	1782723421093	OK	 
GROUP	LoginWeb	1782723413873	1782723421095	2036	OK
ERROR	UC01_POST_/file-upload: Failed to build request: No attribute named 'requestId' is defined 	1782723421095
ERROR	UC02_POST_/send-to-bank: Failed to build request: No attribute named 'requestId' is defined 	1782723421096
REQUEST		UC03_GET_/params	1782723420735	1782723421121	OK	 
ERROR	UC04_POST_/delete-file: Failed to build request: No attribute named 'pprbId' is defined 	1782723421123
REQUEST	LoginWeb	create	1782723420408	1782723421255	OK	 
REQUEST		UC03_GET_/params	1782723420891	1782723421286	OK	 
ERROR	UC04_POST_/delete-file: Failed to build request: No attribute named 'pprbId' is defined 	1782723421289
REQUEST	LoginWeb	decrypt	1782723421208	1782723421292	OK	 
GROUP	LoginWeb	1782723414274	1782723421294	1956	OK
ERROR	UC01_POST_/file-upload: Failed to build request: No attribute named 'requestId' is defined 	1782723421294
ERROR	UC02_POST_/send-to-bank: Failed to build request: No attribute named 'requestId' is defined 	1782723421295
REQUEST	LoginWeb	create	1782723420516	1782723421336	OK	 
REQUEST	LoginWeb	decrypt	1782723421313	1782723421394	OK	 
GROUP	LoginWeb	1782723414465	1782723421396	1874	OK
ERROR	UC01_POST_/file-upload: Failed to build request: No attribute named 'requestId' is defined 	1782723421396
ERROR	UC02_POST_/send-to-bank: Failed to build request: No attribute named 'requestId' is defined 	1782723421396
REQUEST	LoginWeb	create	1782723420609	1782723421431	OK	 
REQUEST	LoginWeb	decrypt	1782723421718	1782723421797	OK	 
GROUP	LoginWeb	1782723414855	1782723421799	1978	OK
ERROR	UC01_POST_/file-upload: Failed to build request: No attribute named 'requestId' is defined 	1782723421799
ERROR	UC02_POST_/send-to-bank: Failed to build request: No attribute named 'requestId' is defined 	1782723421799
REQUEST		UC05_GET_/download/{fileid}	1782723421598	1782723421814	OK	 
ERROR	UC06_GET_/detail-with-attachments/{fflId}: Failed to build request: No attribute named 'fflId' is defined 	1782723421816
REQUEST	LoginWeb	create	1782723421110	1782723421878	OK	 
REQUEST		UC03_GET_/params	1782723421499	1782723421890	OK	 
ERROR	UC04_POST_/delete-file: Failed to build request: No attribute named 'pprbId' is defined 	1782723421893
REQUEST		UC03_GET_/params	1782723421408	1782723421965	OK	 
ERROR	UC04_POST_/delete-file: Failed to build request: No attribute named 'pprbId' is defined 	1782723421968
REQUEST		UC05_GET_/download/{fileid}	1782723421812	1782723422052	OK	 
ERROR	UC06_GET_/detail-with-attachments/{fflId}: Failed to build request: No attribute named 'fflId' is defined 	1782723422054
REQUEST	LoginWeb	decrypt	1782723422015	1782723422095	OK	 
GROUP	LoginWeb	1782723415061	1782723422098	1892	OK
ERROR	UC01_POST_/file-upload: Failed to build request: No attribute named 'requestId' is defined 	1782723422098
ERROR	UC02_POST_/send-to-bank: Failed to build request: No attribute named 'requestId' is defined 	1782723422098
REQUEST	LoginWeb	decrypt	1782723422208	1782723422294	OK	 
GROUP	LoginWeb	1782723414376	1782723422296	2928	OK
ERROR	UC01_POST_/file-upload: Failed to build request: No attribute named 'requestId' is defined 	1782723422296
ERROR	UC02_POST_/send-to-bank: Failed to build request: No attribute named 'requestId' is defined 	1782723422296
REQUEST		UC03_GET_/params	1782723421890	1782723422311	OK	 
ERROR	UC04_POST_/delete-file: Failed to build request: No attribute named 'pprbId' is defined 	1782723422312
REQUEST		UC03_GET_/params	1782723422109	1782723422513	OK	 
ERROR	UC04_POST_/delete-file: Failed to build request: No attribute named 'pprbId' is defined 	1782723422515
REQUEST	LoginWeb	decrypt	1782723422515	1782723422607	OK	 
GROUP	LoginWeb	1782723415574	1782723422609	1868	OK
ERROR	UC01_POST_/file-upload: Failed to build request: No attribute named 'requestId' is defined 	1782723422609
ERROR	UC02_POST_/send-to-bank: Failed to build request: No attribute named 'requestId' is defined 	1782723422609
REQUEST		UC07_POST_/inform-list	1782723422408	1782723422732	OK	 
REQUEST		UC03_GET_/params	1782723422327	1782723422740	OK	 
ERROR	UC04_POST_/delete-file: Failed to build request: No attribute named 'pprbId' is defined 	1782723422751
REQUEST		UC05_GET_/download/{fileid}	1782723422610	1782723422824	OK	 
ERROR	UC06_GET_/detail-with-attachments/{fflId}: Failed to build request: No attribute named 'fflId' is defined 	1782723422825
REQUEST		UC05_GET_/download/{fileid}	1782723422719	1782723422946	OK	 
ERROR	UC06_GET_/detail-with-attachments/{fflId}: Failed to build request: No attribute named 'fflId' is defined 	1782723422948
REQUEST		UC07_POST_/inform-list	1782723422813	1782723423131	OK	 
REQUEST		UC03_GET_/params	1782723422878	1782723423238	OK	 
ERROR	UC04_POST_/delete-file: Failed to build request: No attribute named 'pprbId' is defined 	1782723423240
REQUEST		UC05_GET_/download/{fileid}	1782723423098	1782723423322	OK	 
ERROR	UC06_GET_/detail-with-attachments/{fflId}: Failed to build request: No attribute named 'fflId' is defined 	1782723423324
REQUEST		UC03_GET_/params	1782723422999	1782723423384	OK	 
ERROR	UC04_POST_/delete-file: Failed to build request: No attribute named 'pprbId' is defined 	1782723423385
REQUEST		UC05_GET_/download/{fileid}	1782723423203	1782723423402	OK	 
ERROR	UC06_GET_/detail-with-attachments/{fflId}: Failed to build request: No attribute named 'fflId' is defined 	1782723423404
REQUEST		UC08_POST_/send-to-bank/{fflId}	1782723423406	1782723423605	OK	 
REQUEST		UC03_GET_/params	1782723423298	1782723423660	OK	 
ERROR	UC04_POST_/delete-file: Failed to build request: No attribute named 'pprbId' is defined 	1782723423662
REQUEST		UC05_GET_/download/{fileid}	1782723423500	1782723423711	OK	 
ERROR	UC06_GET_/detail-with-attachments/{fflId}: Failed to build request: No attribute named 'fflId' is defined 	1782723423713
REQUEST		UC07_POST_/inform-list	1782723423598	1782723423887	OK	 
REQUEST		UC08_POST_/send-to-bank/{fflId}	1782723423798	1782723424005	OK	 
REQUEST		UC07_POST_/inform-list	1782723423688	1782723424015	OK	 
REQUEST		UC05_GET_/download/{fileid}	1782723423889	1782723424097	OK	 
ERROR	UC06_GET_/detail-with-attachments/{fflId}: Failed to build request: No attribute named 'fflId' is defined 	1782723424099
REQUEST		UC07_POST_/inform-list	1782723424015	1782723424326	OK	 
REQUEST		UC05_GET_/download/{fileid}	1782723424109	1782723424355	OK	 
ERROR	UC06_GET_/detail-with-attachments/{fflId}: Failed to build request: No attribute named 'fflId' is defined 	1782723424357
REQUEST		UC07_POST_/inform-list	1782723424208	1782723424533	OK	 
REQUEST		UC09_GET_/requests-and-inform	1782723424313	1782723424575	OK	 
REQUEST		UC05_GET_/download/{fileid}	1782723424408	1782723424614	OK	 
ERROR	UC06_GET_/detail-with-attachments/{fflId}: Failed to build request: No attribute named 'fflId' is defined 	1782723424615
REQUEST		UC08_POST_/send-to-bank/{fflId}	1782723424625	1782723424823	OK	 
REQUEST		UC07_POST_/inform-list	1782723424516	1782723424839	OK	 
REQUEST		UC09_GET_/requests-and-inform	1782723424708	1782723424942	OK	 
REQUEST		UC08_POST_/send-to-bank/{fflId}	1782723424813	1782723425023	OK	 
REQUEST		UC07_POST_/inform-list	1782723424891	1782723425184	OK	 
REQUEST		UC08_POST_/send-to-bank/{fflId}	1782723425015	1782723425227	OK	 
REQUEST		UC08_POST_/send-to-bank/{fflId}	1782723425208	1782723425398	OK	 
REQUEST		UC07_POST_/inform-list	1782723425110	1782723425407	OK	 
REQUEST		UC10_POST_/mop-1-0	1782723425314	1782723425615	OK	 
REQUEST		UC07_POST_/inform-list	1782723425408	1782723425688	OK	 
REQUEST		UC09_GET_/requests-and-inform	1782723425516	1782723425772	OK	 
REQUEST		UC08_POST_/send-to-bank/{fflId}	1782723425610	1782723425829	OK	 
REQUEST		UC10_POST_/mop-1-0	1782723425708	1782723425983	OK	 
REQUEST		UC08_POST_/send-to-bank/{fflId}	1782723425891	1782723426101	OK	 
REQUEST		UC09_GET_/requests-and-inform	1782723425813	1782723426120	OK	 
REQUEST		UC09_GET_/requests-and-inform	1782723426011	1782723426270	OK	 
REQUEST		UC09_GET_/requests-and-inform	1782723426109	1782723426373	OK	 
REQUEST		UC08_POST_/send-to-bank/{fflId}	1782723426208	1782723426423	OK	 
REQUEST		UC11_POST_/online-control	1782723426313	1782723426596	OK	 
REQUEST		UC08_POST_/send-to-bank/{fflId}	1782723426408	1782723426618	OK	 
REQUEST		UC10_POST_/mop-1-0	1782723426532	1782723426818	OK	 
REQUEST		UC09_GET_/requests-and-inform	1782723426609	1782723426885	OK	 
REQUEST		UC11_POST_/online-control	1782723426708	1782723426960	OK	 
REQUEST		UC09_GET_/requests-and-inform	1782723426812	1782723427053	OK	 
REQUEST		UC10_POST_/mop-1-0	1782723426891	1782723427173	OK	 
REQUEST		UC10_POST_/mop-1-0	1782723427015	1782723427283	OK	 
REQUEST		UC10_POST_/mop-1-0	1782723427109	1782723427419	OK	 
REQUEST		UC09_GET_/requests-and-inform	1782723427218	1782723427474	OK	 
REQUEST		UC12_GET_/rehabilitation	1782723427312	1782723427623	OK	 
REQUEST		UC09_GET_/requests-and-inform	1782723427408	1782723427669	OK	 
REQUEST		UC11_POST_/online-control	1782723427515	1782723427765	OK	 
REQUEST		UC10_POST_/mop-1-0	1782723427609	1782723427922	OK	 
REQUEST		UC12_GET_/rehabilitation	1782723427718	1782723428073	OK	 
REQUEST		UC10_POST_/mop-1-0	1782723427828	1782723428094	OK	 
REQUEST		UC11_POST_/online-control	1782723427890	1782723428176	OK	 
REQUEST		UC11_POST_/online-control	1782723428015	1782723428284	OK	 
REQUEST		UC11_POST_/online-control	1782723428109	1782723428375	OK	 
REQUEST		UC13_GET_/unread-tabs	1782723428312	1782723428509	OK	 
REQUEST		UC10_POST_/mop-1-0	1782723428218	1782723428510	OK	 
REQUEST		UC10_POST_/mop-1-0	1782723428408	1782723428678	OK	 
REQUEST		UC12_GET_/rehabilitation	1782723428515	1782723428802	OK	 
REQUEST		UC11_POST_/online-control	1782723428598	1782723428879	OK	 
REQUEST		UC13_GET_/unread-tabs	1782723428718	1782723428908	OK	 
REQUEST		UC11_POST_/online-control	1782723428811	1782723429070	OK	 
REQUEST		UC12_GET_/rehabilitation	1782723428889	1782723429192	OK	 
REQUEST		UC12_GET_/rehabilitation	1782723429014	1782723429292	OK	 
REQUEST		UC14_POST_/detail	1782723429218	1782723429382	OK	 
REQUEST		UC12_GET_/rehabilitation	1782723429109	1782723429455	OK	 
REQUEST		UC11_POST_/online-control	1782723429313	1782723429603	OK	 
REQUEST		UC11_POST_/online-control	1782723429408	1782723429683	OK	 
REQUEST		UC13_GET_/unread-tabs	1782723429516	1782723429702	OK	 
REQUEST		UC14_POST_/detail	1782723429708	1782723429873	OK	 
REQUEST		UC12_GET_/rehabilitation	1782723429609	1782723429936	OK	 
REQUEST		UC13_GET_/unread-tabs	1782723429890	1782723430087	OK	 
REQUEST		UC12_GET_/rehabilitation	1782723429809	1782723430087	OK	 
REQUEST		UC13_GET_/unread-tabs	1782723430008	1782723430201	OK	 
REQUEST		UC15_POST_/callback	1782723430109	1782723430332	OK	 
REQUEST		UC13_GET_/unread-tabs	1782723430218	1782723430426	OK	 
REQUEST		UC12_GET_/rehabilitation	1782723430312	1782723430643	OK	 
REQUEST		UC14_POST_/detail	1782723430515	1782723430678	OK	 
REQUEST		UC12_GET_/rehabilitation	1782723430408	1782723430715	OK	 
REQUEST		UC15_POST_/callback	1782723430609	1782723430819	OK	 
REQUEST		UC13_GET_/unread-tabs	1782723430718	1782723430923	OK	 
REQUEST		UC14_POST_/detail	1782723430811	1782723430965	OK	 
REQUEST		UC13_GET_/unread-tabs	1782723430890	1782723431085	OK	 
REQUEST		UC14_POST_/detail	1782723431015	1782723431167	OK	 
REQUEST		UC16_PUT_/callback	1782723431109	1782723431281	OK	 
REQUEST		UC14_POST_/detail	1782723431208	1782723431366	OK	 
REQUEST		UC13_GET_/unread-tabs	1782723431308	1782723431523	OK	 
REQUEST		UC15_POST_/callback	1782723431408	1782723431617	OK	 
REQUEST		UC13_GET_/unread-tabs	1782723431515	1782723431710	OK	 
REQUEST		UC16_PUT_/callback	1782723431609	1782723431759	OK	 
REQUEST		UC14_POST_/detail	1782723431708	1782723431894	OK	 
REQUEST		UC15_POST_/callback	1782723431816	1782723432022	OK	 
REQUEST		UC14_POST_/detail	1782723431891	1782723432071	OK	 
REQUEST		UC15_POST_/callback	1782723432015	1782723432218	OK	 
REQUEST		UC17_DELETE_/callback?taskId={taskIdCB}	1782723432110	1782723432326	OK	 
REQUEST		UC15_POST_/callback	1782723432208	1782723432404	OK	 
REQUEST		UC14_POST_/detail	1782723432314	1782723432499	OK	 
REQUEST		UC16_PUT_/callback	1782723432408	1782723432563	OK	 
REQUEST		UC14_POST_/detail	1782723432514	1782723432686	OK	 
REQUEST		UC17_DELETE_/callback?taskId={taskIdCB}	1782723432608	1782723432799	OK	 
REQUEST		UC15_POST_/callback	1782723432718	1782723432956	OK	 
REQUEST		UC16_PUT_/callback	1782723432811	1782723432958	OK	 
REQUEST		UC15_POST_/callback	1782723432889	1782723433095	OK	 
REQUEST		UC16_PUT_/callback	1782723433016	1782723433169	OK	 
REQUEST		UC18_GET_/compliance-helper	1782723433110	1782723433297	OK	 
REQUEST		UC16_PUT_/callback	1782723433208	1782723433369	OK	 
REQUEST		UC15_POST_/callback	1782723433314	1782723433540	OK	 
REQUEST		UC17_DELETE_/callback?taskId={taskIdCB}	1782723433408	1782723433599	OK	 
REQUEST		UC15_POST_/callback	1782723433515	1782723433724	OK	 
REQUEST		UC18_GET_/compliance-helper	1782723433609	1782723433778	OK	 
REQUEST		UC16_PUT_/callback	1782723433718	1782723433881	OK	 
REQUEST		UC16_PUT_/callback	1782723433890	1782723434040	OK	 
REQUEST		UC17_DELETE_/callback?taskId={taskIdCB}	1782723433812	1782723434074	OK	 
REQUEST		UC17_DELETE_/callback?taskId={taskIdCB}	1782723434015	1782723434231	OK	 
REQUEST		UC19_GET_/activation	1782723434110	1782723434276	OK	 
REQUEST		UC17_DELETE_/callback?taskId={taskIdCB}	1782723434208	1782723434409	OK	 
REQUEST		UC16_PUT_/callback	1782723434308	1782723434450	OK	 
REQUEST		UC18_GET_/compliance-helper	1782723434418	1782723434580	OK	 
REQUEST		UC16_PUT_/callback	1782723434515	1782723434687	OK	 
REQUEST		UC19_GET_/activation	1782723434609	1782723434770	OK	 
REQUEST		UC17_DELETE_/callback?taskId={taskIdCB}	1782723434709	1782723434913	OK	 
REQUEST		UC17_DELETE_/callback?taskId={taskIdCB}	1782723434802	1782723434991	OK	 
REQUEST		UC18_GET_/compliance-helper	1782723434896	1782723435055	OK	 
REQUEST		UC18_GET_/compliance-helper	1782723435006	1782723435183	OK	 
REQUEST		UC20_GET_/change-tariff	1782723435098	1782723435252	OK	 
REQUEST		UC18_GET_/compliance-helper	1782723435204	1782723435366	OK	 
REQUEST		UC17_DELETE_/callback?taskId={taskIdCB}	1782723435298	1782723435520	OK	 
REQUEST		UC19_GET_/activation	1782723435408	1782723435566	OK	 
REQUEST		UC17_DELETE_/callback?taskId={taskIdCB}	1782723435501	1782723435708	OK	 
REQUEST		UC20_GET_/change-tariff	1782723435608	1782723435764	OK	 
REQUEST		UC18_GET_/compliance-helper	1782723435718	1782723435889	OK	 
REQUEST		UC18_GET_/compliance-helper	1782723435827	1782723435996	OK	 
REQUEST		UC19_GET_/activation	1782723435874	1782723436012	OK	 
REQUEST		UC19_GET_/activation	1782723435983	1782723436154	OK	 
REQUEST		UC21_GET_/user-permissions	1782723436081	1782723436245	OK	 
REQUEST		UC19_GET_/activation	1782723436187	1782723436338	OK	 
REQUEST		UC18_GET_/compliance-helper	1782723436281	1782723436437	OK	 
REQUEST		UC20_GET_/change-tariff	1782723436378	1782723436532	OK	 
REQUEST		UC18_GET_/compliance-helper	1782723436485	1782723436646	OK	 
REQUEST		UC21_GET_/user-permissions	1782723436578	1782723436733	OK	 
REQUEST		UC19_GET_/activation	1782723436702	1782723436857	OK	 
REQUEST		UC19_GET_/activation	1782723436795	1782723436955	OK	 
REQUEST		UC20_GET_/change-tariff	1782723436874	1782723437037	OK	 
REQUEST		UC20_GET_/change-tariff	1782723436983	1782723437131	OK	 
REQUEST		UC20_GET_/change-tariff	1782723437186	1782723437336	OK	 
REQUEST		UC22_GET_/print-form	1782723437078	1782723437409	OK	 
REQUEST		UC19_GET_/activation	1782723437280	1782723437428	OK	 
REQUEST		UC21_GET_/user-permissions	1782723437378	1782723437531	OK	 
REQUEST		UC19_GET_/activation	1782723437484	1782723437639	OK	 
REQUEST		UC20_GET_/change-tariff	1782723437678	1782723437824	OK	 
REQUEST		UC22_GET_/print-form	1782723437578	1782723437947	OK	 
REQUEST		UC20_GET_/change-tariff	1782723437796	1782723437952	OK	 
REQUEST		UC21_GET_/user-permissions	1782723437874	1782723438034	OK	 
REQUEST		UC21_GET_/user-permissions	1782723437983	1782723438127	OK	 
REQUEST		UC21_GET_/user-permissions	1782723438078	1782723438242	OK	 
REQUEST		UC20_GET_/change-tariff	1782723438280	1782723438435	OK	 
REQUEST		UC23_GET_/rejections	1782723438187	1782723438587	OK	 
REQUEST		UC20_GET_/change-tariff	1782723438484	1782723438641	OK	 
REQUEST		UC22_GET_/print-form	1782723438378	1782723438711	OK	 
REQUEST		UC21_GET_/user-permissions	1782723438578	1782723438726	OK	 
REQUEST		UC21_GET_/user-permissions	1782723438780	1782723438932	OK	 
REQUEST		UC23_GET_/rejections	1782723438689	1782723439038	OK	 
REQUEST		UC22_GET_/print-form	1782723438874	1782723439221	OK	 
REQUEST		UC22_GET_/print-form	1782723438983	1782723439312	OK	 
REQUEST		UC21_GET_/user-permissions	1782723439187	1782723439327	OK	 
REQUEST		UC22_GET_/print-form	1782723439078	1782723439416	OK	 
REQUEST		UC21_GET_/user-permissions	1782723439378	1782723439528	OK	 
REQUEST		UC24_GET_/rejection/{operationId}	1782723439296	1782723439588	OK	 
REQUEST		UC23_GET_/rejections	1782723439515	1782723439837	OK	 
REQUEST		UC22_GET_/print-form	1782723439598	1782723439931	OK	 
REQUEST		UC22_GET_/print-form	1782723439702	1782723440044	OK	 
REQUEST		UC24_GET_/rejection/{operationId}	1782723439799	1782723440101	OK	 
REQUEST		UC23_GET_/rejections	1782723439884	1782723440298	OK	 
REQUEST		UC22_GET_/print-form	1782723440108	1782723440417	OK	 
REQUEST		UC23_GET_/rejections	1782723440101	1782723440461	OK	 
REQUEST		UC25_GET_/active-switchers	1782723440481	1782723440665	OK	 
REQUEST		UC24_GET_/rejection/{operationId}	1782723440511	1782723440761	OK	 
REQUEST		UC22_GET_/print-form	1782723440451	1782723440826	OK	 
REQUEST		UC23_GET_/rejections	1782723440442	1782723440843	OK	 
REQUEST		UC23_GET_/rejections	1782723440792	1782723441211	OK	 
REQUEST		UC25_GET_/active-switchers	1782723441092	1782723441254	OK	 
REQUEST		UC23_GET_/rejections	1782723441065	1782723441386	OK	 
REQUEST		UC24_GET_/rejection/{operationId}	1782723441111	1782723441394	OK	 
REQUEST		UC26_GET_/system-parameters	1782723441414	1782723441602	OK	 
REQUEST		UC25_GET_/active-switchers	1782723441518	1782723441666	OK	 
REQUEST		UC24_GET_/rejection/{operationId}	1782723441411	1782723441674	OK	 
REQUEST		UC23_GET_/rejections	1782723441390	1782723441788	OK	 
REQUEST		UC24_GET_/rejection/{operationId}	1782723441735	1782723442025	OK	 
REQUEST		UC26_GET_/system-parameters	1782723441890	1782723442045	OK	 
REQUEST		UC23_GET_/rejections	1782723441714	1782723442064	OK	 
REQUEST		UC24_GET_/rejection/{operationId}	1782723441812	1782723442119	OK	 
REQUEST		UC24_GET_/rejection/{operationId}	1782723442015	1782723442270	OK	 
REQUEST		UC25_GET_/active-switchers	1782723442109	1782723442286	OK	 
REQUEST		UC27_GET_/organization	1782723442208	1782723442394	OK	 
REQUEST		UC26_GET_/system-parameters	1782723442313	1782723442482	OK	 
REQUEST		UC25_GET_/active-switchers	1782723442408	1782723442578	OK	 
REQUEST		UC25_GET_/active-switchers	1782723442599	1782723442760	OK	 
REQUEST		UC24_GET_/rejection/{operationId}	1782723442509	1782723442797	OK	 
REQUEST		UC27_GET_/organization	1782723442718	1782723442875	OK	 
REQUEST		UC25_GET_/active-switchers	1782723442890	1782723443077	OK	 
REQUEST		UC24_GET_/rejection/{operationId}	1782723442811	1782723443081	OK	 
REQUEST		UC25_GET_/active-switchers	1782723443014	1782723443173	OK	 
REQUEST		UC26_GET_/system-parameters	1782723443109	1782723443285	OK	 
REQUEST		UC28_GET_/compliance-profile/mtb	1782723443218	1782723443384	OK	 
REQUEST		UC27_GET_/organization	1782723443312	1782723443471	OK	 
REQUEST		UC26_GET_/system-parameters	1782723443408	1782723443576	OK	 
REQUEST		UC26_GET_/system-parameters	1782723443510	1782723443684	OK	 
REQUEST		UC25_GET_/active-switchers	1782723443608	1782723443767	OK	 
REQUEST		UC28_GET_/compliance-profile/mtb	1782723443718	1782723443880	OK	 
REQUEST		UC26_GET_/system-parameters	1782723443811	1782723443978	OK	 
REQUEST		UC25_GET_/active-switchers	1782723443890	1782723444067	OK	 
REQUEST		UC26_GET_/system-parameters	1782723444014	1782723444174	OK	 
REQUEST		UC27_GET_/organization	1782723444109	1782723444281	OK	 
REQUEST		UC29_GET_/dopInfo	1782723444208	1782723444367	OK	 
REQUEST		UC28_GET_/compliance-profile/mtb	1782723444313	1782723444470	OK	 
REQUEST		UC27_GET_/organization	1782723444408	1782723444591	OK	 
REQUEST		UC27_GET_/organization	1782723444516	1782723444702	OK	 
REQUEST		UC26_GET_/system-parameters	1782723444609	1782723444786	OK	 
REQUEST		UC29_GET_/dopInfo	1782723444708	1782723444882	OK	 
REQUEST		UC27_GET_/organization	1782723444798	1782723444966	OK	 
REQUEST		UC26_GET_/system-parameters	1782723444891	1782723445058	OK	 
REQUEST		UC27_GET_/organization	1782723445016	1782723445175	OK	 
REQUEST		UC28_GET_/compliance-profile/mtb	1782723445124	1782723445290	OK	 
REQUEST		UC30_GET_/counterparties	1782723445218	1782723445374	OK	 
REQUEST		UC29_GET_/dopInfo	1782723445313	1782723445474	OK	 
REQUEST		UC28_GET_/compliance-profile/mtb	1782723445408	1782723445592	OK	 
REQUEST		UC28_GET_/compliance-profile/mtb	1782723445516	1782723445694	OK	 
REQUEST		UC27_GET_/organization	1782723445610	1782723445786	OK	 
REQUEST		UC30_GET_/counterparties	1782723445718	1782723445893	OK	 
REQUEST		UC28_GET_/compliance-profile/mtb	1782723445812	1782723446004	OK	 
REQUEST		UC27_GET_/organization	1782723445890	1782723446064	OK	 
REQUEST		UC28_GET_/compliance-profile/mtb	1782723446015	1782723446169	OK	 
REQUEST		UC29_GET_/dopInfo	1782723446109	1782723446257	OK	 
REQUEST		UC31_GET_/compliance-profile/contacts	1782723446218	1782723446384	OK	 
REQUEST		UC30_GET_/counterparties	1782723446312	1782723446464	OK	 
REQUEST		UC29_GET_/dopInfo	1782723446416	1782723446585	OK	 
REQUEST		UC29_GET_/dopInfo	1782723446510	1782723446674	OK	 
REQUEST		UC28_GET_/compliance-profile/mtb	1782723446608	1782723446775	OK	 
REQUEST		UC31_GET_/compliance-profile/contacts	1782723446718	1782723446877	OK	 
REQUEST		UC29_GET_/dopInfo	1782723446811	1782723446972	OK	 
REQUEST		UC28_GET_/compliance-profile/mtb	1782723446890	1782723447061	OK	 
REQUEST		UC29_GET_/dopInfo	1782723447015	1782723447189	OK	 
REQUEST		UC30_GET_/counterparties	1782723447109	1782723447283	OK	 
REQUEST		UC32_GET_/compliance-profile	1782723447208	1782723447387	OK	 
REQUEST		UC31_GET_/compliance-profile/contacts	1782723447312	1782723447464	OK	 
REQUEST		UC30_GET_/counterparties	1782723447408	1782723447627	OK	 
REQUEST		UC30_GET_/counterparties	1782723447515	1782723447695	OK	 
REQUEST		UC29_GET_/dopInfo	1782723447609	1782723447799	OK	 
REQUEST		UC32_GET_/compliance-profile	1782723447718	1782723447890	OK	 
REQUEST		UC30_GET_/counterparties	1782723447812	1782723447988	OK	 
REQUEST		UC29_GET_/dopInfo	1782723447890	1782723448067	OK	 
REQUEST		UC30_GET_/counterparties	1782723448015	1782723448175	OK	 
REQUEST		UC31_GET_/compliance-profile/contacts	1782723448109	1782723448272	OK	 
REQUEST		UC33_GET_/detail	1782723448208	1782723448393	OK	 
REQUEST		UC32_GET_/compliance-profile	1782723448312	1782723448477	OK	 
REQUEST		UC31_GET_/compliance-profile/contacts	1782723448408	1782723448575	OK	 
REQUEST		UC31_GET_/compliance-profile/contacts	1782723448515	1782723448683	OK	 
REQUEST		UC30_GET_/counterparties	1782723448609	1782723448774	OK	 
REQUEST		UC33_GET_/detail	1782723448718	1782723448890	OK	 
REQUEST		UC31_GET_/compliance-profile/contacts	1782723448827	1782723449007	OK	 
REQUEST		UC30_GET_/counterparties	1782723448890	1782723449049	OK	 
REQUEST		UC31_GET_/compliance-profile/contacts	1782723449014	1782723449198	OK	 
REQUEST		UC32_GET_/compliance-profile	1782723449109	1782723449260	OK	 
REQUEST		UC34_DELETE_/alert	1782723449218	1782723449440	OK	 
REQUEST		UC33_GET_/detail	1782723449312	1782723449509	OK	 
REQUEST		UC32_GET_/compliance-profile	1782723449408	1782723449579	OK	 
REQUEST		UC32_GET_/compliance-profile	1782723449515	1782723449670	OK	 
REQUEST		UC31_GET_/compliance-profile/contacts	1782723449608	1782723449762	OK	 
REQUEST		UC34_DELETE_/alert	1782723449718	1782723449904	OK	 
REQUEST		UC32_GET_/compliance-profile	1782723449798	1782723449967	OK	 
REQUEST		UC31_GET_/compliance-profile/contacts	1782723449893	1782723450050	OK	 
REQUEST		UC32_GET_/compliance-profile	1782723449998	1782723450163	OK	 
REQUEST		UC33_GET_/detail	1782723450108	1782723450319	OK	 
REQUEST		UC35_POST_/organization	1782723450202	1782723450424	OK	 
REQUEST		UC34_DELETE_/alert	1782723450298	1782723450487	OK	 
REQUEST		UC33_GET_/detail	1782723450399	1782723450590	OK	 
REQUEST		UC33_GET_/detail	1782723450498	1782723450693	OK	 
REQUEST		UC32_GET_/compliance-profile	1782723450608	1782723450779	OK	 
REQUEST		UC35_POST_/organization	1782723450717	1782723450911	OK	 
REQUEST		UC33_GET_/detail	1782723450826	1782723451040	OK	 
REQUEST		UC32_GET_/compliance-profile	1782723450878	1782723451042	OK	 
REQUEST		UC33_GET_/detail	1782723450999	1782723451169	OK	 
REQUEST		UC34_DELETE_/alert	1782723451098	1782723451314	OK	 
REQUEST		UC36_POST_/mtb	1782723451202	1782723451417	OK	 
REQUEST		UC35_POST_/organization	1782723451298	1782723451493	OK	 
REQUEST		UC34_DELETE_/alert	1782723451406	1782723451592	OK	 
REQUEST		UC34_DELETE_/alert	1782723451500	1782723451702	OK	 
REQUEST		UC33_GET_/detail	1782723451598	1782723451790	OK	 
REQUEST		UC36_POST_/mtb	1782723451703	1782723451901	OK	 
REQUEST		UC34_DELETE_/alert	1782723451797	1782723452000	OK	 
REQUEST		UC33_GET_/detail	1782723451891	1782723452094	OK	 
REQUEST		UC34_DELETE_/alert	1782723452015	1782723452197	OK	 
REQUEST		UC35_POST_/organization	1782723452110	1782723452334	OK	 
REQUEST		UC37_POST_/dopInfo	1782723452208	1782723452401	OK	 
REQUEST		UC36_POST_/mtb	1782723452314	1782723452517	OK	 
REQUEST		UC35_POST_/organization	1782723452408	1782723452616	OK	 
REQUEST		UC35_POST_/organization	1782723452512	1782723452729	OK	 
REQUEST		UC34_DELETE_/alert	1782723452624	1782723452820	OK	 
REQUEST		UC37_POST_/dopInfo	1782723452702	1782723452891	OK	 
REQUEST		UC35_POST_/organization	1782723452812	1782723453034	OK	 
REQUEST		UC34_DELETE_/alert	1782723452890	1782723453103	OK	 
REQUEST		UC35_POST_/organization	1782723453015	1782723453203	OK	 
REQUEST		UC36_POST_/mtb	1782723453109	1782723453372	OK	 
REQUEST		UC38_POST_/counterparties	1782723453218	1782723453408	OK	 
REQUEST		UC37_POST_/dopInfo	1782723453312	1782723453498	OK	 
REQUEST		UC36_POST_/mtb	1782723453408	1782723453598	OK	 
REQUEST		UC36_POST_/mtb	1782723453516	1782723453723	OK	 
REQUEST		UC35_POST_/organization	1782723453609	1782723453821	OK	 
REQUEST		UC38_POST_/counterparties	1782723453718	1782723453908	OK	 
REQUEST		UC36_POST_/mtb	1782723453812	1782723454037	OK	 
REQUEST		UC35_POST_/organization	1782723453890	1782723454089	OK	 
REQUEST		UC36_POST_/mtb	1782723454015	1782723454212	OK	 
REQUEST		UC37_POST_/dopInfo	1782723454124	1782723454317	OK	 
REQUEST		UC39_POST_/contacts	1782723454217	1782723454418	OK	 
REQUEST		UC38_POST_/counterparties	1782723454312	1782723454509	OK	 
REQUEST		UC37_POST_/dopInfo	1782723454408	1782723454598	OK	 
REQUEST		UC37_POST_/dopInfo	1782723454515	1782723454710	OK	 
REQUEST		UC36_POST_/mtb	1782723454609	1782723454813	OK	 
REQUEST		UC39_POST_/contacts	1782723454718	1782723454925	OK	 
REQUEST		UC37_POST_/dopInfo	1782723454811	1782723455011	OK	 
REQUEST		UC36_POST_/mtb	1782723454890	1782723455090	OK	 
REQUEST		UC37_POST_/dopInfo	1782723455014	1782723455215	OK	 
REQUEST		UC38_POST_/counterparties	1782723455109	1782723455317	OK	 
REQUEST		UC40_GET_/mop2/{fflId}	1782723455218	1782723455491	OK	 
REQUEST		UC39_POST_/contacts	1782723455312	1782723455516	OK	 
REQUEST		UC38_POST_/counterparties	1782723455408	1782723455595	OK	 
REQUEST		UC38_POST_/counterparties	1782723455516	1782723455722	OK	 
REQUEST		UC37_POST_/dopInfo	1782723455610	1782723455813	OK	 
REQUEST		UC40_GET_/mop2/{fflId}	1782723455719	1782723455957	OK	 
REQUEST		UC38_POST_/counterparties	1782723455798	1782723455997	OK	 
REQUEST		UC37_POST_/dopInfo	1782723455891	1782723456078	OK	 
REQUEST		UC38_POST_/counterparties	1782723456016	1782723456198	OK	 
REQUEST		UC39_POST_/contacts	1782723456110	1782723456295	OK	 
REQUEST		UC41_GET_/onboarding/{fflId}	1782723456208	1782723456398	OK	 
USER	EFSFinmonWebDebug	END	1782723456403
USER	EFSFinmonWebDebug	START	1782723456403
REQUEST		UC40_GET_/mop2/{fflId}	1782723456313	1782723456532	OK	 
REQUEST		UC39_POST_/contacts	1782723456408	1782723456603	OK	 
REQUEST		UC39_POST_/contacts	1782723456516	1782723456730	OK	 
REQUEST		UC38_POST_/counterparties	1782723456609	1782723456816	OK	 
REQUEST		UC41_GET_/onboarding/{fflId}	1782723456708	1782723456902	OK	 
USER	EFSFinmonWebDebug	END	1782723456907
USER	EFSFinmonWebDebug	START	1782723456907
REQUEST		UC39_POST_/contacts	1782723456812	1782723457009	OK	 
REQUEST		UC38_POST_/counterparties	1782723456890	1782723457110	OK	 
REQUEST		UC39_POST_/contacts	1782723457015	1782723457213	OK	 
REQUEST		UC40_GET_/mop2/{fflId}	1782723457110	1782723457352	OK	 
REQUEST	LoginWeb	first_login	1782723457208	1782723457368	OK	 
REQUEST		UC41_GET_/onboarding/{fflId}	1782723457312	1782723457493	OK	 
USER	EFSFinmonWebDebug	END	1782723457500
USER	EFSFinmonWebDebug	START	1782723457500
REQUEST		UC40_GET_/mop2/{fflId}	1782723457408	1782723457638	OK	 
REQUEST		UC40_GET_/mop2/{fflId}	1782723457515	1782723457769	OK	 
REQUEST		UC39_POST_/contacts	1782723457609	1782723457816	OK	 
REQUEST	LoginWeb	first_login	1782723457702	1782723457880	OK	 
REQUEST		UC40_GET_/mop2/{fflId}	1782723457798	1782723458038	OK	 
REQUEST		UC39_POST_/contacts	1782723457890	1782723458072	OK	 
REQUEST		UC40_GET_/mop2/{fflId}	1782723458015	1782723458248	OK	 
REQUEST		UC41_GET_/onboarding/{fflId}	1782723458110	1782723458308	OK	 
USER	EFSFinmonWebDebug	END	1782723458312
USER	EFSFinmonWebDebug	START	1782723458312
REQUEST	LoginWeb	settingsLogin	1782723458208	1782723458398	OK	 
REQUEST	LoginWeb	first_login	1782723458313	1782723458479	OK	 
REQUEST		UC41_GET_/onboarding/{fflId}	1782723458408	1782723458591	OK	 
USER	EFSFinmonWebDebug	END	1782723458595
USER	EFSFinmonWebDebug	START	1782723458595
REQUEST		UC41_GET_/onboarding/{fflId}	1782723458516	1782723458700	OK	 
USER	EFSFinmonWebDebug	END	1782723458704
USER	EFSFinmonWebDebug	START	1782723458704
REQUEST		UC40_GET_/mop2/{fflId}	1782723458609	1782723458850	OK	 
REQUEST	LoginWeb	settingsLogin	1782723458708	1782723458912	OK	 
REQUEST		UC41_GET_/onboarding/{fflId}	1782723458813	1782723459006	OK	 
USER	EFSFinmonWebDebug	END	1782723459010
USER	EFSFinmonWebDebug	START	1782723459010
REQUEST		UC40_GET_/mop2/{fflId}	1782723458906	1782723459121	OK	 
REQUEST		UC41_GET_/onboarding/{fflId}	1782723459015	1782723459184	OK	 
USER	EFSFinmonWebDebug	END	1782723459188
USER	EFSFinmonWebDebug	START	1782723459188
REQUEST	LoginWeb	first_login	1782723459110	1782723459301	OK	 
REQUEST	LoginWeb	newsLogin	1782723459208	1782723459415	OK	 
REQUEST	LoginWeb	settingsLogin	1782723459314	1782723459543	OK	 
REQUEST	LoginWeb	first_login	1782723459421	1782723459572	OK	 
REQUEST	LoginWeb	first_login	1782723459515	1782723459709	OK	 
REQUEST		UC41_GET_/onboarding/{fflId}	1782723459609	1782723459787	OK	 
USER	EFSFinmonWebDebug	END	1782723459792
USER	EFSFinmonWebDebug	START	1782723459792
REQUEST	LoginWeb	newsLogin	1782723459718	1782723459945	OK	 
REQUEST	LoginWeb	first_login	1782723459821	1782723460000	OK	 
REQUEST		UC41_GET_/onboarding/{fflId}	1782723459870	1782723460068	OK	 
USER	EFSFinmonWebDebug	END	1782723460072
USER	EFSFinmonWebDebug	START	1782723460072
REQUEST	LoginWeb	settingsLogin	1782723460092	1782723460286	OK	 
REQUEST	LoginWeb	first_login	1782723459993	1782723460380	OK	 
REQUEST	LoginWeb	preLogin	1782723460188	1782723460398	OK	 
REQUEST	LoginWeb	newsLogin	1782723460296	1782723460473	OK	 
REQUEST	LoginWeb	settingsLogin	1782723460390	1782723460571	OK	 
REQUEST	LoginWeb	settingsLogin	1782723460488	1782723460686	OK	 
REQUEST	LoginWeb	first_login	1782723460594	1782723460774	OK	 
REQUEST	LoginWeb	preLogin	1782723460688	1782723460923	OK	 
REQUEST	LoginWeb	settingsLogin	1782723460781	1782723460971	OK	 
REQUEST	LoginWeb	first_login	1782723460891	1782723461056	OK	 
REQUEST	LoginWeb	newsLogin	1782723461014	1782723461214	OK	 
REQUEST	LoginWeb	settingsLogin	1782723461109	1782723461296	OK	 
REQUEST	LoginWeb	login	1782723461208	1782723461462	OK	 
REQUEST	LoginWeb	preLogin	1782723461313	1782723461523	OK	 
REQUEST	LoginWeb	newsLogin	1782723461408	1782723461606	OK	 
REQUEST	LoginWeb	newsLogin	1782723461511	1782723461703	OK	 
REQUEST	LoginWeb	settingsLogin	1782723461609	1782723461786	OK	 
REQUEST	LoginWeb	login	1782723461718	1782723461981	OK	 
REQUEST	LoginWeb	newsLogin	1782723461812	1782723462006	OK	 
REQUEST	LoginWeb	settingsLogin	1782723461890	1782723462086	OK	 
REQUEST	LoginWeb	preLogin	1782723462015	1782723462243	OK	 
REQUEST	LoginWeb	newsLogin	1782723462110	1782723462290	OK	 
REQUEST	LoginWeb	login	1782723462313	1782723462543	OK	 
REQUEST	LoginWeb	preLogin	1782723462408	1782723462644	OK	 
REQUEST	LoginWeb	preLogin	1782723462516	1782723462737	OK	 
REQUEST	LoginWeb	newsLogin	1782723462624	1782723462823	OK	 
REQUEST	LoginWeb	preLogin	1782723462811	1782723463015	OK	 
REQUEST	LoginWeb	newsLogin	1782723462890	1782723463102	OK	 
REQUEST	LoginWeb	create	1782723462208	1782723463119	OK	 
REQUEST	LoginWeb	login	1782723463014	1782723463300	OK	 
REQUEST	LoginWeb	preLogin	1782723463108	1782723463362	OK	 
REQUEST	LoginWeb	create	1782723462702	1782723463554	OK	 
REQUEST	LoginWeb	login	1782723463312	1782723463578	OK	 
REQUEST	LoginWeb	login	1782723463408	1782723463671	OK	 
REQUEST	LoginWeb	preLogin	1782723463515	1782723463730	OK	 
REQUEST	LoginWeb	login	1782723463598	1782723463847	OK	 
REQUEST	LoginWeb	decrypt	1782723463827	1782723463908	OK	 
GROUP	LoginWeb	1782723456403	1782723463910	2013	OK
ERROR	UC01_POST_/file-upload: Failed to build request: No attribute named 'requestId' is defined 	1782723463910
ERROR	UC02_POST_/send-to-bank: Failed to build request: No attribute named 'requestId' is defined 	1782723463910
REQUEST	LoginWeb	preLogin	1782723463718	1782723463925	OK	 
REQUEST	LoginWeb	create	1782723463218	1782723464053	OK	 
REQUEST	LoginWeb	decrypt	1782723464109	1782723464187	OK	 
GROUP	LoginWeb	1782723456907	1782723464189	2037	OK
ERROR	UC01_POST_/file-upload: Failed to build request: No attribute named 'requestId' is defined 	1782723464189
ERROR	UC02_POST_/send-to-bank: Failed to build request: No attribute named 'requestId' is defined 	1782723464189
REQUEST	LoginWeb	login	1782723464014	1782723464261	OK	 
REQUEST	LoginWeb	login	1782723464408	1782723464694	OK	 
REQUEST	LoginWeb	create	1782723463890	1782723464735	OK	 
REQUEST	LoginWeb	decrypt	1782723464812	1782723464885	OK	 
GROUP	LoginWeb	1782723457500	1782723464887	1920	OK
ERROR	UC01_POST_/file-upload: Failed to build request: No attribute named 'requestId' is defined 	1782723464887
ERROR	UC02_POST_/send-to-bank: Failed to build request: No attribute named 'requestId' is defined 	1782723464888
REQUEST		UC03_GET_/params	1782723464609	1782723464975	OK	 
ERROR	UC04_POST_/delete-file: Failed to build request: No attribute named 'pprbId' is defined 	1782723464977
REQUEST	LoginWeb	login	1782723464709	1782723464980	OK	 
REQUEST	LoginWeb	create	1782723464218	1782723465063	OK	 
REQUEST	LoginWeb	create	1782723464312	1782723465178	OK	 
REQUEST		UC03_GET_/params	1782723464890	1782723465276	OK	 
ERROR	UC04_POST_/delete-file: Failed to build request: No attribute named 'pprbId' is defined 	1782723465278
REQUEST	LoginWeb	decrypt	1782723465208	1782723465292	OK	 
GROUP	LoginWeb	1782723458312	1782723465293	2028	OK
ERROR	UC01_POST_/file-upload: Failed to build request: No attribute named 'requestId' is defined 	1782723465293
ERROR	UC02_POST_/send-to-bank: Failed to build request: No attribute named 'requestId' is defined 	1782723465294
REQUEST	LoginWeb	create	1782723464515	1782723465351	OK	 
REQUEST		UC05_GET_/download/{fileid}	1782723465408	1782723465674	OK	 
ERROR	UC06_GET_/detail-with-attachments/{fflId}: Failed to build request: No attribute named 'fflId' is defined 	1782723465676
REQUEST		UC03_GET_/params	1782723465312	1782723465696	OK	 
ERROR	UC04_POST_/delete-file: Failed to build request: No attribute named 'pprbId' is defined 	1782723465698
REQUEST	LoginWeb	decrypt	1782723465625	1782723465717	OK	 
GROUP	LoginWeb	1782723458595	1782723465719	1969	OK
ERROR	UC01_POST_/file-upload: Failed to build request: No attribute named 'requestId' is defined 	1782723465719
ERROR	UC02_POST_/send-to-bank: Failed to build request: No attribute named 'requestId' is defined 	1782723465720
REQUEST	LoginWeb	decrypt	1782723465703	1782723465783	OK	 
GROUP	LoginWeb	1782723458705	1782723465785	2014	OK
ERROR	UC01_POST_/file-upload: Failed to build request: No attribute named 'requestId' is defined 	1782723465785
ERROR	UC02_POST_/send-to-bank: Failed to build request: No attribute named 'requestId' is defined 	1782723465785
REQUEST	LoginWeb	create	1782723465015	1782723465812	OK	 
REQUEST	LoginWeb	create	1782723465109	1782723465935	OK	 
REQUEST		UC05_GET_/download/{fileid}	1782723465811	1782723466010	OK	 
ERROR	UC06_GET_/detail-with-attachments/{fflId}: Failed to build request: No attribute named 'fflId' is defined 	1782723466011
REQUEST	LoginWeb	decrypt	1782723466014	1782723466089	OK	 
GROUP	LoginWeb	1782723459010	1782723466091	1927	OK
ERROR	UC01_POST_/file-upload: Failed to build request: No attribute named 'requestId' is defined 	1782723466091
ERROR	UC02_POST_/send-to-bank: Failed to build request: No attribute named 'requestId' is defined 	1782723466091
REQUEST		UC03_GET_/params	1782723465889	1782723466276	OK	 
ERROR	UC04_POST_/delete-file: Failed to build request: No attribute named 'pprbId' is defined 	1782723466278
REQUEST	LoginWeb	create	1782723465500	1782723466361	OK	 
REQUEST		UC07_POST_/inform-list	1782723466109	1782723466412	OK	 
REQUEST		UC05_GET_/download/{fileid}	1782723466218	1782723466425	OK	 
ERROR	UC06_GET_/detail-with-attachments/{fflId}: Failed to build request: No attribute named 'fflId' is defined 	1782723466432
REQUEST	LoginWeb	decrypt	1782723466515	1782723466600	OK	 
GROUP	LoginWeb	1782723459188	1782723466601	2137	OK
ERROR	UC01_POST_/file-upload: Failed to build request: No attribute named 'requestId' is defined 	1782723466601
ERROR	UC02_POST_/send-to-bank: Failed to build request: No attribute named 'requestId' is defined 	1782723466601
REQUEST	LoginWeb	decrypt	1782723466624	1782723466697	OK	 
GROUP	LoginWeb	1782723459793	1782723466699	1956	OK
ERROR	UC01_POST_/file-upload: Failed to build request: No attribute named 'requestId' is defined 	1782723466699
REQUEST		UC03_GET_/params	1782723466312	1782723466698	OK	 
ERROR	UC04_POST_/delete-file: Failed to build request: No attribute named 'pprbId' is defined 	1782723466701
ERROR	UC02_POST_/send-to-bank: Failed to build request: No attribute named 'requestId' is defined 	1782723466702
REQUEST		UC03_GET_/params	1782723466408	1782723466751	OK	 
ERROR	UC04_POST_/delete-file: Failed to build request: No attribute named 'pprbId' is defined 	1782723466753
REQUEST		UC07_POST_/inform-list	1782723466703	1782723467017	OK	 
REQUEST		UC05_GET_/download/{fileid}	1782723466890	1782723467094	OK	 
ERROR	UC06_GET_/detail-with-attachments/{fflId}: Failed to build request: No attribute named 'fflId' is defined 	1782723467096
REQUEST		UC03_GET_/params	1782723466798	1782723467150	OK	 
ERROR	UC04_POST_/delete-file: Failed to build request: No attribute named 'pprbId' is defined 	1782723467151
REQUEST	LoginWeb	decrypt	1782723467015	1782723467160	OK	 
GROUP	LoginWeb	1782723460072	1782723467162	2057	OK
ERROR	UC01_POST_/file-upload: Failed to build request: No attribute named 'requestId' is defined 	1782723467162
ERROR	UC02_POST_/send-to-bank: Failed to build request: No attribute named 'requestId' is defined 	1782723467162
REQUEST		UC08_POST_/send-to-bank/{fflId}	1782723467109	1782723467307	OK	 
REQUEST		UC07_POST_/inform-list	1782723467208	1782723467521	OK	 
REQUEST		UC05_GET_/download/{fileid}	1782723467408	1782723467624	OK	 
ERROR	UC06_GET_/detail-with-attachments/{fflId}: Failed to build request: No attribute named 'fflId' is defined 	1782723467625
REQUEST		UC03_GET_/params	1782723467313	1782723467653	OK	 
ERROR	UC04_POST_/delete-file: Failed to build request: No attribute named 'pprbId' is defined 	1782723467655
REQUEST		UC05_GET_/download/{fileid}	1782723467608	1782723467802	OK	 
ERROR	UC06_GET_/detail-with-attachments/{fflId}: Failed to build request: No attribute named 'fflId' is defined 	1782723467804
REQUEST		UC03_GET_/params	1782723467514	1782723467897	OK	 
ERROR	UC04_POST_/delete-file: Failed to build request: No attribute named 'pprbId' is defined 	1782723467899
REQUEST		UC08_POST_/send-to-bank/{fflId}	1782723467717	1782723467942	OK	 
REQUEST		UC05_GET_/download/{fileid}	1782723467890	1782723468092	OK	 
ERROR	UC06_GET_/detail-with-attachments/{fflId}: Failed to build request: No attribute named 'fflId' is defined 	1782723468094
REQUEST		UC07_POST_/inform-list	1782723467798	1782723468120	OK	 
REQUEST		UC09_GET_/requests-and-inform	1782723468109	1782723468374	OK	 
REQUEST		UC08_POST_/send-to-bank/{fflId}	1782723468208	1782723468404	OK	 
REQUEST		UC03_GET_/params	1782723468015	1782723468404	OK	 
ERROR	UC04_POST_/delete-file: Failed to build request: No attribute named 'pprbId' is defined 	1782723468411
REQUEST		UC05_GET_/download/{fileid}	1782723468412	1782723468598	OK	 
ERROR	UC06_GET_/detail-with-attachments/{fflId}: Failed to build request: No attribute named 'fflId' is defined 	1782723468599
REQUEST		UC07_POST_/inform-list	1782723468313	1782723468623	OK	 
REQUEST		UC05_GET_/download/{fileid}	1782723468608	1782723468802	OK	 
ERROR	UC06_GET_/detail-with-attachments/{fflId}: Failed to build request: No attribute named 'fflId' is defined 	1782723468804
REQUEST		UC07_POST_/inform-list	1782723468515	1782723468823	OK	 
REQUEST		UC09_GET_/requests-and-inform	1782723468718	1782723468979	OK	 
REQUEST		UC07_POST_/inform-list	1782723468798	1782723469099	OK	 
REQUEST		UC08_POST_/send-to-bank/{fflId}	1782723468890	1782723469110	OK	 
REQUEST		UC10_POST_/mop-1-0	1782723469015	1782723469305	OK	 
REQUEST		UC09_GET_/requests-and-inform	1782723469109	1782723469367	OK	 
REQUEST		UC05_GET_/download/{fileid}	1782723469208	1782723469417	OK	 
ERROR	UC06_GET_/detail-with-attachments/{fflId}: Failed to build request: No attribute named 'fflId' is defined 	1782723469418
REQUEST		UC07_POST_/inform-list	1782723469313	1782723469577	OK	 
REQUEST		UC08_POST_/send-to-bank/{fflId}	1782723469408	1782723469617	OK	 
REQUEST		UC07_POST_/inform-list	1782723469514	1782723469792	OK	 
REQUEST		UC08_POST_/send-to-bank/{fflId}	1782723469608	1782723469825	OK	 
REQUEST		UC08_POST_/send-to-bank/{fflId}	1782723469808	1782723470003	OK	 
REQUEST		UC10_POST_/mop-1-0	1782723469717	1782723470015	OK	 
REQUEST		UC09_GET_/requests-and-inform	1782723469889	1782723470164	OK	 
REQUEST		UC11_POST_/online-control	1782723470040	1782723470324	OK	 
REQUEST		UC10_POST_/mop-1-0	1782723470109	1782723470394	OK	 
REQUEST		UC08_POST_/send-to-bank/{fflId}	1782723470313	1782723470503	OK	 
REQUEST		UC07_POST_/inform-list	1782723470208	1782723470504	OK	 
REQUEST		UC08_POST_/send-to-bank/{fflId}	1782723470516	1782723470711	OK	 
REQUEST		UC09_GET_/requests-and-inform	1782723470408	1782723470723	OK	 
REQUEST		UC09_GET_/requests-and-inform	1782723470608	1782723470868	OK	 
REQUEST		UC09_GET_/requests-and-inform	1782723470738	1782723470988	OK	 
REQUEST		UC11_POST_/online-control	1782723470798	1782723471079	OK	 
REQUEST		UC10_POST_/mop-1-0	1782723470890	1782723471190	OK	 
REQUEST		UC12_GET_/rehabilitation	1782723471014	1782723471318	OK	 
REQUEST		UC11_POST_/online-control	1782723471108	1782723471380	OK	 
REQUEST		UC09_GET_/requests-and-inform	1782723471218	1782723471457	OK	 
REQUEST		UC08_POST_/send-to-bank/{fflId}	1782723471311	1782723471511	OK	 
REQUEST		UC09_GET_/requests-and-inform	1782723471408	1782723471642	OK	 
REQUEST		UC10_POST_/mop-1-0	1782723471514	1782723471787	OK	 
REQUEST		UC10_POST_/mop-1-0	1782723471609	1782723471899	OK	 
REQUEST		UC10_POST_/mop-1-0	1782723471703	1782723471986	OK	 
REQUEST		UC12_GET_/rehabilitation	1782723471798	1782723472114	OK	 
REQUEST		UC11_POST_/online-control	1782723471891	1782723472172	OK	 
REQUEST		UC13_GET_/unread-tabs	1782723472016	1782723472203	OK	 
REQUEST		UC12_GET_/rehabilitation	1782723472110	1782723472435	OK	 
REQUEST		UC10_POST_/mop-1-0	1782723472219	1782723472486	OK	 
REQUEST		UC09_GET_/requests-and-inform	1782723472312	1782723472561	OK	 
REQUEST		UC10_POST_/mop-1-0	1782723472408	1782723472693	OK	 
REQUEST		UC11_POST_/online-control	1782723472516	1782723472790	OK	 
REQUEST		UC11_POST_/online-control	1782723472608	1782723472888	OK	 
REQUEST		UC11_POST_/online-control	1782723472718	1782723472994	OK	 
REQUEST		UC13_GET_/unread-tabs	1782723472827	1782723473035	OK	 
REQUEST		UC14_POST_/detail	1782723473015	1782723473193	OK	 
REQUEST		UC12_GET_/rehabilitation	1782723472890	1782723473239	OK	 
REQUEST		UC13_GET_/unread-tabs	1782723473109	1782723473301	OK	 
REQUEST		UC11_POST_/online-control	1782723473218	1782723473466	OK	 
REQUEST		UC10_POST_/mop-1-0	1782723473313	1782723473630	OK	 
REQUEST		UC11_POST_/online-control	1782723473408	1782723473688	OK	 
REQUEST		UC12_GET_/rehabilitation	1782723473516	1782723473851	OK	 
REQUEST		UC12_GET_/rehabilitation	1782723473598	1782723473921	OK	 
REQUEST		UC14_POST_/detail	1782723473812	1782723473966	OK	 
REQUEST		UC12_GET_/rehabilitation	1782723473709	1782723474032	OK	 
REQUEST		UC15_POST_/callback	1782723473890	1782723474087	OK	 
REQUEST		UC13_GET_/unread-tabs	1782723474014	1782723474199	OK	 
REQUEST		UC14_POST_/detail	1782723474109	1782723474284	OK	 
REQUEST		UC12_GET_/rehabilitation	1782723474218	1782723474497	OK	 
REQUEST		UC11_POST_/online-control	1782723474312	1782723474579	OK	 
REQUEST		UC13_GET_/unread-tabs	1782723474515	1782723474718	OK	 
REQUEST		UC12_GET_/rehabilitation	1782723474408	1782723474745	OK	 
REQUEST		UC13_GET_/unread-tabs	1782723474609	1782723474824	OK	 
REQUEST		UC15_POST_/callback	1782723474708	1782723474914	OK	 
REQUEST		UC16_PUT_/callback	1782723474878	1782723475014	OK	 
REQUEST		UC13_GET_/unread-tabs	1782723474811	1782723475014	OK	 
REQUEST		UC14_POST_/detail	1782723474999	1782723475164	OK	 
REQUEST		UC15_POST_/callback	1782723475098	1782723475296	OK	 
REQUEST		UC13_GET_/unread-tabs	1782723475203	1782723475382	OK	 
REQUEST		UC14_POST_/detail	1782723475405	1782723475583	OK	 
REQUEST		UC12_GET_/rehabilitation	1782723475302	1782723475604	OK	 
REQUEST		UC13_GET_/unread-tabs	1782723475499	1782723475688	OK	 
REQUEST		UC14_POST_/detail	1782723475608	1782723475784	OK	 
REQUEST		UC16_PUT_/callback	1782723475702	1782723475843	OK	 
REQUEST		UC17_DELETE_/callback?taskId={taskIdCB}	1782723475796	1782723476004	OK	 
REQUEST		UC14_POST_/detail	1782723475890	1782723476066	OK	 
REQUEST		UC15_POST_/callback	1782723476015	1782723476234	OK	 
REQUEST		UC16_PUT_/callback	1782723476109	1782723476269	OK	 
REQUEST		UC14_POST_/detail	1782723476218	1782723476366	OK	 
REQUEST		UC15_POST_/callback	1782723476318	1782723476527	OK	 
REQUEST		UC13_GET_/unread-tabs	1782723476408	1782723476597	OK	 
REQUEST		UC14_POST_/detail	1782723476515	1782723476679	OK	 
REQUEST		UC15_POST_/callback	1782723476609	1782723476817	OK	 
REQUEST		UC18_GET_/compliance-helper	1782723476811	1782723476975	OK	 
REQUEST		UC17_DELETE_/callback?taskId={taskIdCB}	1782723476718	1782723476983	OK	 
REQUEST		UC15_POST_/callback	1782723476888	1782723477108	OK	 
REQUEST		UC16_PUT_/callback	1782723476999	1782723477141	OK	 
REQUEST		UC17_DELETE_/callback?taskId={taskIdCB}	1782723477098	1782723477309	OK	 
REQUEST		UC15_POST_/callback	1782723477203	1782723477396	OK	 
REQUEST		UC16_PUT_/callback	1782723477298	1782723477442	OK	 
REQUEST		UC14_POST_/detail	1782723477406	1782723477574	OK	 
REQUEST		UC15_POST_/callback	1782723477498	1782723477713	OK	 
REQUEST		UC16_PUT_/callback	1782723477608	1782723477763	OK	 
REQUEST		UC19_GET_/activation	1782723477717	1782723477873	OK	 
REQUEST		UC18_GET_/compliance-helper	1782723477798	1782723477980	OK	 
REQUEST		UC16_PUT_/callback	1782723477878	1782723478030	OK	 
REQUEST		UC17_DELETE_/callback?taskId={taskIdCB}	1782723477999	1782723478202	OK	 
REQUEST		UC18_GET_/compliance-helper	1782723478098	1782723478262	OK	 
REQUEST		UC16_PUT_/callback	1782723478204	1782723478350	OK	 
REQUEST		UC17_DELETE_/callback?taskId={taskIdCB}	1782723478298	1782723478503	OK	 
REQUEST		UC15_POST_/callback	1782723478407	1782723478604	OK	 
REQUEST		UC16_PUT_/callback	1782723478515	1782723478660	OK	 
REQUEST		UC17_DELETE_/callback?taskId={taskIdCB}	1782723478608	1782723478818	OK	 
REQUEST		UC20_GET_/change-tariff	1782723478702	1782723478853	OK	 
REQUEST		UC19_GET_/activation	1782723478796	1782723478950	OK	 
REQUEST		UC17_DELETE_/callback?taskId={taskIdCB}	1782723478890	1782723479088	OK	 
REQUEST		UC18_GET_/compliance-helper	1782723479010	1782723479187	OK	 
REQUEST		UC19_GET_/activation	1782723479108	1782723479253	OK	 
REQUEST		UC17_DELETE_/callback?taskId={taskIdCB}	1782723479218	1782723479402	OK	 
REQUEST		UC18_GET_/compliance-helper	1782723479312	1782723479479	OK	 
REQUEST		UC16_PUT_/callback	1782723479408	1782723479560	OK	 
REQUEST		UC17_DELETE_/callback?taskId={taskIdCB}	1782723479515	1782723479706	OK	 
REQUEST		UC18_GET_/compliance-helper	1782723479608	1782723479770	OK	 
REQUEST		UC21_GET_/user-permissions	1782723479713	1782723479846	OK	 
REQUEST		UC20_GET_/change-tariff	1782723479798	1782723479945	OK	 
REQUEST		UC18_GET_/compliance-helper	1782723479899	1782723480071	OK	 
REQUEST		UC19_GET_/activation	1782723480021	1782723480193	OK	 
REQUEST		UC20_GET_/change-tariff	1782723480125	1782723480282	OK	 
REQUEST		UC18_GET_/compliance-helper	1782723480220	1782723480371	OK	 
REQUEST		UC19_GET_/activation	1782723480318	1782723480480	OK	 
REQUEST		UC17_DELETE_/callback?taskId={taskIdCB}	1782723480423	1782723480638	OK	 
REQUEST		UC18_GET_/compliance-helper	1782723480518	1782723480668	OK	 
REQUEST		UC19_GET_/activation	1782723480624	1782723480774	OK	 
REQUEST		UC21_GET_/user-permissions	1782723480812	1782723480960	OK	 
REQUEST		UC19_GET_/activation	1782723480890	1782723481050	OK	 
REQUEST		UC22_GET_/print-form	1782723480718	1782723481078	OK	 
REQUEST		UC20_GET_/change-tariff	1782723481015	1782723481165	OK	 
REQUEST		UC21_GET_/user-permissions	1782723481109	1782723481264	OK	 
REQUEST		UC19_GET_/activation	1782723481219	1782723481376	OK	 
REQUEST		UC20_GET_/change-tariff	1782723481312	1782723481480	OK	 
REQUEST		UC18_GET_/compliance-helper	1782723481408	1782723481575	OK	 
REQUEST		UC19_GET_/activation	1782723481515	1782723481679	OK	 
REQUEST		UC20_GET_/change-tariff	1782723481609	1782723481779	OK	 
REQUEST		UC20_GET_/change-tariff	1782723481811	1782723481982	OK	 
REQUEST		UC22_GET_/print-form	1782723481701	1782723482061	OK	 
REQUEST		UC21_GET_/user-permissions	1782723482024	1782723482175	OK	 
REQUEST		UC23_GET_/rejections	1782723481890	1782723482261	OK	 
REQUEST		UC20_GET_/change-tariff	1782723482218	1782723482386	OK	 
REQUEST		UC21_GET_/user-permissions	1782723482327	1782723482478	OK	 
REQUEST		UC22_GET_/print-form	1782723482118	1782723482542	OK	 
REQUEST		UC19_GET_/activation	1782723482421	1782723482564	OK	 
REQUEST		UC20_GET_/change-tariff	1782723482518	1782723482656	OK	 
REQUEST		UC21_GET_/user-permissions	1782723482621	1782723482776	OK	 
REQUEST		UC21_GET_/user-permissions	1782723482708	1782723482867	OK	 
REQUEST		UC22_GET_/print-form	1782723482905	1782723483217	OK	 
REQUEST		UC23_GET_/rejections	1782723482827	1782723483244	OK	 
REQUEST		UC21_GET_/user-permissions	1782723483108	1782723483256	OK	 
REQUEST		UC24_GET_/rejection/{operationId}	1782723483014	1782723483295	OK	 
REQUEST		UC22_GET_/print-form	1782723483218	1782723483528	OK	 
REQUEST		UC20_GET_/change-tariff	1782723483408	1782723483573	OK	 
REQUEST		UC21_GET_/user-permissions	1782723483516	1782723483652	OK	 
REQUEST		UC23_GET_/rejections	1782723483313	1782723483682	OK	 
REQUEST		UC22_GET_/print-form	1782723483610	1782723483981	OK	 
REQUEST		UC22_GET_/print-form	1782723483708	1782723484012	OK	 
REQUEST		UC24_GET_/rejection/{operationId}	1782723483875	1782723484149	OK	 
REQUEST		UC23_GET_/rejections	1782723483828	1782723484206	OK	 
REQUEST		UC25_GET_/active-switchers	1782723484078	1782723484253	OK	 
REQUEST		UC22_GET_/print-form	1782723483984	1782723484313	OK	 
REQUEST		UC21_GET_/user-permissions	1782723484281	1782723484420	OK	 
REQUEST		UC23_GET_/rejections	1782723484188	1782723484572	OK	 
REQUEST		UC22_GET_/print-form	1782723484378	1782723484700	OK	 
REQUEST		UC24_GET_/rejection/{operationId}	1782723484484	1782723484794	OK	 
REQUEST		UC25_GET_/active-switchers	1782723484798	1782723484956	OK	 
REQUEST		UC23_GET_/rejections	1782723484593	1782723485004	OK	 
REQUEST		UC23_GET_/rejections	1782723484688	1782723485083	OK	 
REQUEST		UC26_GET_/system-parameters	1782723484983	1782723485147	OK	 
REQUEST		UC24_GET_/rejection/{operationId}	1782723484874	1782723485154	OK	 
REQUEST		UC23_GET_/rejections	1782723485098	1782723485430	OK	 
REQUEST		UC22_GET_/print-form	1782723485188	1782723485523	OK	 
REQUEST		UC24_GET_/rejection/{operationId}	1782723485298	1782723485611	OK	 
REQUEST		UC25_GET_/active-switchers	1782723485503	1782723485656	OK	 
REQUEST		UC26_GET_/system-parameters	1782723485598	1782723485776	OK	 
REQUEST		UC23_GET_/rejections	1782723485409	1782723485833	OK	 
REQUEST		UC24_GET_/rejection/{operationId}	1782723485692	1782723485992	OK	 
REQUEST		UC27_GET_/organization	1782723485868	1782723486033	OK	 
REQUEST		UC24_GET_/rejection/{operationId}	1782723485788	1782723486082	OK	 
REQUEST		UC25_GET_/active-switchers	1782723485988	1782723486143	OK	 
REQUEST		UC24_GET_/rejection/{operationId}	1782723486093	1782723486343	OK	 
REQUEST		UC25_GET_/active-switchers	1782723486297	1782723486474	OK	 
REQUEST		UC26_GET_/system-parameters	1782723486391	1782723486581	OK	 
REQUEST		UC23_GET_/rejections	1782723486188	1782723486595	OK	 
REQUEST		UC27_GET_/organization	1782723486488	1782723486649	OK	 
REQUEST		UC25_GET_/active-switchers	1782723486686	1782723486842	OK	 
REQUEST		UC24_GET_/rejection/{operationId}	1782723486593	1782723486915	OK	 
REQUEST		UC28_GET_/compliance-profile/mtb	1782723486796	1782723486962	OK	 
REQUEST		UC25_GET_/active-switchers	1782723486890	1782723487041	OK	 
REQUEST		UC26_GET_/system-parameters	1782723487015	1782723487188	OK	 
REQUEST		UC25_GET_/active-switchers	1782723487109	1782723487277	OK	 
REQUEST		UC26_GET_/system-parameters	1782723487208	1782723487380	OK	 
REQUEST		UC27_GET_/organization	1782723487313	1782723487477	OK	 
REQUEST		UC28_GET_/compliance-profile/mtb	1782723487514	1782723487672	OK	 
REQUEST		UC24_GET_/rejection/{operationId}	1782723487408	1782723487689	OK	 
REQUEST		UC26_GET_/system-parameters	1782723487608	1782723487790	OK	 
REQUEST		UC25_GET_/active-switchers	1782723487702	1782723487860	OK	 
REQUEST		UC29_GET_/dopInfo	1782723487811	1782723487967	OK	 
REQUEST		UC26_GET_/system-parameters	1782723487890	1782723488067	OK	 
REQUEST		UC27_GET_/organization	1782723488010	1782723488181	OK	 
REQUEST		UC26_GET_/system-parameters	1782723488109	1782723488273	OK	 
REQUEST		UC27_GET_/organization	1782723488218	1782723488385	OK	 
REQUEST		UC28_GET_/compliance-profile/mtb	1782723488313	1782723488474	OK	 
REQUEST		UC29_GET_/dopInfo	1782723488408	1782723488558	OK	 
REQUEST		UC25_GET_/active-switchers	1782723488516	1782723488680	OK	 
REQUEST		UC27_GET_/organization	1782723488608	1782723488765	OK	 
REQUEST		UC26_GET_/system-parameters	1782723488718	1782723488891	OK	 
REQUEST		UC30_GET_/counterparties	1782723488811	1782723488966	OK	 
REQUEST		UC27_GET_/organization	1782723488890	1782723489051	OK	 
REQUEST		UC28_GET_/compliance-profile/mtb	1782723489014	1782723489175	OK	 
REQUEST		UC27_GET_/organization	1782723489108	1782723489255	OK	 
REQUEST		UC28_GET_/compliance-profile/mtb	1782723489218	1782723489450	OK	 
REQUEST		UC29_GET_/dopInfo	1782723489312	1782723489473	OK	 
REQUEST		UC30_GET_/counterparties	1782723489408	1782723489587	OK	 
REQUEST		UC26_GET_/system-parameters	1782723489515	1782723489671	OK	 
REQUEST		UC28_GET_/compliance-profile/mtb	1782723489608	1782723489758	OK	 
REQUEST		UC27_GET_/organization	1782723489718	1782723489913	OK	 
REQUEST		UC31_GET_/compliance-profile/contacts	1782723489822	1782723489971	OK	 
REQUEST		UC28_GET_/compliance-profile/mtb	1782723489893	1782723490064	OK	 
REQUEST		UC29_GET_/dopInfo	1782723489998	1782723490159	OK	 
REQUEST		UC28_GET_/compliance-profile/mtb	1782723490108	1782723490278	OK	 
REQUEST		UC29_GET_/dopInfo	1782723490202	1782723490373	OK	 
REQUEST		UC30_GET_/counterparties	1782723490298	1782723490457	OK	 
REQUEST		UC31_GET_/compliance-profile/contacts	1782723490406	1782723490585	OK	 
REQUEST		UC27_GET_/organization	1782723490500	1782723490677	OK	 
REQUEST		UC29_GET_/dopInfo	1782723490598	1782723490751	OK	 
REQUEST		UC28_GET_/compliance-profile/mtb	1782723490718	1782723490893	OK	 
REQUEST		UC32_GET_/compliance-profile	1782723490812	1782723490970	OK	 
REQUEST		UC29_GET_/dopInfo	1782723490878	1782723491042	OK	 
REQUEST		UC30_GET_/counterparties	1782723490999	1782723491165	OK	 
REQUEST		UC29_GET_/dopInfo	1782723491098	1782723491257	OK	 
REQUEST		UC30_GET_/counterparties	1782723491200	1782723491384	OK	 
REQUEST		UC31_GET_/compliance-profile/contacts	1782723491298	1782723491465	OK	 
REQUEST		UC32_GET_/compliance-profile	1782723491398	1782723491571	OK	 
REQUEST		UC28_GET_/compliance-profile/mtb	1782723491498	1782723491681	OK	 
REQUEST		UC30_GET_/counterparties	1782723491604	1782723491779	OK	 
REQUEST		UC29_GET_/dopInfo	1782723491698	1782723491862	OK	 
REQUEST		UC33_GET_/detail	1782723491798	1782723491991	OK	 
REQUEST		UC30_GET_/counterparties	1782723491890	1782723492060	OK	 
REQUEST		UC31_GET_/compliance-profile/contacts	1782723492015	1782723492194	OK	 
REQUEST		UC30_GET_/counterparties	1782723492108	1782723492276	OK	 
REQUEST		UC31_GET_/compliance-profile/contacts	1782723492212	1782723492378	OK	 
REQUEST		UC32_GET_/compliance-profile	1782723492308	1782723492463	OK	 
REQUEST		UC33_GET_/detail	1782723492415	1782723492611	OK	 
REQUEST		UC29_GET_/dopInfo	1782723492509	1782723492673	OK	 
REQUEST		UC31_GET_/compliance-profile/contacts	1782723492608	1782723492768	OK	 
REQUEST		UC30_GET_/counterparties	1782723492708	1782723492875	OK	 
REQUEST		UC34_DELETE_/alert	1782723492826	1782723493024	OK	 
REQUEST		UC31_GET_/compliance-profile/contacts	1782723492889	1782723493053	OK	 
REQUEST		UC32_GET_/compliance-profile	1782723493014	1782723493180	OK	 
REQUEST		UC31_GET_/compliance-profile/contacts	1782723493118	1782723493260	OK	 
REQUEST		UC32_GET_/compliance-profile	1782723493212	1782723493385	OK	 
REQUEST		UC33_GET_/detail	1782723493311	1782723493505	OK	 
REQUEST		UC34_DELETE_/alert	1782723493408	1782723493604	OK	 
REQUEST		UC30_GET_/counterparties	1782723493514	1782723493682	OK	 
REQUEST		UC32_GET_/compliance-profile	1782723493608	1782723493782	OK	 
REQUEST		UC31_GET_/compliance-profile/contacts	1782723493717	1782723493892	OK	 
REQUEST		UC35_POST_/organization	1782723493811	1782723494005	OK	 
REQUEST		UC32_GET_/compliance-profile	1782723493890	1782723494054	OK	 
REQUEST		UC33_GET_/detail	1782723494014	1782723494202	OK	 
REQUEST		UC32_GET_/compliance-profile	1782723494118	1782723494272	OK	 
REQUEST		UC33_GET_/detail	1782723494212	1782723494401	OK	 
REQUEST		UC34_DELETE_/alert	1782723494316	1782723494531	OK	 
REQUEST		UC35_POST_/organization	1782723494408	1782723494621	OK	 
REQUEST		UC31_GET_/compliance-profile/contacts	1782723494515	1782723494684	OK	 
REQUEST		UC33_GET_/detail	1782723494609	1782723494808	OK	 
REQUEST		UC32_GET_/compliance-profile	1782723494718	1782723494870	OK	 
REQUEST		UC36_POST_/mtb	1782723494812	1782723495014	OK	 
REQUEST		UC33_GET_/detail	1782723494890	1782723495087	OK	 
REQUEST		UC34_DELETE_/alert	1782723495014	1782723495204	OK	 
REQUEST		UC33_GET_/detail	1782723495108	1782723495281	OK	 
REQUEST		UC34_DELETE_/alert	1782723495217	1782723495424	OK	 
REQUEST		UC35_POST_/organization	1782723495308	1782723495525	OK	 
REQUEST		UC36_POST_/mtb	1782723495416	1782723495616	OK	 
REQUEST		UC32_GET_/compliance-profile	1782723495514	1782723495695	OK	 
REQUEST		UC34_DELETE_/alert	1782723495608	1782723495820	OK	 
REQUEST		UC33_GET_/detail	1782723495718	1782723495917	OK	 
REQUEST		UC37_POST_/dopInfo	1782723495798	1782723495996	OK	 
REQUEST		UC34_DELETE_/alert	1782723495890	1782723496079	OK	 
REQUEST		UC35_POST_/organization	1782723496015	1782723496234	OK	 
REQUEST		UC34_DELETE_/alert	1782723496109	1782723496296	OK	 
REQUEST		UC35_POST_/organization	1782723496218	1782723496446	OK	 
REQUEST		UC36_POST_/mtb	1782723496313	1782723496512	OK	 
REQUEST		UC37_POST_/dopInfo	1782723496408	1782723496616	OK	 
REQUEST		UC33_GET_/detail	1782723496509	1782723496698	OK	 
REQUEST		UC35_POST_/organization	1782723496609	1782723496833	OK	 
REQUEST		UC34_DELETE_/alert	1782723496718	1782723496937	OK	 
REQUEST		UC38_POST_/counterparties	1782723496812	1782723497031	OK	 
REQUEST		UC35_POST_/organization	1782723496891	1782723497109	OK	 
REQUEST		UC36_POST_/mtb	1782723497015	1782723497242	OK	 
REQUEST		UC35_POST_/organization	1782723497109	1782723497301	OK	 
REQUEST		UC36_POST_/mtb	1782723497218	1782723497418	OK	 
REQUEST		UC37_POST_/dopInfo	1782723497313	1782723497522	OK	 
REQUEST		UC38_POST_/counterparties	1782723497408	1782723497622	OK	 
REQUEST		UC34_DELETE_/alert	1782723497516	1782723497726	OK	 
REQUEST		UC36_POST_/mtb	1782723497608	1782723497815	OK	 
REQUEST		UC35_POST_/organization	1782723497718	1782723497906	OK	 
REQUEST		UC39_POST_/contacts	1782723497798	1782723497988	OK	 
REQUEST		UC36_POST_/mtb	1782723497889	1782723498083	OK	 
REQUEST		UC37_POST_/dopInfo	1782723498014	1782723498222	OK	 
REQUEST		UC36_POST_/mtb	1782723498124	1782723498327	OK	 
REQUEST		UC37_POST_/dopInfo	1782723498217	1782723498436	OK	 
REQUEST		UC38_POST_/counterparties	1782723498312	1782723498533	OK	 
REQUEST		UC39_POST_/contacts	1782723498408	1782723498622	OK	 
REQUEST		UC35_POST_/organization	1782723498515	1782723498728	OK	 
REQUEST		UC37_POST_/dopInfo	1782723498609	1782723498805	OK	 
REQUEST		UC36_POST_/mtb	1782723498718	1782723498937	OK	 
REQUEST		UC40_GET_/mop2/{fflId}	1782723498812	1782723499042	OK	 
REQUEST		UC37_POST_/dopInfo	1782723498890	1782723499098	OK	 
REQUEST		UC38_POST_/counterparties	1782723499015	1782723499225	OK	 
REQUEST		UC37_POST_/dopInfo	1782723499109	1782723499321	OK	 
REQUEST		UC38_POST_/counterparties	1782723499217	1782723499426	OK	 
REQUEST		UC39_POST_/contacts	1782723499312	1782723499516	OK	 
REQUEST		UC40_GET_/mop2/{fflId}	1782723499408	1782723499645	OK	 
REQUEST		UC36_POST_/mtb	1782723499515	1782723499732	OK	 
REQUEST		UC38_POST_/counterparties	1782723499609	1782723499827	OK	 
REQUEST		UC37_POST_/dopInfo	1782723499718	1782723499930	OK	 
REQUEST		UC41_GET_/onboarding/{fflId}	1782723499818	1782723500000	OK	 
USER	EFSFinmonWebDebug	END	1782723500009
USER	EFSFinmonWebDebug	START	1782723500009
REQUEST		UC38_POST_/counterparties	1782723499903	1782723500108	OK	 
REQUEST		UC39_POST_/contacts	1782723500022	1782723500238	OK	 
REQUEST		UC38_POST_/counterparties	1782723500125	1782723500318	OK	 
REQUEST		UC39_POST_/contacts	1782723500234	1782723500452	OK	 
REQUEST		UC40_GET_/mop2/{fflId}	1782723500318	1782723500559	OK	 
REQUEST		UC41_GET_/onboarding/{fflId}	1782723500423	1782723500620	OK	 
USER	EFSFinmonWebDebug	END	1782723500625
USER	EFSFinmonWebDebug	START	1782723500625
REQUEST		UC37_POST_/dopInfo	1782723500518	1782723500718	OK	 
REQUEST		UC39_POST_/contacts	1782723500626	1782723500831	OK	 
REQUEST		UC38_POST_/counterparties	1782723500720	1782723500930	OK	 
REQUEST	LoginWeb	first_login	1782723500828	1782723500994	OK	 
REQUEST		UC39_POST_/contacts	1782723500891	1782723501113	OK	 
REQUEST		UC40_GET_/mop2/{fflId}	1782723501016	1782723501259	OK	 
REQUEST		UC39_POST_/contacts	1782723501110	1782723501298	OK	 
REQUEST		UC40_GET_/mop2/{fflId}	1782723501208	1782723501441	OK	 
REQUEST		UC41_GET_/onboarding/{fflId}	1782723501312	1782723501507	OK	 
USER	EFSFinmonWebDebug	END	1782723501511
USER	EFSFinmonWebDebug	START	1782723501511
REQUEST	LoginWeb	first_login	1782723501408	1782723501563	OK	 
REQUEST		UC38_POST_/counterparties	1782723501516	1782723501724	OK	 
REQUEST		UC40_GET_/mop2/{fflId}	1782723501609	1782723501865	OK	 
REQUEST		UC39_POST_/contacts	1782723501703	1782723501903	OK	 
REQUEST	LoginWeb	settingsLogin	1782723501811	1782723501993	OK	 
REQUEST		UC40_GET_/mop2/{fflId}	1782723501890	1782723502129	OK	 
REQUEST		UC41_GET_/onboarding/{fflId}	1782723502015	1782723502215	OK	 
USER	EFSFinmonWebDebug	END	1782723502220
USER	EFSFinmonWebDebug	START	1782723502220
REQUEST		UC40_GET_/mop2/{fflId}	1782723502109	1782723502327	OK	 
REQUEST		UC41_GET_/onboarding/{fflId}	1782723502208	1782723502415	OK	 
USER	EFSFinmonWebDebug	END	1782723502420
USER	EFSFinmonWebDebug	START	1782723502421
REQUEST	LoginWeb	first_login	1782723502313	1782723502474	OK	 
REQUEST	LoginWeb	settingsLogin	1782723502408	1782723502622	OK	 
REQUEST		UC39_POST_/contacts	1782723502515	1782723502709	OK	 
REQUEST		UC41_GET_/onboarding/{fflId}	1782723502608	1782723502788	OK	 
USER	EFSFinmonWebDebug	END	1782723502793
USER	EFSFinmonWebDebug	START	1782723502793
REQUEST		UC40_GET_/mop2/{fflId}	1782723502702	1782723502938	OK	 
REQUEST	LoginWeb	newsLogin	1782723502811	1782723503009	OK	 
REQUEST		UC41_GET_/onboarding/{fflId}	1782723502890	1782723503066	OK	 
USER	EFSFinmonWebDebug	END	1782723503072
USER	EFSFinmonWebDebug	START	1782723503072
REQUEST	LoginWeb	first_login	1782723503015	1782723503195	OK	 
REQUEST		UC41_GET_/onboarding/{fflId}	1782723503110	1782723503293	OK	 
USER	EFSFinmonWebDebug	END	1782723503297
USER	EFSFinmonWebDebug	START	1782723503297
REQUEST	LoginWeb	first_login	1782723503208	1782723503388	OK	 
REQUEST	LoginWeb	settingsLogin	1782723503314	1782723503511	OK	 
REQUEST	LoginWeb	newsLogin	1782723503421	1782723503638	OK	 
REQUEST	LoginWeb	first_login	1782723503609	1782723503754	OK	 
REQUEST		UC40_GET_/mop2/{fflId}	1782723503515	1782723503766	OK	 
REQUEST		UC41_GET_/onboarding/{fflId}	1782723503718	1782723503913	OK	 
USER	EFSFinmonWebDebug	END	1782723503916
USER	EFSFinmonWebDebug	START	1782723503917
REQUEST	LoginWeb	preLogin	1782723503798	1782723504019	OK	 
REQUEST	LoginWeb	first_login	1782723503878	1782723504022	OK	 
REQUEST	LoginWeb	settingsLogin	1782723503999	1782723504185	OK	 
REQUEST	LoginWeb	first_login	1782723504098	1782723504264	OK	 
REQUEST	LoginWeb	settingsLogin	1782723504203	1782723504397	OK	 
REQUEST	LoginWeb	newsLogin	1782723504298	1782723504528	OK	 
REQUEST	LoginWeb	preLogin	1782723504407	1782723504629	OK	 
REQUEST	LoginWeb	settingsLogin	1782723504499	1782723504688	OK	 
REQUEST		UC41_GET_/onboarding/{fflId}	1782723504608	1782723504807	OK	 
USER	EFSFinmonWebDebug	END	1782723504812
USER	EFSFinmonWebDebug	START	1782723504812
REQUEST	LoginWeb	login	1782723504798	1782723505039	OK	 
REQUEST	LoginWeb	settingsLogin	1782723504889	1782723505092	OK	 
REQUEST	LoginWeb	newsLogin	1782723505015	1782723505243	OK	 
REQUEST	LoginWeb	settingsLogin	1782723505109	1782723505288	OK	 
REQUEST	LoginWeb	newsLogin	1782723505208	1782723505417	OK	 
REQUEST	LoginWeb	first_login	1782723504688	1782723505460	OK	 
REQUEST	LoginWeb	preLogin	1782723505313	1782723505550	OK	 
REQUEST	LoginWeb	login	1782723505408	1782723505671	OK	 
REQUEST	LoginWeb	newsLogin	1782723505511	1782723505709	OK	 
REQUEST	LoginWeb	first_login	1782723505609	1782723505779	OK	 
REQUEST	LoginWeb	newsLogin	1782723505798	1782723505980	OK	 
REQUEST	LoginWeb	preLogin	1782723505891	1782723506128	OK	 
REQUEST	LoginWeb	newsLogin	1782723506016	1782723506203	OK	 
REQUEST	LoginWeb	preLogin	1782723506108	1782723506334	OK	 
REQUEST	LoginWeb	settingsLogin	1782723506218	1782723506414	OK	 
REQUEST	LoginWeb	create	1782723505703	1782723506475	OK	 
REQUEST	LoginWeb	login	1782723506312	1782723506569	OK	 
REQUEST	LoginWeb	preLogin	1782723506513	1782723506742	OK	 
REQUEST	LoginWeb	settingsLogin	1782723506609	1782723506785	OK	 
REQUEST	LoginWeb	preLogin	1782723506702	1782723506938	OK	 
REQUEST	LoginWeb	login	1782723506828	1782723507095	OK	 
REQUEST	LoginWeb	preLogin	1782723506878	1782723507120	OK	 
REQUEST	LoginWeb	create	1782723506408	1782723507209	OK	 
REQUEST	LoginWeb	login	1782723506999	1782723507246	OK	 
REQUEST	LoginWeb	decrypt	1782723507202	1782723507284	OK	 
GROUP	LoginWeb	1782723500009	1782723507285	1862	OK
ERROR	UC01_POST_/file-upload: Failed to build request: No attribute named 'requestId' is defined 	1782723507286
ERROR	UC02_POST_/send-to-bank: Failed to build request: No attribute named 'requestId' is defined 	1782723507286
REQUEST	LoginWeb	newsLogin	1782723507099	1782723507307	OK	 
REQUEST	LoginWeb	login	1782723507406	1782723507677	OK	 
REQUEST	LoginWeb	newsLogin	1782723507500	1782723507695	OK	 
REQUEST	LoginWeb	login	1782723507598	1782723507858	OK	 
REQUEST	LoginWeb	decrypt	1782723507890	1782723507968	OK	 
GROUP	LoginWeb	1782723500625	1782723507969	1950	OK
ERROR	UC01_POST_/file-upload: Failed to build request: No attribute named 'requestId' is defined 	1782723507970
ERROR	UC02_POST_/send-to-bank: Failed to build request: No attribute named 'requestId' is defined 	1782723507970
REQUEST	LoginWeb	create	1782723507298	1782723508045	OK	 
REQUEST	LoginWeb	login	1782723507796	1782723508090	OK	 
REQUEST	LoginWeb	preLogin	1782723508217	1782723508435	OK	 
REQUEST		UC03_GET_/params	1782723508116	1782723508474	OK	 
ERROR	UC04_POST_/delete-file: Failed to build request: No attribute named 'pprbId' is defined 	1782723508475
REQUEST	LoginWeb	create	1782723507702	1782723508534	OK	 
REQUEST	LoginWeb	preLogin	1782723508408	1782723508622	OK	 
REQUEST	LoginWeb	decrypt	1782723508720	1782723508798	OK	 
GROUP	LoginWeb	1782723501512	1782723508800	1907	OK
ERROR	UC01_POST_/file-upload: Failed to build request: No attribute named 'requestId' is defined 	1782723508800
ERROR	UC02_POST_/send-to-bank: Failed to build request: No attribute named 'requestId' is defined 	1782723508800
REQUEST	LoginWeb	create	1782723508015	1782723508875	OK	 
REQUEST		UC03_GET_/params	1782723508609	1782723508986	OK	 
ERROR	UC04_POST_/delete-file: Failed to build request: No attribute named 'pprbId' is defined 	1782723508987
REQUEST	LoginWeb	create	1782723508312	1782723509088	OK	 
REQUEST	LoginWeb	login	1782723508890	1782723509151	OK	 
REQUEST	LoginWeb	decrypt	1782723509111	1782723509192	OK	 
GROUP	LoginWeb	1782723502220	1782723509194	2011	OK
ERROR	UC01_POST_/file-upload: Failed to build request: No attribute named 'requestId' is defined 	1782723509194
ERROR	UC02_POST_/send-to-bank: Failed to build request: No attribute named 'requestId' is defined 	1782723509194
REQUEST		UC05_GET_/download/{fileid}	1782723509015	1782723509225	OK	 
ERROR	UC06_GET_/detail-with-attachments/{fflId}: Failed to build request: No attribute named 'fflId' is defined 	1782723509227
REQUEST	LoginWeb	create	1782723508515	1782723509282	OK	 
REQUEST	LoginWeb	login	1782723509208	1782723509449	OK	 
REQUEST	LoginWeb	decrypt	1782723509408	1782723509488	OK	 
GROUP	LoginWeb	1782723502421	1782723509489	1996	OK
ERROR	UC01_POST_/file-upload: Failed to build request: No attribute named 'requestId' is defined 	1782723509489
ERROR	UC02_POST_/send-to-bank: Failed to build request: No attribute named 'requestId' is defined 	1782723509489
REQUEST	LoginWeb	create	1782723508812	1782723509673	OK	 
REQUEST	LoginWeb	decrypt	1782723509598	1782723509675	OK	 
GROUP	LoginWeb	1782723502794	1782723509681	1885	OK
ERROR	UC01_POST_/file-upload: Failed to build request: No attribute named 'requestId' is defined 	1782723509681
ERROR	UC02_POST_/send-to-bank: Failed to build request: No attribute named 'requestId' is defined 	1782723509681
REQUEST		UC03_GET_/params	1782723509312	1782723509695	OK	 
ERROR	UC04_POST_/delete-file: Failed to build request: No attribute named 'pprbId' is defined 	1782723509697
REQUEST		UC05_GET_/download/{fileid}	1782723509518	1782723509707	OK	 
ERROR	UC06_GET_/detail-with-attachments/{fflId}: Failed to build request: No attribute named 'fflId' is defined 	1782723509709
REQUEST	LoginWeb	decrypt	1782723510008	1782723510083	OK	 
GROUP	LoginWeb	1782723503073	1782723510085	1867	OK
ERROR	UC01_POST_/file-upload: Failed to build request: No attribute named 'requestId' is defined 	1782723510085
ERROR	UC02_POST_/send-to-bank: Failed to build request: No attribute named 'requestId' is defined 	1782723510085
REQUEST		UC03_GET_/params	1782723509811	1782723510128	OK	 
ERROR	UC04_POST_/delete-file: Failed to build request: No attribute named 'pprbId' is defined 	1782723510130
REQUEST		UC07_POST_/inform-list	1782723509889	1782723510174	OK	 
REQUEST	LoginWeb	decrypt	1782723510312	1782723510399	OK	 
GROUP	LoginWeb	1782723503297	1782723510400	2016	OK
ERROR	UC01_POST_/file-upload: Failed to build request: No attribute named 'requestId' is defined 	1782723510400
ERROR	UC02_POST_/send-to-bank: Failed to build request: No attribute named 'requestId' is defined 	1782723510401
REQUEST	LoginWeb	create	1782723509703	1782723510522	OK	 
REQUEST		UC03_GET_/params	1782723510218	1782723510587	OK	 
ERROR	UC04_POST_/delete-file: Failed to build request: No attribute named 'pprbId' is defined 	1782723510601
REQUEST		UC05_GET_/download/{fileid}	1782723510515	1782723510723	OK	 
ERROR	UC06_GET_/detail-with-attachments/{fflId}: Failed to build request: No attribute named 'fflId' is defined 	1782723510724
REQUEST		UC03_GET_/params	1782723510408	1782723510780	OK	 
ERROR	UC04_POST_/delete-file: Failed to build request: No attribute named 'pprbId' is defined 	1782723510781
REQUEST	LoginWeb	create	1782723510112	1782723510885	OK	 
REQUEST		UC07_POST_/inform-list	1782723510614	1782723510892	OK	 
REQUEST		UC05_GET_/download/{fileid}	1782723510810	1782723510993	OK	 
ERROR	UC06_GET_/detail-with-attachments/{fflId}: Failed to build request: No attribute named 'fflId' is defined 	1782723510995
REQUEST		UC03_GET_/params	1782723510709	1782723511049	OK	 
ERROR	UC04_POST_/delete-file: Failed to build request: No attribute named 'pprbId' is defined 	1782723511051
REQUEST		UC08_POST_/send-to-bank/{fflId}	1782723510890	1782723511084	OK	 
REQUEST	LoginWeb	decrypt	1782723511109	1782723511188	OK	 
GROUP	LoginWeb	1782723503917	1782723511190	2553	OK
ERROR	UC01_POST_/file-upload: Failed to build request: No attribute named 'requestId' is defined 	1782723511190
ERROR	UC02_POST_/send-to-bank: Failed to build request: No attribute named 'requestId' is defined 	1782723511190
REQUEST		UC03_GET_/params	1782723511014	1782723511385	OK	 
ERROR	UC04_POST_/delete-file: Failed to build request: No attribute named 'pprbId' is defined 	1782723511388
REQUEST		UC05_GET_/download/{fileid}	1782723511218	1782723511403	OK	 
ERROR	UC06_GET_/detail-with-attachments/{fflId}: Failed to build request: No attribute named 'fflId' is defined 	1782723511405
REQUEST	LoginWeb	decrypt	1782723511515	1782723511595	OK	 
GROUP	LoginWeb	1782723504812	1782723511598	1849	OK
ERROR	UC01_POST_/file-upload: Failed to build request: No attribute named 'requestId' is defined 	1782723511598
ERROR	UC02_POST_/send-to-bank: Failed to build request: No attribute named 'requestId' is defined 	1782723511599
REQUEST		UC05_GET_/download/{fileid}	1782723511408	1782723511602	OK	 
ERROR	UC06_GET_/detail-with-attachments/{fflId}: Failed to build request: No attribute named 'fflId' is defined 	1782723511603
REQUEST		UC07_POST_/inform-list	1782723511313	1782723511610	OK	 
REQUEST		UC08_POST_/send-to-bank/{fflId}	1782723511624	1782723511817	OK	 
REQUEST		UC07_POST_/inform-list	1782723511718	1782723511984	OK	 
REQUEST		UC05_GET_/download/{fileid}	1782723511812	1782723511988	OK	 
ERROR	UC06_GET_/detail-with-attachments/{fflId}: Failed to build request: No attribute named 'fflId' is defined 	1782723512012
REQUEST		UC09_GET_/requests-and-inform	1782723511889	1782723512135	OK	 
REQUEST		UC05_GET_/download/{fileid}	1782723512109	1782723512300	OK	 
ERROR	UC06_GET_/detail-with-attachments/{fflId}: Failed to build request: No attribute named 'fflId' is defined 	1782723512302
REQUEST		UC03_GET_/params	1782723512014	1782723512342	OK	 
ERROR	UC04_POST_/delete-file: Failed to build request: No attribute named 'pprbId' is defined 	1782723512344
REQUEST		UC07_POST_/inform-list	1782723512218	1782723512481	OK	 
REQUEST		UC03_GET_/params	1782723512314	1782723512679	OK	 
ERROR	UC04_POST_/delete-file: Failed to build request: No attribute named 'pprbId' is defined 	1782723512681
REQUEST		UC07_POST_/inform-list	1782723512421	1782723512701	OK	 
REQUEST		UC08_POST_/send-to-bank/{fflId}	1782723512515	1782723512712	OK	 
REQUEST		UC09_GET_/requests-and-inform	1782723512608	1782723512829	OK	 
REQUEST		UC08_POST_/send-to-bank/{fflId}	1782723512718	1782723512915	OK	 
REQUEST		UC07_POST_/inform-list	1782723512798	1782723513065	OK	 
REQUEST		UC10_POST_/mop-1-0	1782723512889	1782723513133	OK	 
REQUEST		UC05_GET_/download/{fileid}	1782723513108	1782723513283	OK	 
ERROR	UC06_GET_/detail-with-attachments/{fflId}: Failed to build request: No attribute named 'fflId' is defined 	1782723513284
REQUEST		UC07_POST_/inform-list	1782723513014	1782723513307	OK	 
REQUEST		UC08_POST_/send-to-bank/{fflId}	1782723513218	1782723513419	OK	 
REQUEST		UC05_GET_/download/{fileid}	1782723513313	1782723513530	OK	 
ERROR	UC06_GET_/detail-with-attachments/{fflId}: Failed to build request: No attribute named 'fflId' is defined 	1782723513531
REQUEST		UC08_POST_/send-to-bank/{fflId}	1782723513408	1782723513593	OK	 
REQUEST		UC09_GET_/requests-and-inform	1782723513514	1782723513766	OK	 
REQUEST		UC10_POST_/mop-1-0	1782723513609	1782723513882	OK	 
REQUEST		UC09_GET_/requests-and-inform	1782723513718	1782723513956	OK	 
REQUEST		UC08_POST_/send-to-bank/{fflId}	1782723513811	1782723514000	OK	 
REQUEST		UC11_POST_/online-control	1782723513890	1782723514132	OK	 
REQUEST		UC07_POST_/inform-list	1782723514014	1782723514300	OK	 
REQUEST		UC08_POST_/send-to-bank/{fflId}	1782723514114	1782723514330	OK	 
REQUEST		UC09_GET_/requests-and-inform	1782723514218	1782723514467	OK	 
REQUEST		UC07_POST_/inform-list	1782723514313	1782723514627	OK	 
REQUEST		UC09_GET_/requests-and-inform	1782723514408	1782723514649	OK	 
REQUEST		UC10_POST_/mop-1-0	1782723514511	1782723514862	OK	 
REQUEST		UC11_POST_/online-control	1782723514609	1782723514867	OK	 
REQUEST		UC10_POST_/mop-1-0	1782723514720	1782723514982	OK	 
REQUEST		UC09_GET_/requests-and-inform	1782723514812	1782723515080	OK	 
REQUEST		UC12_GET_/rehabilitation	1782723514878	1782723515169	OK	 
REQUEST		UC08_POST_/send-to-bank/{fflId}	1782723514999	1782723515192	OK	 
REQUEST		UC09_GET_/requests-and-inform	1782723515098	1782723515437	OK	 
REQUEST		UC10_POST_/mop-1-0	1782723515202	1782723515457	OK	 
REQUEST		UC08_POST_/send-to-bank/{fflId}	1782723515298	1782723515503	OK	 
REQUEST		UC10_POST_/mop-1-0	1782723515407	1782723515676	OK	 
REQUEST		UC11_POST_/online-control	1782723515500	1782723515761	OK	 
REQUEST		UC12_GET_/rehabilitation	1782723515588	1782723515878	OK	 
REQUEST		UC11_POST_/online-control	1782723515702	1782723516035	OK	 
REQUEST		UC13_GET_/unread-tabs	1782723515889	1782723516067	OK	 
REQUEST		UC10_POST_/mop-1-0	1782723515798	1782723516069	OK	 
REQUEST		UC09_GET_/requests-and-inform	1782723516014	1782723516256	OK	 
REQUEST		UC10_POST_/mop-1-0	1782723516108	1782723516394	OK	 
REQUEST		UC11_POST_/online-control	1782723516217	1782723516481	OK	 
REQUEST		UC09_GET_/requests-and-inform	1782723516312	1782723516590	OK	 
REQUEST		UC11_POST_/online-control	1782723516408	1782723516659	OK	 
REQUEST		UC13_GET_/unread-tabs	1782723516609	1782723516782	OK	 
REQUEST		UC12_GET_/rehabilitation	1782723516515	1782723516809	OK	 
REQUEST		UC14_POST_/detail	1782723516812	1782723516972	OK	 
REQUEST		UC12_GET_/rehabilitation	1782723516718	1782723516990	OK	 
REQUEST		UC11_POST_/online-control	1782723516890	1782723517153	OK	 
REQUEST		UC10_POST_/mop-1-0	1782723517015	1782723517283	OK	 
REQUEST		UC11_POST_/online-control	1782723517109	1782723517382	OK	 
REQUEST		UC12_GET_/rehabilitation	1782723517218	1782723517520	OK	 
REQUEST		UC10_POST_/mop-1-0	1782723517312	1782723517589	OK	 
REQUEST		UC14_POST_/detail	1782723517515	1782723517688	OK	 
REQUEST		UC12_GET_/rehabilitation	1782723517408	1782723517690	OK	 
REQUEST		UC13_GET_/unread-tabs	1782723517609	1782723517822	OK	 
REQUEST		UC15_POST_/callback	1782723517708	1782723517904	OK	 
REQUEST		UC13_GET_/unread-tabs	1782723517798	1782723517969	OK	 
REQUEST		UC12_GET_/rehabilitation	1782723517890	1782723518192	OK	 
REQUEST		UC11_POST_/online-control	1782723518015	1782723518271	OK	 
REQUEST		UC13_GET_/unread-tabs	1782723518208	1782723518392	OK	 
REQUEST		UC12_GET_/rehabilitation	1782723518109	1782723518425	OK	 
REQUEST		UC11_POST_/online-control	1782723518312	1782723518596	OK	 
REQUEST		UC15_POST_/callback	1782723518408	1782723518601	OK	 
REQUEST		UC13_GET_/unread-tabs	1782723518515	1782723518684	OK	 
REQUEST		UC14_POST_/detail	1782723518609	1782723518778	OK	 
REQUEST		UC16_PUT_/callback	1782723518703	1782723518851	OK	 
REQUEST		UC14_POST_/detail	1782723518811	1782723518968	OK	 
REQUEST		UC13_GET_/unread-tabs	1782723518889	1782723519051	OK	 
REQUEST		UC14_POST_/detail	1782723519109	1782723519254	OK	 
REQUEST		UC12_GET_/rehabilitation	1782723519014	1782723519299	OK	 
REQUEST		UC13_GET_/unread-tabs	1782723519218	1782723519418	OK	 
REQUEST		UC16_PUT_/callback	1782723519408	1782723519564	OK	 
REQUEST		UC12_GET_/rehabilitation	1782723519327	1782723519622	OK	 
REQUEST		UC14_POST_/detail	1782723519514	1782723519671	OK	 
REQUEST		UC15_POST_/callback	1782723519608	1782723519793	OK	 
REQUEST		UC17_DELETE_/callback?taskId={taskIdCB}	1782723519717	1782723519908	OK	 
REQUEST		UC15_POST_/callback	1782723519808	1782723520004	OK	 
REQUEST		UC14_POST_/detail	1782723519888	1782723520029	OK	 
REQUEST		UC15_POST_/callback	1782723520008	1782723520200	OK	 
REQUEST		UC13_GET_/unread-tabs	1782723520109	1782723520293	OK	 
REQUEST		UC14_POST_/detail	1782723520218	1782723520403	OK	 
REQUEST		UC17_DELETE_/callback?taskId={taskIdCB}	1782723520312	1782723520501	OK	 
REQUEST		UC13_GET_/unread-tabs	1782723520408	1782723520602	OK	 
REQUEST		UC15_POST_/callback	1782723520515	1782723520709	OK	 
REQUEST		UC16_PUT_/callback	1782723520608	1782723520758	OK	 
REQUEST		UC18_GET_/compliance-helper	1782723520718	1782723520869	OK	 
REQUEST		UC16_PUT_/callback	1782723520798	1782723520932	OK	 
REQUEST		UC15_POST_/callback	1782723520889	1782723521092	OK	 
REQUEST		UC16_PUT_/callback	1782723521014	1782723521159	OK	 
REQUEST		UC14_POST_/detail	1782723521109	1782723521260	OK	 
REQUEST		UC15_POST_/callback	1782723521218	1782723521421	OK	 
REQUEST		UC18_GET_/compliance-helper	1782723521313	1782723521477	OK	 
REQUEST		UC14_POST_/detail	1782723521412	1782723521588	OK	 
REQUEST		UC16_PUT_/callback	1782723521516	1782723521661	OK	 
REQUEST		UC17_DELETE_/callback?taskId={taskIdCB}	1782723521609	1782723521806	OK	 
REQUEST		UC19_GET_/activation	1782723521708	1782723521853	OK	 
REQUEST		UC17_DELETE_/callback?taskId={taskIdCB}	1782723521798	1782723522005	OK	 
REQUEST		UC16_PUT_/callback	1782723521890	1782723522031	OK	 
REQUEST		UC17_DELETE_/callback?taskId={taskIdCB}	1782723522015	1782723522219	OK	 
REQUEST		UC15_POST_/callback	1782723522109	1782723522312	OK	 
REQUEST		UC16_PUT_/callback	1782723522218	1782723522375	OK	 
REQUEST		UC19_GET_/activation	1782723522313	1782723522473	OK	 
REQUEST		UC15_POST_/callback	1782723522408	1782723522605	OK	 
REQUEST		UC17_DELETE_/callback?taskId={taskIdCB}	1782723522515	1782723522708	OK	 
REQUEST		UC18_GET_/compliance-helper	1782723522609	1782723522777	OK	 
REQUEST		UC20_GET_/change-tariff	1782723522718	1782723522858	OK	 
REQUEST		UC18_GET_/compliance-helper	1782723522812	1782723522958	OK	 
REQUEST		UC17_DELETE_/callback?taskId={taskIdCB}	1782723522890	1782723523092	OK	 
REQUEST		UC18_GET_/compliance-helper	1782723523009	1782723523168	OK	 
REQUEST		UC16_PUT_/callback	1782723523109	1782723523256	OK	 
REQUEST		UC17_DELETE_/callback?taskId={taskIdCB}	1782723523218	1782723523425	OK	 
REQUEST		UC20_GET_/change-tariff	1782723523313	1782723523471	OK	 
REQUEST		UC16_PUT_/callback	1782723523408	1782723523597	OK	 
REQUEST		UC18_GET_/compliance-helper	1782723523516	1782723523679	OK	 
REQUEST		UC19_GET_/activation	1782723523609	1782723523752	OK	 
REQUEST		UC21_GET_/user-permissions	1782723523708	1782723523846	OK	 
REQUEST		UC19_GET_/activation	1782723523828	1782723523999	OK	 
REQUEST		UC18_GET_/compliance-helper	1782723523891	1782723524043	OK	 
REQUEST		UC19_GET_/activation	1782723524016	1782723524158	OK	 
REQUEST		UC17_DELETE_/callback?taskId={taskIdCB}	1782723524109	1782723524306	OK	 
REQUEST		UC18_GET_/compliance-helper	1782723524218	1782723524379	OK	 
REQUEST		UC21_GET_/user-permissions	1782723524313	1782723524460	OK	 
REQUEST		UC17_DELETE_/callback?taskId={taskIdCB}	1782723524408	1782723524619	OK	 
REQUEST		UC19_GET_/activation	1782723524516	1782723524660	OK	 
REQUEST		UC20_GET_/change-tariff	1782723524624	1782723524780	OK	 
REQUEST		UC20_GET_/change-tariff	1782723524811	1782723524977	OK	 
REQUEST		UC22_GET_/print-form	1782723524717	1782723525026	OK	 
REQUEST		UC19_GET_/activation	1782723524890	1782723525042	OK	 
REQUEST		UC20_GET_/change-tariff	1782723525014	1782723525166	OK	 
REQUEST		UC18_GET_/compliance-helper	1782723525109	1782723525263	OK	 
REQUEST		UC19_GET_/activation	1782723525218	1782723525393	OK	 
REQUEST		UC18_GET_/compliance-helper	1782723525408	1782723525582	OK	 
REQUEST		UC20_GET_/change-tariff	1782723525515	1782723525660	OK	 
REQUEST		UC22_GET_/print-form	1782723525312	1782723525666	OK	 
REQUEST		UC21_GET_/user-permissions	1782723525609	1782723525758	OK	 
REQUEST		UC21_GET_/user-permissions	1782723525708	1782723525856	OK	 
REQUEST		UC20_GET_/change-tariff	1782723525888	1782723526050	OK	 
REQUEST		UC23_GET_/rejections	1782723525808	1782723526161	OK	 
REQUEST		UC21_GET_/user-permissions	1782723526011	1782723526173	OK	 
REQUEST		UC19_GET_/activation	1782723526108	1782723526263	OK	 
REQUEST		UC20_GET_/change-tariff	1782723526219	1782723526393	OK	 
REQUEST		UC19_GET_/activation	1782723526313	1782723526483	OK	 
REQUEST		UC21_GET_/user-permissions	1782723526408	1782723526549	OK	 
REQUEST		UC23_GET_/rejections	1782723526500	1782723526847	OK	 
REQUEST		UC22_GET_/print-form	1782723526610	1782723526940	OK	 
REQUEST		UC21_GET_/user-permissions	1782723526812	1782723526963	OK	 
REQUEST		UC22_GET_/print-form	1782723526709	1782723527035	OK	 
REQUEST		UC24_GET_/rejection/{operationId}	1782723526890	1782723527180	OK	 
REQUEST		UC20_GET_/change-tariff	1782723527109	1782723527254	OK	 
REQUEST		UC21_GET_/user-permissions	1782723527208	1782723527369	OK	 
REQUEST		UC22_GET_/print-form	1782723527015	1782723527371	OK	 
REQUEST		UC20_GET_/change-tariff	1782723527313	1782723527484	OK	 
REQUEST		UC22_GET_/print-form	1782723527408	1782723527744	OK	 
REQUEST		UC24_GET_/rejection/{operationId}	1782723527516	1782723527777	OK	 
REQUEST		UC23_GET_/rejections	1782723527598	1782723527988	OK	 
REQUEST		UC22_GET_/print-form	1782723527703	1782723528008	OK	 
REQUEST		UC25_GET_/active-switchers	1782723527892	1782723528057	OK	 
REQUEST		UC23_GET_/rejections	1782723527812	1782723528136	OK	 
REQUEST		UC21_GET_/user-permissions	1782723528018	1782723528167	OK	 
REQUEST		UC22_GET_/print-form	1782723528127	1782723528473	OK	 
REQUEST		UC21_GET_/user-permissions	1782723528327	1782723528476	OK	 
REQUEST		UC23_GET_/rejections	1782723528221	1782723528548	OK	 
REQUEST		UC25_GET_/active-switchers	1782723528514	1782723528662	OK	 
REQUEST		UC23_GET_/rejections	1782723528408	1782723528759	OK	 
REQUEST		UC24_GET_/rejection/{operationId}	1782723528608	1782723528899	OK	 
REQUEST		UC26_GET_/system-parameters	1782723528811	1782723528992	OK	 
REQUEST		UC23_GET_/rejections	1782723528718	1782723529062	OK	 
REQUEST		UC24_GET_/rejection/{operationId}	1782723528906	1782723529156	OK	 
REQUEST		UC22_GET_/print-form	1782723529015	1782723529370	OK	 
REQUEST		UC23_GET_/rejections	1782723529109	1782723529517	OK	 
REQUEST		UC24_GET_/rejection/{operationId}	1782723529313	1782723529558	OK	 
REQUEST		UC26_GET_/system-parameters	1782723529408	1782723529562	OK	 
REQUEST		UC22_GET_/print-form	1782723529208	1782723529559	OK	 
REQUEST		UC25_GET_/active-switchers	1782723529628	1782723529784	OK	 
REQUEST		UC24_GET_/rejection/{operationId}	1782723529514	1782723529790	OK	 
REQUEST		UC27_GET_/organization	1782723529728	1782723529885	OK	 
REQUEST		UC25_GET_/active-switchers	1782723529871	1782723530037	OK	 
REQUEST		UC24_GET_/rejection/{operationId}	1782723529836	1782723530093	OK	 
REQUEST		UC23_GET_/rejections	1782723529988	1782723530335	OK	 
REQUEST		UC25_GET_/active-switchers	1782723530188	1782723530374	OK	 
REQUEST		UC24_GET_/rejection/{operationId}	1782723530090	1782723530373	OK	 
REQUEST		UC27_GET_/organization	1782723530297	1782723530465	OK	 
REQUEST		UC26_GET_/system-parameters	1782723530498	1782723530683	OK	 
REQUEST		UC25_GET_/active-switchers	1782723530592	1782723530774	OK	 
REQUEST		UC23_GET_/rejections	1782723530406	1782723530809	OK	 
REQUEST		UC28_GET_/compliance-profile/mtb	1782723530688	1782723530854	OK	 
REQUEST		UC26_GET_/system-parameters	1782723530780	1782723530957	OK	 
REQUEST		UC25_GET_/active-switchers	1782723530890	1782723531054	OK	 
REQUEST		UC26_GET_/system-parameters	1782723531109	1782723531262	OK	 
REQUEST		UC24_GET_/rejection/{operationId}	1782723531015	1782723531268	OK	 
REQUEST		UC25_GET_/active-switchers	1782723531208	1782723531405	OK	 
REQUEST		UC28_GET_/compliance-profile/mtb	1782723531313	1782723531480	OK	 
REQUEST		UC27_GET_/organization	1782723531408	1782723531577	OK	 
REQUEST		UC26_GET_/system-parameters	1782723531515	1782723531674	OK	 
REQUEST		UC29_GET_/dopInfo	1782723531708	1782723531876	OK	 
REQUEST		UC24_GET_/rejection/{operationId}	1782723531609	1782723531878	OK	 
REQUEST		UC27_GET_/organization	1782723531812	1782723531970	OK	 
REQUEST		UC26_GET_/system-parameters	1782723531891	1782723532051	OK	 
REQUEST		UC27_GET_/organization	1782723532011	1782723532176	OK	 
REQUEST		UC25_GET_/active-switchers	1782723532110	1782723532273	OK	 
REQUEST		UC26_GET_/system-parameters	1782723532208	1782723532382	OK	 
REQUEST		UC29_GET_/dopInfo	1782723532313	1782723532472	OK	 
REQUEST		UC28_GET_/compliance-profile/mtb	1782723532408	1782723532563	OK	 
REQUEST		UC27_GET_/organization	1782723532516	1782723532698	OK	 
REQUEST		UC30_GET_/counterparties	1782723532608	1782723532773	OK	 
REQUEST		UC25_GET_/active-switchers	1782723532718	1782723532901	OK	 
REQUEST		UC28_GET_/compliance-profile/mtb	1782723532811	1782723532975	OK	 
REQUEST		UC27_GET_/organization	1782723532890	1782723533051	OK	 
REQUEST		UC28_GET_/compliance-profile/mtb	1782723533015	1782723533177	OK	 
REQUEST		UC26_GET_/system-parameters	1782723533108	1782723533279	OK	 
REQUEST		UC27_GET_/organization	1782723533218	1782723533391	OK	 
REQUEST		UC30_GET_/counterparties	1782723533312	1782723533467	OK	 
REQUEST		UC29_GET_/dopInfo	1782723533408	1782723533579	OK	 
REQUEST		UC28_GET_/compliance-profile/mtb	1782723533515	1782723533668	OK	 
REQUEST		UC31_GET_/compliance-profile/contacts	1782723533624	1782723533782	OK	 
REQUEST		UC26_GET_/system-parameters	1782723533702	1782723533893	OK	 
REQUEST		UC29_GET_/dopInfo	1782723533812	1782723533977	OK	 
REQUEST		UC28_GET_/compliance-profile/mtb	1782723533890	1782723534047	OK	 
REQUEST		UC29_GET_/dopInfo	1782723534015	1782723534176	OK	 
REQUEST		UC27_GET_/organization	1782723534109	1782723534272	OK	 
REQUEST		UC28_GET_/compliance-profile/mtb	1782723534218	1782723534389	OK	 
REQUEST		UC31_GET_/compliance-profile/contacts	1782723534312	1782723534473	OK	 
REQUEST		UC30_GET_/counterparties	1782723534408	1782723534574	OK	 
REQUEST		UC29_GET_/dopInfo	1782723534515	1782723534689	OK	 
REQUEST		UC32_GET_/compliance-profile	1782723534609	1782723534820	OK	 
REQUEST		UC27_GET_/organization	1782723534718	1782723534903	OK	 
REQUEST		UC30_GET_/counterparties	1782723534812	1782723534981	OK	 
REQUEST		UC29_GET_/dopInfo	1782723534890	1782723535056	OK	 
REQUEST		UC30_GET_/counterparties	1782723535015	1782723535172	OK	 
REQUEST		UC28_GET_/compliance-profile/mtb	1782723535110	1782723535266	OK	 
REQUEST		UC29_GET_/dopInfo	1782723535218	1782723535381	OK	 
REQUEST		UC32_GET_/compliance-profile	1782723535313	1782723535459	OK	 
REQUEST		UC31_GET_/compliance-profile/contacts	1782723535408	1782723535563	OK	 
REQUEST		UC30_GET_/counterparties	1782723535516	1782723535685	OK	 
REQUEST		UC33_GET_/detail	1782723535610	1782723535792	OK	 
REQUEST		UC28_GET_/compliance-profile/mtb	1782723535703	1782723535860	OK	 
REQUEST		UC31_GET_/compliance-profile/contacts	1782723535798	1782723535944	OK	 
REQUEST		UC30_GET_/counterparties	1782723535890	1782723536057	OK	 
REQUEST		UC31_GET_/compliance-profile/contacts	1782723536015	1782723536164	OK	 
REQUEST		UC29_GET_/dopInfo	1782723536109	1782723536266	OK	 
REQUEST		UC30_GET_/counterparties	1782723536208	1782723536368	OK	 
REQUEST		UC33_GET_/detail	1782723536314	1782723536482	OK	 
REQUEST		UC32_GET_/compliance-profile	1782723536408	1782723536569	OK	 
REQUEST		UC31_GET_/compliance-profile/contacts	1782723536513	1782723536684	OK	 
REQUEST		UC34_DELETE_/alert	1782723536608	1782723536812	OK	 
REQUEST		UC29_GET_/dopInfo	1782723536716	1782723536881	OK	 
REQUEST		UC32_GET_/compliance-profile	1782723536811	1782723536974	OK	 
REQUEST		UC31_GET_/compliance-profile/contacts	1782723536889	1782723537038	OK	 
REQUEST		UC32_GET_/compliance-profile	1782723537014	1782723537159	OK	 
REQUEST		UC30_GET_/counterparties	1782723537108	1782723537249	OK	 
REQUEST		UC31_GET_/compliance-profile/contacts	1782723537218	1782723537378	OK	 
REQUEST		UC34_DELETE_/alert	1782723537308	1782723537505	OK	 
REQUEST		UC33_GET_/detail	1782723537408	1782723537608	OK	 
REQUEST		UC32_GET_/compliance-profile	1782723537515	1782723537674	OK	 
REQUEST		UC35_POST_/organization	1782723537609	1782723537810	OK	 
REQUEST		UC30_GET_/counterparties	1782723537718	1782723537873	OK	 
REQUEST		UC33_GET_/detail	1782723537812	1782723537993	OK	 
REQUEST		UC32_GET_/compliance-profile	1782723537890	1782723538043	OK	 
REQUEST		UC33_GET_/detail	1782723538015	1782723538215	OK	 
REQUEST		UC31_GET_/compliance-profile/contacts	1782723538109	1782723538268	OK	 
REQUEST		UC32_GET_/compliance-profile	1782723538208	1782723538361	OK	 
REQUEST		UC35_POST_/organization	1782723538313	1782723538510	OK	 
REQUEST		UC34_DELETE_/alert	1782723538408	1782723538612	OK	 
REQUEST		UC33_GET_/detail	1782723538515	1782723538691	OK	 
REQUEST		UC36_POST_/mtb	1782723538609	1782723538819	OK	 
REQUEST		UC31_GET_/compliance-profile/contacts	1782723538709	1782723538875	OK	 
REQUEST		UC34_DELETE_/alert	1782723538812	1782723538996	OK	 
REQUEST		UC33_GET_/detail	1782723538891	1782723539063	OK	 
REQUEST		UC34_DELETE_/alert	1782723539015	1782723539213	OK	 
REQUEST		UC32_GET_/compliance-profile	1782723539110	1782723539266	OK	 
REQUEST		UC33_GET_/detail	1782723539208	1782723539413	OK	 
REQUEST		UC36_POST_/mtb	1782723539313	1782723539543	OK	 
REQUEST		UC35_POST_/organization	1782723539408	1782723539641	OK	 
REQUEST		UC34_DELETE_/alert	1782723539514	1782723539718	OK	 
REQUEST		UC37_POST_/dopInfo	1782723539608	1782723539800	OK	 
REQUEST		UC32_GET_/compliance-profile	1782723539717	1782723539879	OK	 
REQUEST		UC35_POST_/organization	1782723539815	1782723539999	OK	 
REQUEST		UC34_DELETE_/alert	1782723539900	1782723540092	OK	 
REQUEST		UC35_POST_/organization	1782723540020	1782723540227	OK	 
REQUEST		UC33_GET_/detail	1782723540122	1782723540331	OK	 
REQUEST		UC34_DELETE_/alert	1782723540218	1782723540429	OK	 
REQUEST		UC37_POST_/dopInfo	1782723540328	1782723540522	OK	 
REQUEST		UC36_POST_/mtb	1782723540421	1782723540626	OK	 
REQUEST		UC35_POST_/organization	1782723540518	1782723540715	OK	 
REQUEST		UC38_POST_/counterparties	1782723540624	1782723540810	OK	 
REQUEST		UC33_GET_/detail	1782723540718	1782723540912	OK	 
REQUEST		UC36_POST_/mtb	1782723540827	1782723541023	OK	 
REQUEST		UC35_POST_/organization	1782723540890	1782723541082	OK	 
REQUEST		UC36_POST_/mtb	1782723541010	1782723541198	OK	 
REQUEST		UC34_DELETE_/alert	1782723541109	1782723541303	OK	 
REQUEST		UC35_POST_/organization	1782723541208	1782723541435	OK	 
REQUEST		UC38_POST_/counterparties	1782723541313	1782723541512	OK	 
REQUEST		UC37_POST_/dopInfo	1782723541408	1782723541608	OK	 
REQUEST		UC36_POST_/mtb	1782723541516	1782723541720	OK	 
REQUEST		UC39_POST_/contacts	1782723541608	1782723541825	OK	 
REQUEST		UC34_DELETE_/alert	1782723541717	1782723541915	OK	 
REQUEST		UC37_POST_/dopInfo	1782723541827	1782723542033	OK	 
REQUEST		UC36_POST_/mtb	1782723541889	1782723542086	OK	 
REQUEST		UC37_POST_/dopInfo	1782723542014	1782723542205	OK	 
REQUEST		UC35_POST_/organization	1782723542109	1782723542312	OK	 
REQUEST		UC36_POST_/mtb	1782723542218	1782723542436	OK	 
REQUEST		UC39_POST_/contacts	1782723542313	1782723542513	OK	 
REQUEST		UC38_POST_/counterparties	1782723542408	1782723542626	OK	 
REQUEST		UC37_POST_/dopInfo	1782723542516	1782723542706	OK	 
REQUEST		UC40_GET_/mop2/{fflId}	1782723542609	1782723542840	OK	 
REQUEST		UC35_POST_/organization	1782723542718	1782723542930	OK	 
REQUEST		UC38_POST_/counterparties	1782723542812	1782723543013	OK	 
REQUEST		UC37_POST_/dopInfo	1782723542890	1782723543069	OK	 
REQUEST		UC38_POST_/counterparties	1782723543015	1782723543210	OK	 
REQUEST		UC36_POST_/mtb	1782723543109	1782723543323	OK	 
REQUEST		UC37_POST_/dopInfo	1782723543217	1782723543444	OK	 
REQUEST		UC40_GET_/mop2/{fflId}	1782723543311	1782723543539	OK	 
REQUEST		UC39_POST_/contacts	1782723543408	1782723543628	OK	 
REQUEST		UC38_POST_/counterparties	1782723543514	1782723543730	OK	 
REQUEST		UC41_GET_/onboarding/{fflId}	1782723543608	1782723543779	OK	 
USER	EFSFinmonWebDebug	END	1782723543788
USER	EFSFinmonWebDebug	START	1782723543788
REQUEST		UC36_POST_/mtb	1782723543724	1782723543919	OK	 
REQUEST		UC39_POST_/contacts	1782723543798	1782723544003	OK	 
REQUEST		UC38_POST_/counterparties	1782723543890	1782723544084	OK	 
REQUEST		UC39_POST_/contacts	1782723544015	1782723544217	OK	 
REQUEST		UC37_POST_/dopInfo	1782723544109	1782723544320	OK	 
REQUEST		UC38_POST_/counterparties	1782723544208	1782723544416	OK	 
REQUEST		UC41_GET_/onboarding/{fflId}	1782723544312	1782723544481	OK	 
USER	EFSFinmonWebDebug	END	1782723544488
USER	EFSFinmonWebDebug	START	1782723544488
REQUEST		UC40_GET_/mop2/{fflId}	1782723544408	1782723544653	OK	 
REQUEST		UC39_POST_/contacts	1782723544515	1782723544705	OK	 
REQUEST	LoginWeb	first_login	1782723544609	1782723544764	OK	 
REQUEST		UC37_POST_/dopInfo	1782723544718	1782723544914	OK	 
REQUEST		UC40_GET_/mop2/{fflId}	1782723544813	1782723545051	OK	 
REQUEST		UC39_POST_/contacts	1782723544878	1782723545083	OK	 
REQUEST		UC40_GET_/mop2/{fflId}	1782723545000	1782723545220	OK	 
REQUEST		UC38_POST_/counterparties	1782723545098	1782723545292	OK	 
REQUEST		UC39_POST_/contacts	1782723545203	1782723545406	OK	 
REQUEST	LoginWeb	first_login	1782723545298	1782723545464	OK	 
REQUEST		UC41_GET_/onboarding/{fflId}	1782723545405	1782723545599	OK	 
USER	EFSFinmonWebDebug	END	1782723545604
USER	EFSFinmonWebDebug	START	1782723545605
REQUEST		UC40_GET_/mop2/{fflId}	1782723545499	1782723545738	OK	 
REQUEST	LoginWeb	settingsLogin	1782723545608	1782723545793	OK	 
REQUEST		UC38_POST_/counterparties	1782723545702	1782723545892	OK	 
REQUEST		UC41_GET_/onboarding/{fflId}	1782723545801	1782723545993	OK	 
USER	EFSFinmonWebDebug	END	1782723545996
USER	EFSFinmonWebDebug	START	1782723545997
REQUEST		UC40_GET_/mop2/{fflId}	1782723545890	1782723546109	OK	 
REQUEST		UC41_GET_/onboarding/{fflId}	1782723546015	1782723546212	OK	 
USER	EFSFinmonWebDebug	END	1782723546220
USER	EFSFinmonWebDebug	START	1782723546220
REQUEST		UC39_POST_/contacts	1782723546109	1782723546320	OK	 
REQUEST		UC40_GET_/mop2/{fflId}	1782723546208	1782723546461	OK	 
REQUEST	LoginWeb	settingsLogin	1782723546308	1782723546519	OK	 
REQUEST	LoginWeb	first_login	1782723546408	1782723546577	OK	 
REQUEST		UC41_GET_/onboarding/{fflId}	1782723546515	1782723546717	OK	 
USER	EFSFinmonWebDebug	END	1782723546723
USER	EFSFinmonWebDebug	START	1782723546723
REQUEST	LoginWeb	newsLogin	1782723546609	1782723546808	OK	 
REQUEST		UC39_POST_/contacts	1782723546718	1782723546921	OK	 
REQUEST	LoginWeb	first_login	1782723546812	1782723546981	OK	 
REQUEST		UC41_GET_/onboarding/{fflId}	1782723546890	1782723547092	OK	 
USER	EFSFinmonWebDebug	END	1782723547096
USER	EFSFinmonWebDebug	START	1782723547096
REQUEST	LoginWeb	first_login	1782723547015	1782723547171	OK	 
REQUEST		UC40_GET_/mop2/{fflId}	1782723547109	1782723547321	OK	 
REQUEST		UC41_GET_/onboarding/{fflId}	1782723547208	1782723547388	OK	 
USER	EFSFinmonWebDebug	END	1782723547394
USER	EFSFinmonWebDebug	START	1782723547394
REQUEST	LoginWeb	newsLogin	1782723547313	1782723547517	OK	 
REQUEST	LoginWeb	settingsLogin	1782723547408	1782723547573	OK	 
REQUEST	LoginWeb	first_login	1782723547515	1782723547695	OK	 
REQUEST	LoginWeb	preLogin	1782723547608	1782723547839	OK	 
REQUEST		UC40_GET_/mop2/{fflId}	1782723547718	1782723547974	OK	 
REQUEST	LoginWeb	settingsLogin	1782723547798	1782723547981	OK	 
REQUEST	LoginWeb	first_login	1782723547890	1782723548055	OK	 
REQUEST	LoginWeb	settingsLogin	1782723548014	1782723548173	OK	 
REQUEST		UC41_GET_/onboarding/{fflId}	1782723548109	1782723548298	OK	 
USER	EFSFinmonWebDebug	END	1782723548302
USER	EFSFinmonWebDebug	START	1782723548303
REQUEST	LoginWeb	first_login	1782723548218	1782723548405	OK	 
REQUEST	LoginWeb	preLogin	1782723548312	1782723548551	OK	 
REQUEST	LoginWeb	newsLogin	1782723548408	1782723548582	OK	 
REQUEST	LoginWeb	settingsLogin	1782723548515	1782723548709	OK	 
REQUEST	LoginWeb	login	1782723548608	1782723548872	OK	 
REQUEST		UC41_GET_/onboarding/{fflId}	1782723548718	1782723548889	OK	 
USER	EFSFinmonWebDebug	END	1782723548893
USER	EFSFinmonWebDebug	START	1782723548893
REQUEST	LoginWeb	newsLogin	1782723548811	1782723549000	OK	 
REQUEST	LoginWeb	settingsLogin	1782723548890	1782723549079	OK	 
REQUEST	LoginWeb	first_login	1782723549108	1782723549268	OK	 
REQUEST	LoginWeb	login	1782723549313	1782723549562	OK	 
REQUEST	LoginWeb	preLogin	1782723549408	1782723549646	OK	 
REQUEST	LoginWeb	newsLogin	1782723549509	1782723549725	OK	 
REQUEST	LoginWeb	first_login	1782723549718	1782723549878	OK	 
REQUEST	LoginWeb	newsLogin	1782723549014	1782723549898	OK	 
REQUEST	LoginWeb	preLogin	1782723549809	1782723550048	OK	 
REQUEST	LoginWeb	newsLogin	1782723549891	1782723550098	OK	 
REQUEST	LoginWeb	settingsLogin	1782723549218	1782723550329	OK	 
REQUEST	LoginWeb	create	1782723549608	1782723550386	OK	 
REQUEST	LoginWeb	settingsLogin	1782723551249	1782723551439	OK	 
REQUEST	LoginWeb	settingsLogin	1782723551328	1782723551510	OK	 
REQUEST	LoginWeb	login	1782723551258	1782723551530	OK	 
REQUEST	LoginWeb	preLogin	1782723551408	1782723551648	OK	 
REQUEST	LoginWeb	preLogin	1782723551261	1782723551754	OK	 
REQUEST	LoginWeb	login	1782723551516	1782723551783	OK	 
REQUEST	LoginWeb	preLogin	1782723551610	1782723551841	OK	 
REQUEST	LoginWeb	decrypt	1782723551798	1782723551899	OK	 
GROUP	LoginWeb	1782723543788	1782723551901	1913	OK
ERROR	UC01_POST_/file-upload: Failed to build request: No attribute named 'requestId' is defined 	1782723551901
ERROR	UC02_POST_/send-to-bank: Failed to build request: No attribute named 'requestId' is defined 	1782723551901
REQUEST	LoginWeb	newsLogin	1782723551718	1782723551933	OK	 
REQUEST	LoginWeb	newsLogin	1782723551890	1782723552095	OK	 
REQUEST	LoginWeb	create	1782723551254	1782723552156	OK	 
REQUEST	LoginWeb	newsLogin	1782723552015	1782723552217	OK	 
REQUEST	LoginWeb	login	1782723552208	1782723552459	OK	 
REQUEST	LoginWeb	login	1782723552317	1782723552581	OK	 
REQUEST	LoginWeb	login	1782723552508	1782723552772	OK	 
REQUEST	LoginWeb	create	1782723552109	1782723552908	OK	 
REQUEST	LoginWeb	preLogin	1782723552700	1782723552927	OK	 
REQUEST	LoginWeb	decrypt	1782723552890	1782723552976	OK	 
GROUP	LoginWeb	1782723544489	1782723552978	2057	OK
ERROR	UC01_POST_/file-upload: Failed to build request: No attribute named 'requestId' is defined 	1782723552978
ERROR	UC02_POST_/send-to-bank: Failed to build request: No attribute named 'requestId' is defined 	1782723552979
REQUEST		UC03_GET_/params	1782723552598	1782723553003	OK	 
ERROR	UC04_POST_/delete-file: Failed to build request: No attribute named 'pprbId' is defined 	1782723553004
REQUEST	LoginWeb	preLogin	1782723552827	1782723553056	OK	 
REQUEST	LoginWeb	create	1782723552411	1782723553200	OK	 
REQUEST	LoginWeb	preLogin	1782723553015	1782723553234	OK	 
REQUEST	LoginWeb	decrypt	1782723553408	1782723553492	OK	 
GROUP	LoginWeb	1782723545605	1782723553494	1901	OK
ERROR	UC01_POST_/file-upload: Failed to build request: No attribute named 'requestId' is defined 	1782723553494
ERROR	UC02_POST_/send-to-bank: Failed to build request: No attribute named 'requestId' is defined 	1782723553494
REQUEST	LoginWeb	login	1782723553515	1782723553767	OK	 
REQUEST	LoginWeb	create	1782723553109	1782723553869	OK	 
REQUEST		UC05_GET_/download/{fileid}	1782723553718	1782723553927	OK	 
ERROR	UC06_GET_/detail-with-attachments/{fflId}: Failed to build request: No attribute named 'fflId' is defined 	1782723553929
REQUEST	LoginWeb	decrypt	1782723553890	1782723553969	OK	 
GROUP	LoginWeb	1782723545997	1782723553971	1915	OK
ERROR	UC01_POST_/file-upload: Failed to build request: No attribute named 'requestId' is defined 	1782723553971
ERROR	UC02_POST_/send-to-bank: Failed to build request: No attribute named 'requestId' is defined 	1782723553971
REQUEST		UC03_GET_/params	1782723553609	1782723553975	OK	 
ERROR	UC04_POST_/delete-file: Failed to build request: No attribute named 'pprbId' is defined 	1782723553977
REQUEST	LoginWeb	create	1782723553208	1782723553993	OK	 
REQUEST	LoginWeb	login	1782723553811	1782723554066	OK	 
REQUEST	LoginWeb	create	1782723553312	1782723554087	OK	 
REQUEST	LoginWeb	login	1782723554014	1782723554260	OK	 
REQUEST	LoginWeb	decrypt	1782723554312	1782723554388	OK	 
GROUP	LoginWeb	1782723546220	1782723554389	2526	OK
ERROR	UC01_POST_/file-upload: Failed to build request: No attribute named 'requestId' is defined 	1782723554390
ERROR	UC02_POST_/send-to-bank: Failed to build request: No attribute named 'requestId' is defined 	1782723554390
REQUEST		UC03_GET_/params	1782723554109	1782723554464	OK	 
ERROR	UC04_POST_/delete-file: Failed to build request: No attribute named 'pprbId' is defined 	1782723554465
REQUEST		UC07_POST_/inform-list	1782723554406	1782723554708	OK	 
REQUEST	LoginWeb	decrypt	1782723554708	1782723554791	OK	 
GROUP	LoginWeb	1782723546724	1782723554792	2215	OK
ERROR	UC01_POST_/file-upload: Failed to build request: No attribute named 'requestId' is defined 	1782723554792
ERROR	UC02_POST_/send-to-bank: Failed to build request: No attribute named 'requestId' is defined 	1782723554792
REQUEST		UC05_GET_/download/{fileid}	1782723554609	1782723554802	OK	 
ERROR	UC06_GET_/detail-with-attachments/{fflId}: Failed to build request: No attribute named 'fflId' is defined 	1782723554803
REQUEST		UC03_GET_/params	1782723554515	1782723554900	OK	 
ERROR	UC04_POST_/delete-file: Failed to build request: No attribute named 'pprbId' is defined 	1782723554901
REQUEST	LoginWeb	decrypt	1782723554890	1782723554967	OK	 
GROUP	LoginWeb	1782723547097	1782723554968	1908	OK
ERROR	UC01_POST_/file-upload: Failed to build request: No attribute named 'requestId' is defined 	1782723554968
ERROR	UC02_POST_/send-to-bank: Failed to build request: No attribute named 'requestId' is defined 	1782723554969
REQUEST	LoginWeb	create	1782723554218	1782723555152	OK	 
REQUEST		UC05_GET_/download/{fileid}	1782723555218	1782723555397	OK	 
ERROR	UC06_GET_/detail-with-attachments/{fflId}: Failed to build request: No attribute named 'fflId' is defined 	1782723555399
REQUEST		UC08_POST_/send-to-bank/{fflId}	1782723555313	1782723555511	OK	 
REQUEST		UC03_GET_/params	1782723555109	1782723555522	OK	 
ERROR	UC04_POST_/delete-file: Failed to build request: No attribute named 'pprbId' is defined 	1782723555524
REQUEST	LoginWeb	create	1782723554811	1782723555560	OK	 
REQUEST		UC03_GET_/params	1782723555408	1782723555764	OK	 
ERROR	UC04_POST_/delete-file: Failed to build request: No attribute named 'pprbId' is defined 	1782723555765
REQUEST		UC05_GET_/download/{fileid}	1782723555598	1782723555783	OK	 
ERROR	UC06_GET_/detail-with-attachments/{fflId}: Failed to build request: No attribute named 'fflId' is defined 	1782723555784
REQUEST		UC07_POST_/inform-list	1782723555515	1782723555832	OK	 
REQUEST	LoginWeb	create	1782723555015	1782723555849	OK	 
REQUEST	LoginWeb	decrypt	1782723555798	1782723555878	OK	 
GROUP	LoginWeb	1782723547394	1782723555879	3006	OK
ERROR	UC01_POST_/file-upload: Failed to build request: No attribute named 'requestId' is defined 	1782723555879
ERROR	UC02_POST_/send-to-bank: Failed to build request: No attribute named 'requestId' is defined 	1782723555880
REQUEST		UC03_GET_/params	1782723555718	1782723556122	OK	 
ERROR	UC04_POST_/delete-file: Failed to build request: No attribute named 'pprbId' is defined 	1782723556124
REQUEST		UC07_POST_/inform-list	1782723555890	1782723556198	OK	 
REQUEST	LoginWeb	decrypt	1782723556214	1782723556290	OK	 
GROUP	LoginWeb	1782723548303	1782723556291	1864	OK
ERROR	UC01_POST_/file-upload: Failed to build request: No attribute named 'requestId' is defined 	1782723556291
ERROR	UC02_POST_/send-to-bank: Failed to build request: No attribute named 'requestId' is defined 	1782723556292
REQUEST		UC05_GET_/download/{fileid}	1782723556109	1782723556298	OK	 
ERROR	UC06_GET_/detail-with-attachments/{fflId}: Failed to build request: No attribute named 'fflId' is defined 	1782723556299
REQUEST		UC09_GET_/requests-and-inform	1782723556015	1782723556297	OK	 
REQUEST		UC05_GET_/download/{fileid}	1782723556308	1782723556537	OK	 
ERROR	UC06_GET_/detail-with-attachments/{fflId}: Failed to build request: No attribute named 'fflId' is defined 	1782723556539
REQUEST	LoginWeb	decrypt	1782723556608	1782723556690	OK	 
GROUP	LoginWeb	1782723548893	1782723556691	1925	OK
ERROR	UC01_POST_/file-upload: Failed to build request: No attribute named 'requestId' is defined 	1782723556691
ERROR	UC02_POST_/send-to-bank: Failed to build request: No attribute named 'requestId' is defined 	1782723556692
REQUEST		UC08_POST_/send-to-bank/{fflId}	1782723556515	1782723556718	OK	 
REQUEST		UC07_POST_/inform-list	1782723556408	1782723556730	OK	 
REQUEST		UC05_GET_/download/{fileid}	1782723556798	1782723556992	OK	 
ERROR	UC06_GET_/detail-with-attachments/{fflId}: Failed to build request: No attribute named 'fflId' is defined 	1782723556993
REQUEST		UC03_GET_/params	1782723556718	1782723557070	OK	 
ERROR	UC04_POST_/delete-file: Failed to build request: No attribute named 'pprbId' is defined 	1782723557071
REQUEST		UC08_POST_/send-to-bank/{fflId}	1782723556890	1782723557082	OK	 
REQUEST		UC03_GET_/params	1782723557014	1782723557383	OK	 
ERROR	UC04_POST_/delete-file: Failed to build request: No attribute named 'pprbId' is defined 	1782723557385
REQUEST		UC10_POST_/mop-1-0	1782723557109	1782723557390	OK	 
REQUEST		UC07_POST_/inform-list	1782723557218	1782723557499	OK	 
REQUEST		UC07_POST_/inform-list	1782723557313	1782723557586	OK	 
REQUEST		UC09_GET_/requests-and-inform	1782723557515	1782723557773	OK	 
REQUEST		UC03_GET_/params	1782723557408	1782723557780	OK	 
ERROR	UC04_POST_/delete-file: Failed to build request: No attribute named 'pprbId' is defined 	1782723557799
REQUEST		UC08_POST_/send-to-bank/{fflId}	1782723557608	1782723557809	OK	 
REQUEST		UC05_GET_/download/{fileid}	1782723557798	1782723557979	OK	 
ERROR	UC06_GET_/detail-with-attachments/{fflId}: Failed to build request: No attribute named 'fflId' is defined 	1782723557980
REQUEST		UC07_POST_/inform-list	1782723557718	1782723558029	OK	 
REQUEST		UC09_GET_/requests-and-inform	1782723557890	1782723558149	OK	 
REQUEST		UC05_GET_/download/{fileid}	1782723558015	1782723558211	OK	 
ERROR	UC06_GET_/detail-with-attachments/{fflId}: Failed to build request: No attribute named 'fflId' is defined 	1782723558212
REQUEST		UC11_POST_/online-control	1782723558109	1782723558380	OK	 
REQUEST		UC08_POST_/send-to-bank/{fflId}	1782723558208	1782723558416	OK	 
REQUEST		UC08_POST_/send-to-bank/{fflId}	1782723558313	1782723558510	OK	 
REQUEST		UC10_POST_/mop-1-0	1782723558408	1782723558677	OK	 
REQUEST		UC05_GET_/download/{fileid}	1782723558511	1782723558707	OK	 
ERROR	UC06_GET_/detail-with-attachments/{fflId}: Failed to build request: No attribute named 'fflId' is defined 	1782723558709
REQUEST		UC09_GET_/requests-and-inform	1782723558608	1782723558860	OK	 
REQUEST		UC08_POST_/send-to-bank/{fflId}	1782723558798	1782723559003	OK	 
REQUEST		UC07_POST_/inform-list	1782723558718	1782723559005	OK	 
REQUEST		UC10_POST_/mop-1-0	1782723558890	1782723559159	OK	 
REQUEST		UC07_POST_/inform-list	1782723559015	1782723559330	OK	 
REQUEST		UC12_GET_/rehabilitation	1782723559109	1782723559390	OK	 
REQUEST		UC09_GET_/requests-and-inform	1782723559218	1782723559455	OK	 
REQUEST		UC09_GET_/requests-and-inform	1782723559312	1782723559562	OK	 
REQUEST		UC11_POST_/online-control	1782723559408	1782723559662	OK	 
REQUEST		UC07_POST_/inform-list	1782723559515	1782723559799	OK	 
REQUEST		UC10_POST_/mop-1-0	1782723559608	1782723559892	OK	 
REQUEST		UC09_GET_/requests-and-inform	1782723559718	1782723559986	OK	 
REQUEST		UC08_POST_/send-to-bank/{fflId}	1782723559808	1782723560024	OK	 
REQUEST		UC11_POST_/online-control	1782723559888	1782723560147	OK	 
REQUEST		UC08_POST_/send-to-bank/{fflId}	1782723560011	1782723560214	OK	 
REQUEST		UC13_GET_/unread-tabs	1782723560108	1782723560300	OK	 
REQUEST		UC10_POST_/mop-1-0	1782723560208	1782723560507	OK	 
REQUEST		UC10_POST_/mop-1-0	1782723560313	1782723560590	OK	 
REQUEST		UC12_GET_/rehabilitation	1782723560408	1782723560693	OK	 
REQUEST		UC08_POST_/send-to-bank/{fflId}	1782723560516	1782723560727	OK	 
REQUEST		UC11_POST_/online-control	1782723560610	1782723560895	OK	 
REQUEST		UC10_POST_/mop-1-0	1782723560703	1782723561010	OK	 
REQUEST		UC09_GET_/requests-and-inform	1782723560813	1782723561056	OK	 
REQUEST		UC12_GET_/rehabilitation	1782723560891	1782723561165	OK	 
REQUEST		UC09_GET_/requests-and-inform	1782723561016	1782723561267	OK	 
REQUEST		UC14_POST_/detail	1782723561110	1782723561293	OK	 
REQUEST		UC11_POST_/online-control	1782723561218	1782723561478	OK	 
REQUEST		UC11_POST_/online-control	1782723561312	1782723561563	OK	 
REQUEST		UC13_GET_/unread-tabs	1782723561408	1782723561621	OK	 
REQUEST		UC09_GET_/requests-and-inform	1782723561515	1782723561784	OK	 
REQUEST		UC12_GET_/rehabilitation	1782723561624	1782723561924	OK	 
REQUEST		UC11_POST_/online-control	1782723561718	1782723561975	OK	 
REQUEST		UC13_GET_/unread-tabs	1782723561890	1782723562077	OK	 
REQUEST		UC10_POST_/mop-1-0	1782723561827	1782723562093	OK	 
REQUEST		UC10_POST_/mop-1-0	1782723562015	1782723562310	OK	 
REQUEST		UC15_POST_/callback	1782723562109	1782723562333	OK	 
REQUEST		UC12_GET_/rehabilitation	1782723562214	1782723562524	OK	 
REQUEST		UC14_POST_/detail	1782723562408	1782723562577	OK	 
REQUEST		UC12_GET_/rehabilitation	1782723562312	1782723562603	OK	 
REQUEST		UC10_POST_/mop-1-0	1782723562515	1782723562790	OK	 
REQUEST		UC13_GET_/unread-tabs	1782723562609	1782723562816	OK	 
REQUEST		UC14_POST_/detail	1782723562827	1782723562999	OK	 
REQUEST		UC12_GET_/rehabilitation	1782723562734	1782723563040	OK	 
REQUEST		UC11_POST_/online-control	1782723562890	1782723563161	OK	 
REQUEST		UC16_PUT_/callback	1782723563109	1782723563266	OK	 
REQUEST		UC11_POST_/online-control	1782723563014	1782723563293	OK	 
REQUEST		UC13_GET_/unread-tabs	1782723563218	1782723563417	OK	 
REQUEST		UC15_POST_/callback	1782723563312	1782723563526	OK	 
REQUEST		UC13_GET_/unread-tabs	1782723563408	1782723563608	OK	 
REQUEST		UC11_POST_/online-control	1782723563515	1782723563772	OK	 
REQUEST		UC14_POST_/detail	1782723563608	1782723563786	OK	 
REQUEST		UC15_POST_/callback	1782723563718	1782723563931	OK	 
REQUEST		UC13_GET_/unread-tabs	1782723563808	1782723564022	OK	 
REQUEST		UC12_GET_/rehabilitation	1782723563890	1782723564169	OK	 
REQUEST		UC17_DELETE_/callback?taskId={taskIdCB}	1782723564015	1782723564205	OK	 
REQUEST		UC14_POST_/detail	1782723564208	1782723564376	OK	 
REQUEST		UC12_GET_/rehabilitation	1782723564110	1782723564409	OK	 
REQUEST		UC16_PUT_/callback	1782723564314	1782723564455	OK	 
REQUEST		UC14_POST_/detail	1782723564408	1782723564567	OK	 
REQUEST		UC15_POST_/callback	1782723564608	1782723564810	OK	 
REQUEST		UC12_GET_/rehabilitation	1782723564514	1782723564826	OK	 
REQUEST		UC16_PUT_/callback	1782723564702	1782723564855	OK	 
REQUEST		UC14_POST_/detail	1782723564811	1782723564983	OK	 
REQUEST		UC13_GET_/unread-tabs	1782723564889	1782723565104	OK	 
REQUEST		UC18_GET_/compliance-helper	1782723565014	1782723565171	OK	 
REQUEST		UC15_POST_/callback	1782723565109	1782723565295	OK	 
REQUEST		UC13_GET_/unread-tabs	1782723565208	1782723565387	OK	 
REQUEST		UC17_DELETE_/callback?taskId={taskIdCB}	1782723565314	1782723565517	OK	 
REQUEST		UC15_POST_/callback	1782723565421	1782723565621	OK	 
REQUEST		UC16_PUT_/callback	1782723565515	1782723565678	OK	 
REQUEST		UC13_GET_/unread-tabs	1782723565608	1782723565823	OK	 
REQUEST		UC17_DELETE_/callback?taskId={taskIdCB}	1782723565718	1782723565918	OK	 
REQUEST		UC15_POST_/callback	1782723565798	1782723565991	OK	 
REQUEST		UC14_POST_/detail	1782723565890	1782723566064	OK	 
REQUEST		UC19_GET_/activation	1782723566015	1782723566192	OK	 
REQUEST		UC16_PUT_/callback	1782723566110	1782723566270	OK	 
REQUEST		UC14_POST_/detail	1782723566208	1782723566372	OK	 
REQUEST		UC18_GET_/compliance-helper	1782723566312	1782723566485	OK	 
REQUEST		UC16_PUT_/callback	1782723566416	1782723566564	OK	 
REQUEST		UC17_DELETE_/callback?taskId={taskIdCB}	1782723566515	1782723566712	OK	 
REQUEST		UC14_POST_/detail	1782723566608	1782723566778	OK	 
REQUEST		UC18_GET_/compliance-helper	1782723566718	1782723566889	OK	 
REQUEST		UC16_PUT_/callback	1782723566808	1782723566968	OK	 
REQUEST		UC15_POST_/callback	1782723566897	1782723567090	OK	 
REQUEST		UC20_GET_/change-tariff	1782723566998	1782723567157	OK	 
REQUEST		UC17_DELETE_/callback?taskId={taskIdCB}	1782723567098	1782723567305	OK	 
REQUEST		UC15_POST_/callback	1782723567203	1782723567415	OK	 
REQUEST		UC19_GET_/activation	1782723567298	1782723567470	OK	 
REQUEST		UC17_DELETE_/callback?taskId={taskIdCB}	1782723567406	1782723567590	OK	 
REQUEST		UC18_GET_/compliance-helper	1782723567500	1782723567658	OK	 
REQUEST		UC15_POST_/callback	1782723567598	1782723567803	OK	 
REQUEST		UC19_GET_/activation	1782723567703	1782723567848	OK	 
REQUEST		UC17_DELETE_/callback?taskId={taskIdCB}	1782723567812	1782723568019	OK	 
REQUEST		UC16_PUT_/callback	1782723567875	1782723568027	OK	 
REQUEST		UC21_GET_/user-permissions	1782723567984	1782723568142	OK	 
REQUEST		UC18_GET_/compliance-helper	1782723568078	1782723568240	OK	 
REQUEST		UC16_PUT_/callback	1782723568187	1782723568324	OK	 
REQUEST		UC20_GET_/change-tariff	1782723568280	1782723568439	OK	 
REQUEST		UC18_GET_/compliance-helper	1782723568378	1782723568535	OK	 
REQUEST		UC19_GET_/activation	1782723568484	1782723568628	OK	 
REQUEST		UC16_PUT_/callback	1782723568578	1782723568744	OK	 
REQUEST		UC20_GET_/change-tariff	1782723568686	1782723568827	OK	 
REQUEST		UC18_GET_/compliance-helper	1782723568798	1782723568956	OK	 
REQUEST		UC17_DELETE_/callback?taskId={taskIdCB}	1782723568874	1782723569089	OK	 
REQUEST		UC19_GET_/activation	1782723569078	1782723569227	OK	 
REQUEST		UC22_GET_/print-form	1782723568983	1782723569315	OK	 
REQUEST		UC17_DELETE_/callback?taskId={taskIdCB}	1782723569186	1782723569389	OK	 
REQUEST		UC21_GET_/user-permissions	1782723569280	1782723569451	OK	 
REQUEST		UC19_GET_/activation	1782723569378	1782723569542	OK	 
REQUEST		UC20_GET_/change-tariff	1782723569484	1782723569645	OK	 
REQUEST		UC17_DELETE_/callback?taskId={taskIdCB}	1782723569578	1782723569788	OK	 
REQUEST		UC21_GET_/user-permissions	1782723569686	1782723569848	OK	 
REQUEST		UC19_GET_/activation	1782723569788	1782723569944	OK	 
REQUEST		UC18_GET_/compliance-helper	1782723569868	1782723570049	OK	 
REQUEST		UC20_GET_/change-tariff	1782723569988	1782723570134	OK	 
REQUEST		UC18_GET_/compliance-helper	1782723570201	1782723570349	OK	 
REQUEST		UC23_GET_/rejections	1782723570091	1782723570506	OK	 
REQUEST		UC20_GET_/change-tariff	1782723570389	1782723570548	OK	 
REQUEST		UC21_GET_/user-permissions	1782723570488	1782723570622	OK	 
REQUEST		UC22_GET_/print-form	1782723570296	1782723570620	OK	 
REQUEST		UC18_GET_/compliance-helper	1782723570593	1782723570764	OK	 
REQUEST		UC20_GET_/change-tariff	1782723570796	1782723570963	OK	 
REQUEST		UC22_GET_/print-form	1782723570688	1782723571015	OK	 
REQUEST		UC19_GET_/activation	1782723570890	1782723571068	OK	 
REQUEST		UC21_GET_/user-permissions	1782723571015	1782723571162	OK	 
REQUEST		UC19_GET_/activation	1782723571109	1782723571258	OK	 
REQUEST		UC21_GET_/user-permissions	1782723571313	1782723571473	OK	 
REQUEST		UC24_GET_/rejection/{operationId}	1782723571208	1782723571492	OK	 
REQUEST		UC22_GET_/print-form	1782723571408	1782723571710	OK	 
REQUEST		UC19_GET_/activation	1782723571610	1782723571764	OK	 
REQUEST		UC21_GET_/user-permissions	1782723571708	1782723571856	OK	 
REQUEST		UC23_GET_/rejections	1782723571516	1782723571876	OK	 
REQUEST		UC20_GET_/change-tariff	1782723571890	1782723572049	OK	 
REQUEST		UC23_GET_/rejections	1782723571812	1782723572211	OK	 
REQUEST		UC20_GET_/change-tariff	1782723572109	1782723572260	OK	 
REQUEST		UC22_GET_/print-form	1782723572015	1782723572377	OK	 
REQUEST		UC25_GET_/active-switchers	1782723572327	1782723572500	OK	 
REQUEST		UC22_GET_/print-form	1782723572208	1782723572522	OK	 
REQUEST		UC20_GET_/change-tariff	1782723572499	1782723572654	OK	 
REQUEST		UC23_GET_/rejections	1782723572408	1782723572806	OK	 
REQUEST		UC22_GET_/print-form	1782723572598	1782723572955	OK	 
REQUEST		UC21_GET_/user-permissions	1782723572812	1782723572973	OK	 
REQUEST		UC24_GET_/rejection/{operationId}	1782723572708	1782723572982	OK	 
REQUEST		UC24_GET_/rejection/{operationId}	1782723572889	1782723573153	OK	 
REQUEST		UC21_GET_/user-permissions	1782723573014	1782723573180	OK	 
REQUEST		UC26_GET_/system-parameters	1782723573208	1782723573366	OK	 
REQUEST		UC23_GET_/rejections	1782723573112	1782723573504	OK	 
REQUEST		UC21_GET_/user-permissions	1782723573405	1782723573550	OK	 
REQUEST		UC23_GET_/rejections	1782723573315	1782723573658	OK	 
REQUEST		UC24_GET_/rejection/{operationId}	1782723573514	1782723573799	OK	 
REQUEST		UC25_GET_/active-switchers	1782723573798	1782723573980	OK	 
REQUEST		UC23_GET_/rejections	1782723573608	1782723573986	OK	 
REQUEST		UC22_GET_/print-form	1782723573717	1782723574030	OK	 
REQUEST		UC25_GET_/active-switchers	1782723573889	1782723574071	OK	 
REQUEST		UC27_GET_/organization	1782723574109	1782723574290	OK	 
REQUEST		UC22_GET_/print-form	1782723574014	1782723574367	OK	 
REQUEST		UC24_GET_/rejection/{operationId}	1782723574218	1782723574490	OK	 
REQUEST		UC22_GET_/print-form	1782723574312	1782723574669	OK	 
REQUEST		UC25_GET_/active-switchers	1782723574514	1782723574681	OK	 
REQUEST		UC24_GET_/rejection/{operationId}	1782723574412	1782723574689	OK	 
REQUEST		UC26_GET_/system-parameters	1782723574608	1782723574782	OK	 
REQUEST		UC24_GET_/rejection/{operationId}	1782723574717	1782723575002	OK	 
REQUEST		UC26_GET_/system-parameters	1782723574889	1782723575053	OK	 
REQUEST		UC23_GET_/rejections	1782723574798	1782723575166	OK	 
REQUEST		UC28_GET_/compliance-profile/mtb	1782723575014	1782723575177	OK	 
REQUEST		UC25_GET_/active-switchers	1782723575218	1782723575365	OK	 
REQUEST		UC23_GET_/rejections	1782723575109	1782723575476	OK	 
REQUEST		UC26_GET_/system-parameters	1782723575406	1782723575558	OK	 
REQUEST		UC25_GET_/active-switchers	1782723575514	1782723575675	OK	 
REQUEST		UC23_GET_/rejections	1782723575298	1782723575680	OK	 
REQUEST		UC27_GET_/organization	1782723575608	1782723575777	OK	 
REQUEST		UC25_GET_/active-switchers	1782723575718	1782723575889	OK	 
REQUEST		UC27_GET_/organization	1782723575811	1782723575993	OK	 
REQUEST		UC24_GET_/rejection/{operationId}	1782723575890	1782723576168	OK	 
REQUEST		UC29_GET_/dopInfo	1782723576010	1782723576182	OK	 
REQUEST		UC26_GET_/system-parameters	1782723576109	1782723576285	OK	 
REQUEST		UC27_GET_/organization	1782723576313	1782723576468	OK	 
REQUEST		UC24_GET_/rejection/{operationId}	1782723576208	1782723576487	OK	 
REQUEST		UC26_GET_/system-parameters	1782723576408	1782723576573	OK	 
REQUEST		UC28_GET_/compliance-profile/mtb	1782723576609	1782723576785	OK	 
REQUEST		UC24_GET_/rejection/{operationId}	1782723576516	1782723576799	OK	 
REQUEST		UC26_GET_/system-parameters	1782723576718	1782723576875	OK	 
REQUEST		UC28_GET_/compliance-profile/mtb	1782723576812	1782723576982	OK	 
REQUEST		UC25_GET_/active-switchers	1782723576890	1782723577059	OK	 
REQUEST		UC30_GET_/counterparties	1782723577015	1782723577194	OK	 
REQUEST		UC27_GET_/organization	1782723577108	1782723577270	OK	 
REQUEST		UC28_GET_/compliance-profile/mtb	1782723577218	1782723577382	OK	 
REQUEST		UC25_GET_/active-switchers	1782723577312	1782723577463	OK	 
REQUEST		UC27_GET_/organization	1782723577408	1782723577582	OK	 
REQUEST		UC29_GET_/dopInfo	1782723577515	1782723577673	OK	 
REQUEST		UC25_GET_/active-switchers	1782723577608	1782723577787	OK	 
REQUEST		UC27_GET_/organization	1782723577718	1782723577895	OK	 
REQUEST		UC29_GET_/dopInfo	1782723577798	1782723577961	OK	 
REQUEST		UC26_GET_/system-parameters	1782723577890	1782723578045	OK	 
REQUEST		UC31_GET_/compliance-profile/contacts	1782723578015	1782723578183	OK	 
REQUEST		UC28_GET_/compliance-profile/mtb	1782723578109	1782723578280	OK	 
REQUEST		UC29_GET_/dopInfo	1782723578217	1782723578373	OK	 
REQUEST		UC26_GET_/system-parameters	1782723578312	1782723578481	OK	 
REQUEST		UC28_GET_/compliance-profile/mtb	1782723578408	1782723578557	OK	 
REQUEST		UC30_GET_/counterparties	1782723578515	1782723578675	OK	 
REQUEST		UC26_GET_/system-parameters	1782723578609	1782723578777	OK	 
REQUEST		UC28_GET_/compliance-profile/mtb	1782723578718	1782723578878	OK	 
REQUEST		UC30_GET_/counterparties	1782723578812	1782723578974	OK	 
REQUEST		UC27_GET_/organization	1782723578890	1782723579071	OK	 
REQUEST		UC32_GET_/compliance-profile	1782723579015	1782723579185	OK	 
REQUEST		UC29_GET_/dopInfo	1782723579110	1782723579256	OK	 
REQUEST		UC30_GET_/counterparties	1782723579208	1782723579366	OK	 
REQUEST		UC27_GET_/organization	1782723579313	1782723579472	OK	 
REQUEST		UC29_GET_/dopInfo	1782723579408	1782723579565	OK	 
REQUEST		UC31_GET_/compliance-profile/contacts	1782723579517	1782723579682	OK	 
REQUEST		UC27_GET_/organization	1782723579610	1782723579777	OK	 
REQUEST		UC29_GET_/dopInfo	1782723579709	1782723579863	OK	 
REQUEST		UC31_GET_/compliance-profile/contacts	1782723579809	1782723579961	OK	 
REQUEST		UC28_GET_/compliance-profile/mtb	1782723579892	1782723580055	OK	 
REQUEST		UC33_GET_/detail	1782723580018	1782723580231	OK	 
REQUEST		UC30_GET_/counterparties	1782723580125	1782723580285	OK	 
REQUEST		UC31_GET_/compliance-profile/contacts	1782723580219	1782723580386	OK	 
REQUEST		UC28_GET_/compliance-profile/mtb	1782723580328	1782723580489	OK	 
REQUEST		UC30_GET_/counterparties	1782723580422	1782723580571	OK	 
REQUEST		UC32_GET_/compliance-profile	1782723580518	1782723580682	OK	 
REQUEST		UC28_GET_/compliance-profile/mtb	1782723580625	1782723580778	OK	 
REQUEST		UC30_GET_/counterparties	1782723580719	1782723580894	OK	 
REQUEST		UC32_GET_/compliance-profile	1782723580798	1782723580957	OK	 
REQUEST		UC29_GET_/dopInfo	1782723580906	1782723581073	OK	 
REQUEST		UC34_DELETE_/alert	1782723581016	1782723581225	OK	 
REQUEST		UC31_GET_/compliance-profile/contacts	1782723581110	1782723581257	OK	 
REQUEST		UC32_GET_/compliance-profile	1782723581208	1782723581365	OK	 
REQUEST		UC29_GET_/dopInfo	1782723581327	1782723581487	OK	 
REQUEST		UC31_GET_/compliance-profile/contacts	1782723581408	1782723581580	OK	 
REQUEST		UC33_GET_/detail	1782723581514	1782723581700	OK	 
REQUEST		UC29_GET_/dopInfo	1782723581608	1782723581771	OK	 
REQUEST		UC31_GET_/compliance-profile/contacts	1782723581717	1782723581891	OK	 
REQUEST		UC33_GET_/detail	1782723581831	1782723582030	OK	 
REQUEST		UC30_GET_/counterparties	1782723581874	1782723582064	OK	 
REQUEST		UC35_POST_/organization	1782723581984	1782723582186	OK	 
REQUEST		UC32_GET_/compliance-profile	1782723582078	1782723582248	OK	 
REQUEST		UC33_GET_/detail	1782723582187	1782723582381	OK	 
REQUEST		UC30_GET_/counterparties	1782723582281	1782723582430	OK	 
REQUEST		UC32_GET_/compliance-profile	1782723582390	1782723582545	OK	 
REQUEST		UC34_DELETE_/alert	1782723582483	1782723582684	OK	 
REQUEST		UC30_GET_/counterparties	1782723582578	1782723582752	OK	 
REQUEST		UC32_GET_/compliance-profile	1782723582698	1782723582881	OK	 
REQUEST		UC34_DELETE_/alert	1782723582798	1782723582986	OK	 
REQUEST		UC31_GET_/compliance-profile/contacts	1782723582874	1782723583034	OK	 
REQUEST		UC36_POST_/mtb	1782723582984	1782723583187	OK	 
REQUEST		UC33_GET_/detail	1782723583078	1782723583273	OK	 
REQUEST		UC34_DELETE_/alert	1782723583187	1782723583396	OK	 
REQUEST		UC31_GET_/compliance-profile/contacts	1782723583281	1782723583443	OK	 
REQUEST		UC33_GET_/detail	1782723583378	1782723583573	OK	 
REQUEST		UC35_POST_/organization	1782723583483	1782723583680	OK	 
REQUEST		UC31_GET_/compliance-profile/contacts	1782723583578	1782723583730	OK	 
REQUEST		UC33_GET_/detail	1782723583688	1782723583869	OK	 
REQUEST		UC35_POST_/organization	1782723583798	1782723583983	OK	 
REQUEST		UC32_GET_/compliance-profile	1782723583874	1782723584050	OK	 
REQUEST		UC37_POST_/dopInfo	1782723583983	1782723584191	OK	 
REQUEST		UC34_DELETE_/alert	1782723584078	1782723584282	OK	 
REQUEST		UC35_POST_/organization	1782723584187	1782723584394	OK	 
REQUEST		UC32_GET_/compliance-profile	1782723584281	1782723584438	OK	 
REQUEST		UC34_DELETE_/alert	1782723584378	1782723584582	OK	 
REQUEST		UC36_POST_/mtb	1782723584479	1782723584675	OK	 
REQUEST		UC32_GET_/compliance-profile	1782723584578	1782723584740	OK	 
REQUEST		UC34_DELETE_/alert	1782723584687	1782723584889	OK	 
REQUEST		UC36_POST_/mtb	1782723584781	1782723584959	OK	 
REQUEST		UC33_GET_/detail	1782723584874	1782723585059	OK	 
REQUEST		UC38_POST_/counterparties	1782723584984	1782723585203	OK	 
REQUEST		UC35_POST_/organization	1782723585078	1782723585269	OK	 
REQUEST		UC36_POST_/mtb	1782723585187	1782723585394	OK	 
REQUEST		UC33_GET_/detail	1782723585281	1782723585465	OK	 
REQUEST		UC35_POST_/organization	1782723585378	1782723585578	OK	 
REQUEST		UC37_POST_/dopInfo	1782723585486	1782723585666	OK	 
REQUEST		UC33_GET_/detail	1782723585578	1782723585765	OK	 
REQUEST		UC35_POST_/organization	1782723585702	1782723585900	OK	 
REQUEST		UC37_POST_/dopInfo	1782723585798	1782723585979	OK	 
REQUEST		UC34_DELETE_/alert	1782723585875	1782723586081	OK	 
REQUEST		UC39_POST_/contacts	1782723585984	1782723586206	OK	 
REQUEST		UC36_POST_/mtb	1782723586092	1782723586299	OK	 
REQUEST		UC37_POST_/dopInfo	1782723586186	1782723586378	OK	 
REQUEST		UC34_DELETE_/alert	1782723586280	1782723586464	OK	 
REQUEST		UC36_POST_/mtb	1782723586378	1782723586563	OK	 
REQUEST		UC38_POST_/counterparties	1782723586484	1782723586678	OK	 
REQUEST		UC34_DELETE_/alert	1782723586578	1782723586814	OK	 
REQUEST		UC36_POST_/mtb	1782723586688	1782723586906	OK	 
REQUEST		UC38_POST_/counterparties	1782723586794	1782723586997	OK	 
REQUEST		UC35_POST_/organization	1782723586869	1782723587063	OK	 
REQUEST		UC40_GET_/mop2/{fflId}	1782723586994	1782723587225	OK	 
REQUEST		UC37_POST_/dopInfo	1782723587088	1782723587302	OK	 
REQUEST		UC38_POST_/counterparties	1782723587188	1782723587388	OK	 
REQUEST		UC35_POST_/organization	1782723587296	1782723587485	OK	 
REQUEST		UC37_POST_/dopInfo	1782723587388	1782723587580	OK	 
REQUEST		UC39_POST_/contacts	1782723587493	1782723587684	OK	 
REQUEST		UC35_POST_/organization	1782723587588	1782723587790	OK	 
REQUEST		UC37_POST_/dopInfo	1782723587688	1782723587907	OK	 
REQUEST		UC39_POST_/contacts	1782723587798	1782723587993	OK	 
REQUEST		UC36_POST_/mtb	1782723587892	1782723588090	OK	 
REQUEST		UC41_GET_/onboarding/{fflId}	1782723588017	1782723588222	OK	 
USER	EFSFinmonWebDebug	END	1782723588226
USER	EFSFinmonWebDebug	START	1782723588226
REQUEST		UC38_POST_/counterparties	1782723588111	1782723588303	OK	 
REQUEST		UC39_POST_/contacts	1782723588217	1782723588429	OK	 
REQUEST		UC36_POST_/mtb	1782723588312	1782723588505	OK	 
REQUEST		UC38_POST_/counterparties	1782723588408	1782723588614	OK	 
REQUEST		UC40_GET_/mop2/{fflId}	1782723588515	1782723588743	OK	 
REQUEST		UC36_POST_/mtb	1782723588609	1782723588807	OK	 
REQUEST		UC38_POST_/counterparties	1782723588718	1782723588919	OK	 
REQUEST		UC40_GET_/mop2/{fflId}	1782723588812	1782723589031	OK	 
REQUEST		UC37_POST_/dopInfo	1782723588890	1782723589104	OK	 
REQUEST	LoginWeb	first_login	1782723589015	1782723589178	OK	 
REQUEST		UC39_POST_/contacts	1782723589109	1782723589324	OK	 
REQUEST		UC40_GET_/mop2/{fflId}	1782723589208	1782723589447	OK	 
REQUEST		UC37_POST_/dopInfo	1782723589312	1782723589522	OK	 
REQUEST		UC39_POST_/contacts	1782723589408	1782723589596	OK	 
REQUEST		UC41_GET_/onboarding/{fflId}	1782723589515	1782723589700	OK	 
USER	EFSFinmonWebDebug	END	1782723589704
USER	EFSFinmonWebDebug	START	1782723589705
REQUEST		UC37_POST_/dopInfo	1782723589609	1782723589814	OK	 
REQUEST		UC39_POST_/contacts	1782723589718	1782723589933	OK	 
REQUEST		UC41_GET_/onboarding/{fflId}	1782723589823	1782723590017	OK	 
USER	EFSFinmonWebDebug	END	1782723590020
USER	EFSFinmonWebDebug	START	1782723590021
REQUEST		UC38_POST_/counterparties	1782723589890	1782723590086	OK	 
REQUEST	LoginWeb	settingsLogin	1782723590011	1782723590190	OK	 
REQUEST		UC40_GET_/mop2/{fflId}	1782723590108	1782723590340	OK	 
REQUEST		UC41_GET_/onboarding/{fflId}	1782723590218	1782723590396	OK	 
USER	EFSFinmonWebDebug	END	1782723590400
USER	EFSFinmonWebDebug	START	1782723590401
REQUEST		UC38_POST_/counterparties	1782723590308	1782723590498	OK	 
REQUEST		UC40_GET_/mop2/{fflId}	1782723590408	1782723590637	OK	 
REQUEST	LoginWeb	first_login	1782723590514	1782723590698	OK	 
REQUEST		UC38_POST_/counterparties	1782723590608	1782723590800	OK	 
REQUEST		UC40_GET_/mop2/{fflId}	1782723590718	1782723590952	OK	 
REQUEST	LoginWeb	first_login	1782723590798	1782723590964	OK	 
REQUEST		UC39_POST_/contacts	1782723590889	1782723591084	OK	 
REQUEST	LoginWeb	newsLogin	1782723591014	1782723591225	OK	 
REQUEST		UC41_GET_/onboarding/{fflId}	1782723591109	1782723591307	OK	 
USER	EFSFinmonWebDebug	END	1782723591310
USER	EFSFinmonWebDebug	START	1782723591311
REQUEST	LoginWeb	first_login	1782723591218	1782723591385	OK	 
REQUEST		UC39_POST_/contacts	1782723591312	1782723591512	OK	 
REQUEST		UC41_GET_/onboarding/{fflId}	1782723591408	1782723591587	OK	 
USER	EFSFinmonWebDebug	END	1782723591593
USER	EFSFinmonWebDebug	START	1782723591594
REQUEST	LoginWeb	settingsLogin	1782723591514	1782723591680	OK	 
REQUEST		UC39_POST_/contacts	1782723591608	1782723591805	OK	 
REQUEST		UC41_GET_/onboarding/{fflId}	1782723591717	1782723591913	OK	 
USER	EFSFinmonWebDebug	END	1782723591917
USER	EFSFinmonWebDebug	START	1782723591918
REQUEST	LoginWeb	settingsLogin	1782723591811	1782723592013	OK	 
REQUEST		UC40_GET_/mop2/{fflId}	1782723591889	1782723592116	OK	 
REQUEST	LoginWeb	preLogin	1782723592015	1782723592223	OK	 
REQUEST	LoginWeb	first_login	1782723592109	1782723592280	OK	 
REQUEST	LoginWeb	settingsLogin	1782723592218	1782723592387	OK	 
REQUEST		UC40_GET_/mop2/{fflId}	1782723592313	1782723592546	OK	 
REQUEST	LoginWeb	first_login	1782723592408	1782723592570	OK	 
REQUEST	LoginWeb	newsLogin	1782723592514	1782723592709	OK	 
REQUEST		UC40_GET_/mop2/{fflId}	1782723592608	1782723592850	OK	 
REQUEST	LoginWeb	first_login	1782723592720	1782723592858	OK	 
REQUEST	LoginWeb	newsLogin	1782723592798	1782723592994	OK	 
REQUEST		UC41_GET_/onboarding/{fflId}	1782723592889	1782723593072	OK	 
USER	EFSFinmonWebDebug	END	1782723593076
USER	EFSFinmonWebDebug	START	1782723593077
REQUEST	LoginWeb	login	1782723593014	1782723593281	OK	 
REQUEST	LoginWeb	settingsLogin	1782723593109	1782723593292	OK	 
REQUEST	LoginWeb	newsLogin	1782723593218	1782723593439	OK	 
REQUEST		UC41_GET_/onboarding/{fflId}	1782723593313	1782723593481	OK	 
USER	EFSFinmonWebDebug	END	1782723593485
USER	EFSFinmonWebDebug	START	1782723593486
REQUEST	LoginWeb	settingsLogin	1782723593408	1782723593563	OK	 
REQUEST	LoginWeb	preLogin	1782723593515	1782723593748	OK	 
REQUEST		UC41_GET_/onboarding/{fflId}	1782723593608	1782723593793	OK	 
USER	EFSFinmonWebDebug	END	1782723593799
USER	EFSFinmonWebDebug	START	1782723593799
REQUEST	LoginWeb	settingsLogin	1782723593718	1782723593928	OK	 
REQUEST	LoginWeb	preLogin	1782723593812	1782723594035	OK	 
REQUEST	LoginWeb	first_login	1782723593891	1782723594075	OK	 
REQUEST	LoginWeb	newsLogin	1782723594109	1782723594280	OK	 
REQUEST	LoginWeb	preLogin	1782723594218	1782723594434	OK	 
REQUEST	LoginWeb	first_login	1782723594312	1782723594482	OK	 
REQUEST	LoginWeb	newsLogin	1782723594408	1782723594619	OK	 
REQUEST	LoginWeb	first_login	1782723594608	1782723594778	OK	 
REQUEST	LoginWeb	login	1782723594515	1782723594780	OK	 
REQUEST	LoginWeb	newsLogin	1782723594702	1782723594872	OK	 
REQUEST	LoginWeb	create	1782723594010	1782723594907	OK	 
REQUEST	LoginWeb	login	1782723594811	1782723595077	OK	 
REQUEST	LoginWeb	settingsLogin	1782723594889	1782723595101	OK	 
REQUEST	LoginWeb	preLogin	1782723595014	1782723595244	OK	 
REQUEST	LoginWeb	login	1782723595109	1782723595370	OK	 
REQUEST	LoginWeb	settingsLogin	1782723595218	1782723595429	OK	 
REQUEST	LoginWeb	preLogin	1782723595312	1782723595548	OK	 
REQUEST	LoginWeb	settingsLogin	1782723595408	1782723595574	OK	 
REQUEST	LoginWeb	decrypt	1782723595717	1782723595791	OK	 
GROUP	LoginWeb	1782723588226	1782723595792	1999	OK
ERROR	UC01_POST_/file-upload: Failed to build request: No attribute named 'requestId' is defined 	1782723595792
ERROR	UC02_POST_/send-to-bank: Failed to build request: No attribute named 'requestId' is defined 	1782723595793
REQUEST	LoginWeb	preLogin	1782723595608	1782723595812	OK	 
REQUEST	LoginWeb	newsLogin	1782723595889	1782723596067	OK	 
REQUEST	LoginWeb	login	1782723596014	1782723596285	OK	 
REQUEST	LoginWeb	create	1782723595515	1782723596349	OK	 
REQUEST	LoginWeb	newsLogin	1782723596218	1782723596426	OK	 
REQUEST	LoginWeb	login	1782723596312	1782723596555	OK	 
REQUEST	LoginWeb	newsLogin	1782723596416	1782723596605	OK	 
REQUEST	LoginWeb	create	1782723595811	1782723596620	OK	 
REQUEST	LoginWeb	login	1782723596608	1782723596865	OK	 
REQUEST		UC03_GET_/params	1782723596509	1782723596912	OK	 
ERROR	UC04_POST_/delete-file: Failed to build request: No attribute named 'pprbId' is defined 	1782723596914
REQUEST	LoginWeb	preLogin	1782723596718	1782723596932	OK	 
REQUEST	LoginWeb	create	1782723596109	1782723596947	OK	 
REQUEST	LoginWeb	decrypt	1782723596894	1782723596975	OK	 
GROUP	LoginWeb	1782723589705	1782723596976	1958	OK
ERROR	UC01_POST_/file-upload: Failed to build request: No attribute named 'requestId' is defined 	1782723596976
ERROR	UC02_POST_/send-to-bank: Failed to build request: No attribute named 'requestId' is defined 	1782723596976
REQUEST	LoginWeb	preLogin	1782723597003	1782723597233	OK	 
REQUEST	LoginWeb	decrypt	1782723597298	1782723597375	OK	 
GROUP	LoginWeb	1782723590021	1782723597376	1939	OK
ERROR	UC01_POST_/file-upload: Failed to build request: No attribute named 'requestId' is defined 	1782723597377
ERROR	UC02_POST_/send-to-bank: Failed to build request: No attribute named 'requestId' is defined 	1782723597377
REQUEST	LoginWeb	preLogin	1782723597198	1782723597426	OK	 
REQUEST	LoginWeb	create	1782723596812	1782723597573	OK	 
REQUEST		UC05_GET_/download/{fileid}	1782723597515	1782723597730	OK	 
ERROR	UC06_GET_/detail-with-attachments/{fflId}: Failed to build request: No attribute named 'fflId' is defined 	1782723597731
REQUEST	LoginWeb	decrypt	1782723597718	1782723597803	OK	 
GROUP	LoginWeb	1782723590401	1782723597804	1957	OK
ERROR	UC01_POST_/file-upload: Failed to build request: No attribute named 'requestId' is defined 	1782723597804
ERROR	UC02_POST_/send-to-bank: Failed to build request: No attribute named 'requestId' is defined 	1782723597805
REQUEST	LoginWeb	login	1782723597624	1782723597868	OK	 
REQUEST	LoginWeb	create	1782723597098	1782723597926	OK	 
REQUEST	LoginWeb	login	1782723597874	1782723598139	OK	 
REQUEST		UC03_GET_/params	1782723597812	1782723598140	OK	 
ERROR	UC04_POST_/delete-file: Failed to build request: No attribute named 'pprbId' is defined 	1782723598145
REQUEST	LoginWeb	create	1782723597405	1782723598218	OK	 
REQUEST	LoginWeb	decrypt	1782723598187	1782723598262	OK	 
GROUP	LoginWeb	1782723591311	1782723598263	1862	OK
ERROR	UC01_POST_/file-upload: Failed to build request: No attribute named 'requestId' is defined 	1782723598263
ERROR	UC02_POST_/send-to-bank: Failed to build request: No attribute named 'requestId' is defined 	1782723598264
REQUEST	LoginWeb	login	1782723598078	1782723598317	OK	 
REQUEST		UC03_GET_/params	1782723597984	1782723598320	OK	 
ERROR	UC04_POST_/delete-file: Failed to build request: No attribute named 'pprbId' is defined 	1782723598323
REQUEST		UC07_POST_/inform-list	1782723598296	1782723598603	OK	 
REQUEST	LoginWeb	decrypt	1782723598593	1782723598669	OK	 
GROUP	LoginWeb	1782723591594	1782723598670	1911	OK
ERROR	UC01_POST_/file-upload: Failed to build request: No attribute named 'requestId' is defined 	1782723598670
ERROR	UC02_POST_/send-to-bank: Failed to build request: No attribute named 'requestId' is defined 	1782723598670
REQUEST		UC03_GET_/params	1782723598378	1782723598706	OK	 
ERROR	UC04_POST_/delete-file: Failed to build request: No attribute named 'pprbId' is defined 	1782723598708
REQUEST	LoginWeb	decrypt	1782723598874	1782723598951	OK	 
GROUP	LoginWeb	1782723591918	1782723598953	1869	OK
ERROR	UC01_POST_/file-upload: Failed to build request: No attribute named 'requestId' is defined 	1782723598953
ERROR	UC02_POST_/send-to-bank: Failed to build request: No attribute named 'requestId' is defined 	1782723598953
REQUEST		UC05_GET_/download/{fileid}	1782723598791	1782723598994	OK	 
ERROR	UC06_GET_/detail-with-attachments/{fflId}: Failed to build request: No attribute named 'fflId' is defined 	1782723598995
REQUEST	LoginWeb	create	1782723598484	1782723599264	OK	 
REQUEST		UC03_GET_/params	1782723598984	1782723599318	OK	 
ERROR	UC04_POST_/delete-file: Failed to build request: No attribute named 'pprbId' is defined 	1782723599319
REQUEST		UC05_GET_/download/{fileid}	1782723599187	1782723599361	OK	 
ERROR	UC06_GET_/detail-with-attachments/{fflId}: Failed to build request: No attribute named 'fflId' is defined 	1782723599363
REQUEST		UC08_POST_/send-to-bank/{fflId}	1782723599281	1782723599490	OK	 
REQUEST	LoginWeb	create	1782723598702	1782723599560	OK	 
REQUEST		UC05_GET_/download/{fileid}	1782723599483	1782723599682	OK	 
ERROR	UC06_GET_/detail-with-attachments/{fflId}: Failed to build request: No attribute named 'fflId' is defined 	1782723599684
REQUEST		UC03_GET_/params	1782723599378	1782723599723	OK	 
ERROR	UC04_POST_/delete-file: Failed to build request: No attribute named 'pprbId' is defined 	1782723599725
REQUEST	LoginWeb	create	1782723599078	1782723599848	OK	 
REQUEST	LoginWeb	decrypt	1782723599802	1782723599881	OK	 
GROUP	LoginWeb	1782723593077	1782723599882	1891	OK
ERROR	UC01_POST_/file-upload: Failed to build request: No attribute named 'requestId' is defined 	1782723599882
ERROR	UC02_POST_/send-to-bank: Failed to build request: No attribute named 'requestId' is defined 	1782723599883
REQUEST		UC07_POST_/inform-list	1782723599688	1782723599959	OK	 
REQUEST		UC03_GET_/params	1782723599608	1782723600003	OK	 
ERROR	UC04_POST_/delete-file: Failed to build request: No attribute named 'pprbId' is defined 	1782723600005
REQUEST		UC05_GET_/download/{fileid}	1782723599869	1782723600069	OK	 
ERROR	UC06_GET_/detail-with-attachments/{fflId}: Failed to build request: No attribute named 'fflId' is defined 	1782723600071
REQUEST	LoginWeb	decrypt	1782723600188	1782723600266	OK	 
GROUP	LoginWeb	1782723593486	1782723600268	2020	OK
ERROR	UC01_POST_/file-upload: Failed to build request: No attribute named 'requestId' is defined 	1782723600268
REQUEST		UC07_POST_/inform-list	1782723599988	1782723600267	OK	 
ERROR	UC02_POST_/send-to-bank: Failed to build request: No attribute named 'requestId' is defined 	1782723600288
REQUEST		UC09_GET_/requests-and-inform	1782723600089	1782723600352	OK	 
REQUEST	LoginWeb	decrypt	1782723600488	1782723600562	OK	 
GROUP	LoginWeb	1782723593799	1782723600564	1836	OK
ERROR	UC01_POST_/file-upload: Failed to build request: No attribute named 'requestId' is defined 	1782723600564
ERROR	UC02_POST_/send-to-bank: Failed to build request: No attribute named 'requestId' is defined 	1782723600564
REQUEST		UC05_GET_/download/{fileid}	1782723600406	1782723600594	OK	 
ERROR	UC06_GET_/detail-with-attachments/{fflId}: Failed to build request: No attribute named 'fflId' is defined 	1782723600596
REQUEST		UC07_POST_/inform-list	1782723600298	1782723600600	OK	 
REQUEST		UC08_POST_/send-to-bank/{fflId}	1782723600688	1782723600886	OK	 
REQUEST		UC03_GET_/params	1782723600578	1782723600921	OK	 
ERROR	UC04_POST_/delete-file: Failed to build request: No attribute named 'pprbId' is defined 	1782723600922
REQUEST		UC05_GET_/download/{fileid}	1782723600781	1782723600990	OK	 
ERROR	UC06_GET_/detail-with-attachments/{fflId}: Failed to build request: No attribute named 'fflId' is defined 	1782723600991
REQUEST		UC07_POST_/inform-list	1782723600890	1782723601170	OK	 
REQUEST		UC08_POST_/send-to-bank/{fflId}	1782723601014	1782723601209	OK	 
REQUEST		UC03_GET_/params	1782723601109	1782723601518	OK	 
ERROR	UC04_POST_/delete-file: Failed to build request: No attribute named 'pprbId' is defined 	1782723601519
REQUEST		UC10_POST_/mop-1-0	1782723601218	1782723601541	OK	 
REQUEST		UC03_GET_/params	1782723601314	1782723601728	OK	 
ERROR	UC04_POST_/delete-file: Failed to build request: No attribute named 'pprbId' is defined 	1782723601730
REQUEST		UC08_POST_/send-to-bank/{fflId}	1782723601515	1782723601733	OK	 
REQUEST		UC07_POST_/inform-list	1782723601408	1782723601745	OK	 
REQUEST		UC09_GET_/requests-and-inform	1782723601609	1782723601886	OK	 
REQUEST		UC05_GET_/download/{fileid}	1782723601718	1782723601916	OK	 
ERROR	UC06_GET_/detail-with-attachments/{fflId}: Failed to build request: No attribute named 'fflId' is defined 	1782723601921
REQUEST		UC08_POST_/send-to-bank/{fflId}	1782723601890	1782723602091	OK	 
REQUEST		UC07_POST_/inform-list	1782723601812	1782723602156	OK	 
REQUEST		UC09_GET_/requests-and-inform	1782723602014	1782723602263	OK	 
REQUEST		UC05_GET_/download/{fileid}	1782723602109	1782723602330	OK	 
ERROR	UC06_GET_/detail-with-attachments/{fflId}: Failed to build request: No attribute named 'fflId' is defined 	1782723602331
REQUEST		UC11_POST_/online-control	1782723602218	1782723602518	OK	 
REQUEST		UC05_GET_/download/{fileid}	1782723602313	1782723602538	OK	 
ERROR	UC06_GET_/detail-with-attachments/{fflId}: Failed to build request: No attribute named 'fflId' is defined 	1782723602539
REQUEST		UC09_GET_/requests-and-inform	1782723602408	1782723602686	OK	 
REQUEST		UC08_POST_/send-to-bank/{fflId}	1782723602508	1782723602724	OK	 
REQUEST		UC10_POST_/mop-1-0	1782723602608	1782723602896	OK	 
REQUEST		UC07_POST_/inform-list	1782723602713	1782723602993	OK	 
REQUEST		UC09_GET_/requests-and-inform	1782723602827	1782723603079	OK	 
REQUEST		UC08_POST_/send-to-bank/{fflId}	1782723602890	1782723603127	OK	 
REQUEST		UC10_POST_/mop-1-0	1782723603014	1782723603283	OK	 
REQUEST		UC07_POST_/inform-list	1782723603109	1782723603433	OK	 
REQUEST		UC12_GET_/rehabilitation	1782723603208	1782723603565	OK	 
REQUEST		UC07_POST_/inform-list	1782723603313	1782723603647	OK	 
REQUEST		UC10_POST_/mop-1-0	1782723603408	1782723603723	OK	 
REQUEST		UC09_GET_/requests-and-inform	1782723603516	1782723603769	OK	 
REQUEST		UC11_POST_/online-control	1782723603608	1782723603889	OK	 
REQUEST		UC08_POST_/send-to-bank/{fflId}	1782723603718	1782723603919	OK	 
REQUEST		UC10_POST_/mop-1-0	1782723603812	1782723604095	OK	 
REQUEST		UC09_GET_/requests-and-inform	1782723603890	1782723604156	OK	 
REQUEST		UC11_POST_/online-control	1782723604015	1782723604258	OK	 
REQUEST		UC08_POST_/send-to-bank/{fflId}	1782723604124	1782723604338	OK	 
REQUEST		UC13_GET_/unread-tabs	1782723604217	1782723604430	OK	 
REQUEST		UC08_POST_/send-to-bank/{fflId}	1782723604312	1782723604528	OK	 
REQUEST		UC11_POST_/online-control	1782723604408	1782723604705	OK	 
REQUEST		UC10_POST_/mop-1-0	1782723604515	1782723604818	OK	 
REQUEST		UC12_GET_/rehabilitation	1782723604598	1782723604879	OK	 
REQUEST		UC09_GET_/requests-and-inform	1782723604702	1782723604941	OK	 
REQUEST		UC11_POST_/online-control	1782723604827	1782723605101	OK	 
REQUEST		UC10_POST_/mop-1-0	1782723604889	1782723605194	OK	 
REQUEST		UC12_GET_/rehabilitation	1782723605014	1782723605308	OK	 
REQUEST		UC09_GET_/requests-and-inform	1782723605109	1782723605376	OK	 
REQUEST		UC14_POST_/detail	1782723605218	1782723605394	OK	 
REQUEST		UC09_GET_/requests-and-inform	1782723605313	1782723605574	OK	 
REQUEST		UC12_GET_/rehabilitation	1782723605408	1782723605732	OK	 
REQUEST		UC13_GET_/unread-tabs	1782723605598	1782723605792	OK	 
REQUEST		UC11_POST_/online-control	1782723605515	1782723605814	OK	 
REQUEST		UC10_POST_/mop-1-0	1782723605702	1782723605964	OK	 
REQUEST		UC12_GET_/rehabilitation	1782723605812	1782723606135	OK	 
REQUEST		UC11_POST_/online-control	1782723605890	1782723606186	OK	 
REQUEST		UC13_GET_/unread-tabs	1782723606015	1782723606198	OK	 
REQUEST		UC10_POST_/mop-1-0	1782723606109	1782723606432	OK	 
REQUEST		UC15_POST_/callback	1782723606209	1782723606438	OK	 
REQUEST		UC13_GET_/unread-tabs	1782723606408	1782723606629	OK	 
REQUEST		UC10_POST_/mop-1-0	1782723606313	1782723606637	OK	 
REQUEST		UC14_POST_/detail	1782723606516	1782723606688	OK	 
REQUEST		UC12_GET_/rehabilitation	1782723606610	1782723606959	OK	 
REQUEST		UC11_POST_/online-control	1782723606708	1782723606973	OK	 
REQUEST		UC13_GET_/unread-tabs	1782723606798	1782723606998	OK	 
REQUEST		UC14_POST_/detail	1782723607014	1782723607175	OK	 
REQUEST		UC12_GET_/rehabilitation	1782723606889	1782723607205	OK	 
REQUEST		UC11_POST_/online-control	1782723607108	1782723607392	OK	 
REQUEST		UC16_PUT_/callback	1782723607218	1782723607393	OK	 
REQUEST		UC14_POST_/detail	1782723607312	1782723607486	OK	 
REQUEST		UC15_POST_/callback	1782723607515	1782723607716	OK	 
REQUEST		UC11_POST_/online-control	1782723607408	1782723607716	OK	 
REQUEST		UC13_GET_/unread-tabs	1782723607625	1782723607840	OK	 
REQUEST		UC12_GET_/rehabilitation	1782723607708	1782723608001	OK	 
REQUEST		UC14_POST_/detail	1782723607827	1782723608007	OK	 
REQUEST		UC15_POST_/callback	1782723607890	1782723608085	OK	 
REQUEST		UC13_GET_/unread-tabs	1782723608015	1782723608213	OK	 
REQUEST		UC17_DELETE_/callback?taskId={taskIdCB}	1782723608219	1782723608433	OK	 
REQUEST		UC12_GET_/rehabilitation	1782723608109	1782723608434	OK	 
REQUEST		UC15_POST_/callback	1782723608313	1782723608523	OK	 
REQUEST		UC16_PUT_/callback	1782723608408	1782723608567	OK	 
REQUEST		UC14_POST_/detail	1782723608609	1782723608784	OK	 
REQUEST		UC12_GET_/rehabilitation	1782723608516	1782723608842	OK	 
REQUEST		UC13_GET_/unread-tabs	1782723608708	1782723608886	OK	 
REQUEST		UC15_POST_/callback	1782723608813	1782723609010	OK	 
REQUEST		UC16_PUT_/callback	1782723608890	1782723609051	OK	 
REQUEST		UC14_POST_/detail	1782723609015	1782723609185	OK	 
REQUEST		UC18_GET_/compliance-helper	1782723609109	1782723609300	OK	 
REQUEST		UC13_GET_/unread-tabs	1782723609208	1782723609428	OK	 
REQUEST		UC16_PUT_/callback	1782723609313	1782723609478	OK	 
REQUEST		UC17_DELETE_/callback?taskId={taskIdCB}	1782723609420	1782723609623	OK	 
REQUEST		UC15_POST_/callback	1782723609514	1782723609733	OK	 
REQUEST		UC13_GET_/unread-tabs	1782723609608	1782723609801	OK	 
REQUEST		UC14_POST_/detail	1782723609717	1782723609894	OK	 
REQUEST		UC16_PUT_/callback	1782723609800	1782723609968	OK	 
REQUEST		UC17_DELETE_/callback?taskId={taskIdCB}	1782723609878	1782723610071	OK	 
REQUEST		UC15_POST_/callback	1782723609989	1782723610219	OK	 
REQUEST		UC19_GET_/activation	1782723610088	1782723610248	OK	 
REQUEST		UC14_POST_/detail	1782723610188	1782723610345	OK	 
REQUEST		UC17_DELETE_/callback?taskId={taskIdCB}	1782723610296	1782723610519	OK	 
REQUEST		UC18_GET_/compliance-helper	1782723610390	1782723610572	OK	 
REQUEST		UC16_PUT_/callback	1782723610488	1782723610642	OK	 
REQUEST		UC14_POST_/detail	1782723610593	1782723610762	OK	 
REQUEST		UC15_POST_/callback	1782723610702	1782723610916	OK	 
REQUEST		UC17_DELETE_/callback?taskId={taskIdCB}	1782723610798	1782723611015	OK	 
REQUEST		UC18_GET_/compliance-helper	1782723610878	1782723611054	OK	 
REQUEST		UC16_PUT_/callback	1782723611015	1782723611162	OK	 
REQUEST		UC20_GET_/change-tariff	1782723611098	1782723611257	OK	 
REQUEST		UC15_POST_/callback	1782723611203	1782723611425	OK	 
REQUEST		UC18_GET_/compliance-helper	1782723611300	1782723611468	OK	 
REQUEST		UC19_GET_/activation	1782723611398	1782723611570	OK	 
REQUEST		UC17_DELETE_/callback?taskId={taskIdCB}	1782723611498	1782723611700	OK	 
REQUEST		UC15_POST_/callback	1782723611608	1782723611823	OK	 
REQUEST		UC16_PUT_/callback	1782723611688	1782723611844	OK	 
REQUEST		UC18_GET_/compliance-helper	1782723611796	1782723611967	OK	 
REQUEST		UC19_GET_/activation	1782723611889	1782723612039	OK	 
REQUEST		UC17_DELETE_/callback?taskId={taskIdCB}	1782723612014	1782723612214	OK	 
REQUEST		UC21_GET_/user-permissions	1782723612108	1782723612256	OK	 
REQUEST		UC16_PUT_/callback	1782723612218	1782723612370	OK	 
REQUEST		UC19_GET_/activation	1782723612312	1782723612471	OK	 
REQUEST		UC20_GET_/change-tariff	1782723612408	1782723612567	OK	 
REQUEST		UC18_GET_/compliance-helper	1782723612515	1782723612674	OK	 
REQUEST		UC16_PUT_/callback	1782723612608	1782723612774	OK	 
REQUEST		UC17_DELETE_/callback?taskId={taskIdCB}	1782723612718	1782723612928	OK	 
REQUEST		UC19_GET_/activation	1782723612827	1782723612982	OK	 
REQUEST		UC20_GET_/change-tariff	1782723612889	1782723613051	OK	 
REQUEST		UC18_GET_/compliance-helper	1782723613014	1782723613179	OK	 
REQUEST		UC17_DELETE_/callback?taskId={taskIdCB}	1782723613218	1782723613421	OK	 
REQUEST		UC22_GET_/print-form	1782723613108	1782723613446	OK	 
REQUEST		UC20_GET_/change-tariff	1782723613313	1782723613476	OK	 
REQUEST		UC21_GET_/user-permissions	1782723613408	1782723613568	OK	 
REQUEST		UC19_GET_/activation	1782723613515	1782723613665	OK	 
REQUEST		UC17_DELETE_/callback?taskId={taskIdCB}	1782723613609	1782723613818	OK	 
REQUEST		UC18_GET_/compliance-helper	1782723613702	1782723613874	OK	 
REQUEST		UC20_GET_/change-tariff	1782723613798	1782723613964	OK	 
REQUEST		UC21_GET_/user-permissions	1782723613890	1782723614022	OK	 
REQUEST		UC19_GET_/activation	1782723614014	1782723614169	OK	 
REQUEST		UC18_GET_/compliance-helper	1782723614109	1782723614295	OK	 
REQUEST		UC21_GET_/user-permissions	1782723614312	1782723614473	OK	 
REQUEST		UC23_GET_/rejections	1782723614218	1782723614605	OK	 
REQUEST		UC20_GET_/change-tariff	1782723614516	1782723614670	OK	 
REQUEST		UC22_GET_/print-form	1782723614408	1782723614766	OK	 
REQUEST		UC18_GET_/compliance-helper	1782723614609	1782723614778	OK	 
REQUEST		UC19_GET_/activation	1782723614719	1782723614879	OK	 
REQUEST		UC21_GET_/user-permissions	1782723614798	1782723614948	OK	 
REQUEST		UC20_GET_/change-tariff	1782723615000	1782723615172	OK	 
REQUEST		UC22_GET_/print-form	1782723614878	1782723615186	OK	 
REQUEST		UC19_GET_/activation	1782723615098	1782723615260	OK	 
REQUEST		UC22_GET_/print-form	1782723615204	1782723615545	OK	 
REQUEST		UC21_GET_/user-permissions	1782723615406	1782723615559	OK	 
REQUEST		UC24_GET_/rejection/{operationId}	1782723615298	1782723615592	OK	 
REQUEST		UC19_GET_/activation	1782723615593	1782723615750	OK	 
REQUEST		UC23_GET_/rejections	1782723615499	1782723615844	OK	 
REQUEST		UC20_GET_/change-tariff	1782723615688	1782723615848	OK	 
REQUEST		UC21_GET_/user-permissions	1782723615890	1782723616032	OK	 
REQUEST		UC22_GET_/print-form	1782723615796	1782723616128	OK	 
REQUEST		UC20_GET_/change-tariff	1782723616109	1782723616260	OK	 
REQUEST		UC23_GET_/rejections	1782723616015	1782723616370	OK	 
REQUEST		UC25_GET_/active-switchers	1782723616420	1782723616591	OK	 
REQUEST		UC23_GET_/rejections	1782723616213	1782723616645	OK	 
REQUEST		UC22_GET_/print-form	1782723616311	1782723616653	OK	 
REQUEST		UC20_GET_/change-tariff	1782723616514	1782723616673	OK	 
REQUEST		UC21_GET_/user-permissions	1782723616717	1782723616873	OK	 
REQUEST		UC24_GET_/rejection/{operationId}	1782723616608	1782723616878	OK	 
REQUEST		UC22_GET_/print-form	1782723616808	1782723617150	OK	 
REQUEST		UC21_GET_/user-permissions	1782723617015	1782723617159	OK	 
REQUEST		UC23_GET_/rejections	1782723616890	1782723617237	OK	 
REQUEST		UC26_GET_/system-parameters	1782723617208	1782723617364	OK	 
REQUEST		UC24_GET_/rejection/{operationId}	1782723617110	1782723617375	OK	 
REQUEST		UC24_GET_/rejection/{operationId}	1782723617316	1782723617623	OK	 
REQUEST		UC21_GET_/user-permissions	1782723617510	1782723617677	OK	 
REQUEST		UC23_GET_/rejections	1782723617417	1782723617834	OK	 
REQUEST		UC25_GET_/active-switchers	1782723617718	1782723617882	OK	 
REQUEST		UC22_GET_/print-form	1782723617610	1782723617943	OK	 
REQUEST		UC23_GET_/rejections	1782723617808	1782723618161	OK	 
REQUEST		UC22_GET_/print-form	1782723617890	1782723618197	OK	 
REQUEST		UC24_GET_/rejection/{operationId}	1782723618015	1782723618266	OK	 
REQUEST		UC27_GET_/organization	1782723618109	1782723618284	OK	 
REQUEST		UC25_GET_/active-switchers	1782723618208	1782723618375	OK	 
REQUEST		UC25_GET_/active-switchers	1782723618313	1782723618485	OK	 
REQUEST		UC22_GET_/print-form	1782723618412	1782723618777	OK	 
REQUEST		UC26_GET_/system-parameters	1782723618609	1782723618787	OK	 
REQUEST		UC24_GET_/rejection/{operationId}	1782723618515	1782723618830	OK	 
REQUEST		UC23_GET_/rejections	1782723618718	1782723619062	OK	 
REQUEST		UC24_GET_/rejection/{operationId}	1782723618798	1782723619075	OK	 
REQUEST		UC25_GET_/active-switchers	1782723619014	1782723619173	OK	 
REQUEST		UC28_GET_/compliance-profile/mtb	1782723619109	1782723619270	OK	 
REQUEST		UC23_GET_/rejections	1782723618894	1782723619295	OK	 
REQUEST		UC26_GET_/system-parameters	1782723619218	1782723619377	OK	 
REQUEST		UC26_GET_/system-parameters	1782723619313	1782723619474	OK	 
REQUEST		UC27_GET_/organization	1782723619518	1782723619683	OK	 
REQUEST		UC25_GET_/active-switchers	1782723619624	1782723619788	OK	 
REQUEST		UC23_GET_/rejections	1782723619406	1782723619793	OK	 
REQUEST		UC25_GET_/active-switchers	1782723619808	1782723619964	OK	 
REQUEST		UC24_GET_/rejection/{operationId}	1782723619715	1782723619992	OK	 
REQUEST		UC26_GET_/system-parameters	1782723619889	1782723620059	OK	 
REQUEST		UC29_GET_/dopInfo	1782723620009	1782723620157	OK	 
REQUEST		UC27_GET_/organization	1782723620218	1782723620384	OK	 
REQUEST		UC24_GET_/rejection/{operationId}	1782723620108	1782723620404	OK	 
REQUEST		UC27_GET_/organization	1782723620312	1782723620482	OK	 
REQUEST		UC28_GET_/compliance-profile/mtb	1782723620408	1782723620573	OK	 
REQUEST		UC26_GET_/system-parameters	1782723620511	1782723620689	OK	 
REQUEST		UC24_GET_/rejection/{operationId}	1782723620608	1782723620899	OK	 
REQUEST		UC26_GET_/system-parameters	1782723620717	1782723620903	OK	 
REQUEST		UC25_GET_/active-switchers	1782723620811	1782723620978	OK	 
REQUEST		UC27_GET_/organization	1782723620889	1782723621058	OK	 
REQUEST		UC30_GET_/counterparties	1782723621014	1782723621166	OK	 
REQUEST		UC28_GET_/compliance-profile/mtb	1782723621109	1782723621260	OK	 
REQUEST		UC25_GET_/active-switchers	1782723621218	1782723621397	OK	 
REQUEST		UC28_GET_/compliance-profile/mtb	1782723621312	1782723621468	OK	 
REQUEST		UC29_GET_/dopInfo	1782723621408	1782723621554	OK	 
REQUEST		UC27_GET_/organization	1782723621516	1782723621692	OK	 
REQUEST		UC25_GET_/active-switchers	1782723621609	1782723621767	OK	 
REQUEST		UC27_GET_/organization	1782723621708	1782723621879	OK	 
REQUEST		UC26_GET_/system-parameters	1782723621798	1782723621974	OK	 
REQUEST		UC28_GET_/compliance-profile/mtb	1782723621891	1782723622064	OK	 
REQUEST		UC31_GET_/compliance-profile/contacts	1782723622062	1782723622214	OK	 
REQUEST		UC29_GET_/dopInfo	1782723622158	1782723622310	OK	 
REQUEST		UC26_GET_/system-parameters	1782723622264	1782723622450	OK	 
REQUEST		UC29_GET_/dopInfo	1782723622359	1782723622528	OK	 
REQUEST		UC30_GET_/counterparties	1782723622468	1782723622627	OK	 
REQUEST		UC28_GET_/compliance-profile/mtb	1782723622562	1782723622731	OK	 
REQUEST		UC26_GET_/system-parameters	1782723622671	1782723622828	OK	 
REQUEST		UC28_GET_/compliance-profile/mtb	1782723622760	1782723622931	OK	 
REQUEST		UC27_GET_/organization	1782723622812	1782723622972	OK	 
REQUEST		UC29_GET_/dopInfo	1782723622878	1782723623030	OK	 
REQUEST		UC32_GET_/compliance-profile	1782723622999	1782723623168	OK	 
REQUEST		UC30_GET_/counterparties	1782723623098	1782723623240	OK	 
REQUEST		UC27_GET_/organization	1782723623202	1782723623382	OK	 
REQUEST		UC30_GET_/counterparties	1782723623298	1782723623481	OK	 
REQUEST		UC31_GET_/compliance-profile/contacts	1782723623406	1782723623576	OK	 
REQUEST		UC29_GET_/dopInfo	1782723623499	1782723623649	OK	 
REQUEST		UC27_GET_/organization	1782723623598	1782723623775	OK	 
REQUEST		UC29_GET_/dopInfo	1782723623688	1782723623854	OK	 
REQUEST		UC28_GET_/compliance-profile/mtb	1782723623798	1782723623946	OK	 
REQUEST		UC30_GET_/counterparties	1782723623890	1782723624035	OK	 
REQUEST		UC33_GET_/detail	1782723624015	1782723624224	OK	 
REQUEST		UC31_GET_/compliance-profile/contacts	1782723624109	1782723624248	OK	 
REQUEST		UC28_GET_/compliance-profile/mtb	1782723624218	1782723624374	OK	 
REQUEST		UC31_GET_/compliance-profile/contacts	1782723624312	1782723624463	OK	 
REQUEST		UC32_GET_/compliance-profile	1782723624408	1782723624576	OK	 
REQUEST		UC30_GET_/counterparties	1782723624515	1782723624690	OK	 
REQUEST		UC28_GET_/compliance-profile/mtb	1782723624609	1782723624765	OK	 
REQUEST		UC30_GET_/counterparties	1782723624718	1782723624886	OK	 
REQUEST		UC29_GET_/dopInfo	1782723624811	1782723624972	OK	 
REQUEST		UC31_GET_/compliance-profile/contacts	1782723624889	1782723625049	OK	 
REQUEST		UC34_DELETE_/alert	1782723625014	1782723625223	OK	 
REQUEST		UC32_GET_/compliance-profile	1782723625109	1782723625272	OK	 
REQUEST		UC29_GET_/dopInfo	1782723625208	1782723625390	OK	 
REQUEST		UC32_GET_/compliance-profile	1782723625327	1782723625479	OK	 
REQUEST		UC33_GET_/detail	1782723625408	1782723625587	OK	 
REQUEST		UC31_GET_/compliance-profile/contacts	1782723625515	1782723625677	OK	 
REQUEST		UC29_GET_/dopInfo	1782723625609	1782723625778	OK	 
REQUEST		UC31_GET_/compliance-profile/contacts	1782723625718	1782723625899	OK	 
REQUEST		UC30_GET_/counterparties	1782723625812	1782723625974	OK	 
REQUEST		UC32_GET_/compliance-profile	1782723625890	1782723626048	OK	 
REQUEST		UC35_POST_/organization	1782723626015	1782723626232	OK	 
REQUEST		UC33_GET_/detail	1782723626110	1782723626305	OK	 
REQUEST		UC30_GET_/counterparties	1782723626208	1782723626360	OK	 
REQUEST		UC33_GET_/detail	1782723626313	1782723626512	OK	 
REQUEST		UC34_DELETE_/alert	1782723626408	1782723626591	OK	 
REQUEST		UC32_GET_/compliance-profile	1782723626514	1782723626699	OK	 
REQUEST		UC30_GET_/counterparties	1782723626608	1782723626760	OK	 
REQUEST		UC32_GET_/compliance-profile	1782723626702	1782723626856	OK	 
REQUEST		UC31_GET_/compliance-profile/contacts	1782723626808	1782723626957	OK	 
REQUEST		UC33_GET_/detail	1782723626889	1782723627080	OK	 
REQUEST		UC36_POST_/mtb	1782723627015	1782723627215	OK	 
REQUEST		UC34_DELETE_/alert	1782723627110	1782723627311	OK	 
REQUEST		UC31_GET_/compliance-profile/contacts	1782723627208	1782723627374	OK	 
REQUEST		UC34_DELETE_/alert	1782723627314	1782723627521	OK	 
REQUEST		UC35_POST_/organization	1782723627413	1782723627690	OK	 
REQUEST		UC33_GET_/detail	1782723627516	1782723627721	OK	 
REQUEST		UC31_GET_/compliance-profile/contacts	1782723627609	1782723627779	OK	 
REQUEST		UC33_GET_/detail	1782723627708	1782723627910	OK	 
REQUEST		UC32_GET_/compliance-profile	1782723627828	1782723627984	OK	 
REQUEST		UC34_DELETE_/alert	1782723627891	1782723628107	OK	 
REQUEST		UC37_POST_/dopInfo	1782723628015	1782723628222	OK	 
REQUEST		UC35_POST_/organization	1782723628109	1782723628324	OK	 
REQUEST		UC32_GET_/compliance-profile	1782723628208	1782723628389	OK	 
REQUEST		UC35_POST_/organization	1782723628313	1782723628521	OK	 
REQUEST		UC36_POST_/mtb	1782723628408	1782723628621	OK	 
REQUEST		UC34_DELETE_/alert	1782723628515	1782723628708	OK	 
REQUEST		UC32_GET_/compliance-profile	1782723628609	1782723628788	OK	 
REQUEST		UC34_DELETE_/alert	1782723628718	1782723628928	OK	 
REQUEST		UC33_GET_/detail	1782723628798	1782723628976	OK	 
REQUEST		UC35_POST_/organization	1782723628890	1782723629093	OK	 
REQUEST		UC38_POST_/counterparties	1782723629008	1782723629219	OK	 
REQUEST		UC36_POST_/mtb	1782723629109	1782723629311	OK	 
REQUEST		UC33_GET_/detail	1782723629208	1782723629403	OK	 
REQUEST		UC36_POST_/mtb	1782723629313	1782723629523	OK	 
REQUEST		UC37_POST_/dopInfo	1782723629408	1782723629609	OK	 
REQUEST		UC35_POST_/organization	1782723629516	1782723629733	OK	 
REQUEST		UC33_GET_/detail	1782723629608	1782723629802	OK	 
REQUEST		UC35_POST_/organization	1782723629715	1782723629920	OK	 
REQUEST		UC34_DELETE_/alert	1782723629813	1782723630013	OK	 
REQUEST		UC36_POST_/mtb	1782723629888	1782723630085	OK	 
REQUEST		UC39_POST_/contacts	1782723630013	1782723630222	OK	 
REQUEST		UC37_POST_/dopInfo	1782723630109	1782723630301	OK	 
REQUEST		UC34_DELETE_/alert	1782723630208	1782723630411	OK	 
REQUEST		UC37_POST_/dopInfo	1782723630313	1782723630526	OK	 
REQUEST		UC38_POST_/counterparties	1782723630408	1782723630599	OK	 
REQUEST		UC36_POST_/mtb	1782723630516	1782723630731	OK	 
REQUEST		UC34_DELETE_/alert	1782723630624	1782723630825	OK	 
REQUEST		UC36_POST_/mtb	1782723630702	1782723630901	OK	 
REQUEST		UC35_POST_/organization	1782723630798	1782723630998	OK	 
REQUEST		UC37_POST_/dopInfo	1782723630890	1782723631101	OK	 
REQUEST		UC40_GET_/mop2/{fflId}	1782723631014	1782723631256	OK	 
REQUEST		UC38_POST_/counterparties	1782723631109	1782723631305	OK	 
REQUEST		UC35_POST_/organization	1782723631218	1782723631440	OK	 
REQUEST		UC38_POST_/counterparties	1782723631312	1782723631507	OK	 
REQUEST		UC39_POST_/contacts	1782723631408	1782723631615	OK	 
REQUEST		UC37_POST_/dopInfo	1782723631515	1782723631720	OK	 
REQUEST		UC35_POST_/organization	1782723631609	1782723631824	OK	 
REQUEST		UC37_POST_/dopInfo	1782723631702	1782723631904	OK	 
REQUEST		UC36_POST_/mtb	1782723631811	1782723632004	OK	 
REQUEST		UC38_POST_/counterparties	1782723631889	1782723632074	OK	 
REQUEST		UC41_GET_/onboarding/{fflId}	1782723632014	1782723632192	OK	 
USER	EFSFinmonWebDebug	END	1782723632196
USER	EFSFinmonWebDebug	START	1782723632196
REQUEST		UC39_POST_/contacts	1782723632109	1782723632302	OK	 
REQUEST		UC36_POST_/mtb	1782723632218	1782723632428	OK	 
REQUEST		UC39_POST_/contacts	1782723632313	1782723632500	OK	 
REQUEST		UC40_GET_/mop2/{fflId}	1782723632408	1782723632631	OK	 
REQUEST		UC38_POST_/counterparties	1782723632516	1782723632706	OK	 
REQUEST		UC36_POST_/mtb	1782723632610	1782723632827	OK	 
REQUEST		UC38_POST_/counterparties	1782723632698	1782723632890	OK	 
REQUEST		UC37_POST_/dopInfo	1782723632813	1782723633019	OK	 
REQUEST		UC39_POST_/contacts	1782723632891	1782723633082	OK	 
REQUEST	LoginWeb	first_login	1782723633016	1782723633183	OK	 
REQUEST		UC40_GET_/mop2/{fflId}	1782723633110	1782723633319	OK	 
REQUEST		UC37_POST_/dopInfo	1782723633208	1782723633414	OK	 
REQUEST		UC41_GET_/onboarding/{fflId}	1782723633408	1782723633610	OK	 
USER	EFSFinmonWebDebug	END	1782723633614
USER	EFSFinmonWebDebug	START	1782723633614
REQUEST		UC40_GET_/mop2/{fflId}	1782723633312	1782723633620	OK	 
REQUEST		UC39_POST_/contacts	1782723633515	1782723633726	OK	 
REQUEST		UC37_POST_/dopInfo	1782723633609	1782723633867	OK	 
REQUEST		UC39_POST_/contacts	1782723633718	1782723633941	OK	 
REQUEST		UC38_POST_/counterparties	1782723633827	1782723634030	OK	 
REQUEST		UC40_GET_/mop2/{fflId}	1782723633889	1782723634110	OK	 
REQUEST	LoginWeb	settingsLogin	1782723634014	1782723634219	OK	 
REQUEST		UC41_GET_/onboarding/{fflId}	1782723634109	1782723634276	OK	 
USER	EFSFinmonWebDebug	END	1782723634280
USER	EFSFinmonWebDebug	START	1782723634280
REQUEST		UC38_POST_/counterparties	1782723634218	1782723634437	OK	 
REQUEST	LoginWeb	first_login	1782723634312	1782723634472	OK	 
REQUEST		UC41_GET_/onboarding/{fflId}	1782723634408	1782723634601	OK	 
USER	EFSFinmonWebDebug	END	1782723634604
USER	EFSFinmonWebDebug	START	1782723634605
REQUEST		UC40_GET_/mop2/{fflId}	1782723634516	1782723634770	OK	 
REQUEST		UC38_POST_/counterparties	1782723634609	1782723634829	OK	 
REQUEST		UC40_GET_/mop2/{fflId}	1782723634708	1782723634959	OK	 
REQUEST		UC39_POST_/contacts	1782723634813	1782723635014	OK	 
REQUEST		UC41_GET_/onboarding/{fflId}	1782723634890	1782723635061	OK	 
USER	EFSFinmonWebDebug	END	1782723635065
USER	EFSFinmonWebDebug	START	1782723635066
REQUEST	LoginWeb	first_login	1782723635109	1782723635246	OK	 
REQUEST	LoginWeb	newsLogin	1782723635015	1782723635357	OK	 
REQUEST		UC39_POST_/contacts	1782723635208	1782723635423	OK	 
REQUEST	LoginWeb	settingsLogin	1782723635313	1782723635499	OK	 
REQUEST	LoginWeb	first_login	1782723635408	1782723635549	OK	 
REQUEST		UC41_GET_/onboarding/{fflId}	1782723635514	1782723635701	OK	 
USER	EFSFinmonWebDebug	END	1782723635705
USER	EFSFinmonWebDebug	START	1782723635705
REQUEST		UC39_POST_/contacts	1782723635608	1782723635819	OK	 
REQUEST		UC41_GET_/onboarding/{fflId}	1782723635717	1782723635915	OK	 
USER	EFSFinmonWebDebug	END	1782723635920
USER	EFSFinmonWebDebug	START	1782723635920
REQUEST		UC40_GET_/mop2/{fflId}	1782723635798	1782723636016	OK	 
REQUEST	LoginWeb	first_login	1782723635888	1782723636049	OK	 
REQUEST	LoginWeb	settingsLogin	1782723636016	1782723636184	OK	 
REQUEST	LoginWeb	preLogin	1782723636110	1782723636328	OK	 
REQUEST		UC40_GET_/mop2/{fflId}	1782723636208	1782723636470	OK	 
REQUEST	LoginWeb	newsLogin	1782723636314	1782723636525	OK	 
REQUEST	LoginWeb	settingsLogin	1782723636408	1782723636593	OK	 
REQUEST	LoginWeb	first_login	1782723636515	1782723636704	OK	 
REQUEST		UC40_GET_/mop2/{fflId}	1782723636609	1782723636851	OK	 
REQUEST	LoginWeb	first_login	1782723636703	1782723636872	OK	 
REQUEST		UC41_GET_/onboarding/{fflId}	1782723636812	1782723637001	OK	 
USER	EFSFinmonWebDebug	END	1782723637006
USER	EFSFinmonWebDebug	START	1782723637007
REQUEST	LoginWeb	settingsLogin	1782723636890	1782723637071	OK	 
REQUEST	LoginWeb	newsLogin	1782723637015	1782723637208	OK	 
REQUEST	LoginWeb	login	1782723637110	1782723637389	OK	 
REQUEST		UC41_GET_/onboarding/{fflId}	1782723637208	1782723637390	OK	 
USER	EFSFinmonWebDebug	END	1782723637398
USER	EFSFinmonWebDebug	START	1782723637399
REQUEST	LoginWeb	preLogin	1782723637314	1782723637543	OK	 
REQUEST	LoginWeb	newsLogin	1782723637408	1782723637623	OK	 
REQUEST	LoginWeb	settingsLogin	1782723637515	1782723637701	OK	 
REQUEST		UC41_GET_/onboarding/{fflId}	1782723637608	1782723637789	OK	 
USER	EFSFinmonWebDebug	END	1782723637793
USER	EFSFinmonWebDebug	START	1782723637794
REQUEST	LoginWeb	settingsLogin	1782723637718	1782723637935	OK	 
REQUEST	LoginWeb	first_login	1782723637811	1782723637997	OK	 
REQUEST	LoginWeb	newsLogin	1782723637890	1782723638064	OK	 
REQUEST	LoginWeb	preLogin	1782723638010	1782723638222	OK	 
REQUEST	LoginWeb	first_login	1782723638208	1782723638362	OK	 
REQUEST	LoginWeb	login	1782723638314	1782723638586	OK	 
REQUEST	LoginWeb	preLogin	1782723638408	1782723638653	OK	 
REQUEST	LoginWeb	newsLogin	1782723638517	1782723638733	OK	 
REQUEST	LoginWeb	first_login	1782723638609	1782723638780	OK	 
REQUEST	LoginWeb	create	1782723638110	1782723638887	OK	 
REQUEST	LoginWeb	newsLogin	1782723638718	1782723638924	OK	 
REQUEST	LoginWeb	settingsLogin	1782723638812	1782723639018	OK	 
REQUEST	LoginWeb	preLogin	1782723638890	1782723639113	OK	 
REQUEST	LoginWeb	login	1782723639015	1782723639272	OK	 
REQUEST	LoginWeb	settingsLogin	1782723639109	1782723639290	OK	 
REQUEST	LoginWeb	login	1782723639313	1782723639588	OK	 
REQUEST	LoginWeb	preLogin	1782723639408	1782723639622	OK	 
REQUEST	LoginWeb	decrypt	1782723639625	1782723639695	OK	 
GROUP	LoginWeb	1782723632197	1782723639696	2058	OK
ERROR	UC01_POST_/file-upload: Failed to build request: No attribute named 'requestId' is defined 	1782723639696
ERROR	UC02_POST_/send-to-bank: Failed to build request: No attribute named 'requestId' is defined 	1782723639697
REQUEST	LoginWeb	settingsLogin	1782723639516	1782723639717	OK	 
REQUEST	LoginWeb	preLogin	1782723639708	1782723639932	OK	 
REQUEST	LoginWeb	create	1782723639219	1782723639996	OK	 
REQUEST	LoginWeb	newsLogin	1782723639813	1782723640002	OK	 
REQUEST	LoginWeb	login	1782723639894	1782723640158	OK	 
REQUEST	LoginWeb	newsLogin	1782723640108	1782723640327	OK	 
REQUEST	LoginWeb	login	1782723640298	1782723640580	OK	 
REQUEST	LoginWeb	newsLogin	1782723640500	1782723640724	OK	 
REQUEST		UC03_GET_/params	1782723640406	1782723640754	OK	 
ERROR	UC04_POST_/delete-file: Failed to build request: No attribute named 'pprbId' is defined 	1782723640756
REQUEST	LoginWeb	decrypt	1782723640708	1782723640787	OK	 
GROUP	LoginWeb	1782723633614	1782723640789	1914	OK
ERROR	UC01_POST_/file-upload: Failed to build request: No attribute named 'requestId' is defined 	1782723640789
ERROR	UC02_POST_/send-to-bank: Failed to build request: No attribute named 'requestId' is defined 	1782723640789
REQUEST	LoginWeb	login	1782723640609	1782723640848	OK	 
REQUEST	LoginWeb	create	1782723640006	1782723640895	OK	 
REQUEST	LoginWeb	create	1782723640202	1782723640975	OK	 
REQUEST	LoginWeb	preLogin	1782723640798	1782723641017	OK	 
REQUEST	LoginWeb	preLogin	1782723640984	1782723641200	OK	 
REQUEST	LoginWeb	preLogin	1782723641183	1782723641430	OK	 
REQUEST		UC05_GET_/download/{fileid}	1782723641281	1782723641472	OK	 
ERROR	UC06_GET_/detail-with-attachments/{fflId}: Failed to build request: No attribute named 'fflId' is defined 	1782723641473
REQUEST	LoginWeb	create	1782723640875	1782723641640	OK	 
REQUEST	LoginWeb	decrypt	1782723641594	1782723641679	OK	 
GROUP	LoginWeb	1782723634280	1782723641680	1941	OK
ERROR	UC01_POST_/file-upload: Failed to build request: No attribute named 'requestId' is defined 	1782723641680
ERROR	UC02_POST_/send-to-bank: Failed to build request: No attribute named 'requestId' is defined 	1782723641681
REQUEST		UC03_GET_/params	1782723641378	1782723641762	OK	 
ERROR	UC04_POST_/delete-file: Failed to build request: No attribute named 'pprbId' is defined 	1782723641764
REQUEST	LoginWeb	decrypt	1782723641688	1782723641773	OK	 
GROUP	LoginWeb	1782723634605	1782723641775	1919	OK
ERROR	UC01_POST_/file-upload: Failed to build request: No attribute named 'requestId' is defined 	1782723641775
ERROR	UC02_POST_/send-to-bank: Failed to build request: No attribute named 'requestId' is defined 	1782723641776
REQUEST	LoginWeb	create	1782723641078	1782723641855	OK	 
REQUEST	LoginWeb	login	1782723641798	1782723642066	OK	 
REQUEST	LoginWeb	login	1782723641874	1782723642119	OK	 
REQUEST	LoginWeb	login	1782723641984	1782723642233	OK	 
REQUEST	LoginWeb	decrypt	1782723642187	1782723642266	OK	 
GROUP	LoginWeb	1782723635066	1782723642268	1847	OK
ERROR	UC01_POST_/file-upload: Failed to build request: No attribute named 'requestId' is defined 	1782723642268
ERROR	UC02_POST_/send-to-bank: Failed to build request: No attribute named 'requestId' is defined 	1782723642268
REQUEST	LoginWeb	create	1782723641485	1782723642307	OK	 
REQUEST		UC07_POST_/inform-list	1782723642078	1782723642389	OK	 
REQUEST		UC05_GET_/download/{fileid}	1782723642378	1782723642608	OK	 
ERROR	UC06_GET_/detail-with-attachments/{fflId}: Failed to build request: No attribute named 'fflId' is defined 	1782723642610
REQUEST	LoginWeb	decrypt	1782723642578	1782723642662	OK	 
GROUP	LoginWeb	1782723635706	1782723642664	1948	OK
ERROR	UC01_POST_/file-upload: Failed to build request: No attribute named 'requestId' is defined 	1782723642664
ERROR	UC02_POST_/send-to-bank: Failed to build request: No attribute named 'requestId' is defined 	1782723642665
REQUEST		UC03_GET_/params	1782723642281	1782723642668	OK	 
ERROR	UC04_POST_/delete-file: Failed to build request: No attribute named 'pprbId' is defined 	1782723642670
REQUEST		UC03_GET_/params	1782723642485	1782723642839	OK	 
ERROR	UC04_POST_/delete-file: Failed to build request: No attribute named 'pprbId' is defined 	1782723642841
REQUEST	LoginWeb	decrypt	1782723643079	1782723643162	OK	 
GROUP	LoginWeb	1782723635920	1782723643163	1960	OK
ERROR	UC01_POST_/file-upload: Failed to build request: No attribute named 'requestId' is defined 	1782723643163
ERROR	UC02_POST_/send-to-bank: Failed to build request: No attribute named 'requestId' is defined 	1782723643164
REQUEST		UC03_GET_/params	1782723642984	1782723643310	OK	 
ERROR	UC04_POST_/delete-file: Failed to build request: No attribute named 'pprbId' is defined 	1782723643311
REQUEST		UC08_POST_/send-to-bank/{fflId}	1782723643188	1782723643400	OK	 
REQUEST	LoginWeb	create	1782723642704	1782723643496	OK	 
REQUEST		UC07_POST_/inform-list	1782723643282	1782723643631	OK	 
REQUEST	LoginWeb	create	1782723642789	1782723643640	OK	 
REQUEST		UC05_GET_/download/{fileid}	1782723643484	1782723643685	OK	 
ERROR	UC06_GET_/detail-with-attachments/{fflId}: Failed to build request: No attribute named 'fflId' is defined 	1782723643687
REQUEST	LoginWeb	create	1782723642875	1782723643749	OK	 
REQUEST		UC05_GET_/download/{fileid}	1782723643578	1782723643758	OK	 
ERROR	UC06_GET_/detail-with-attachments/{fflId}: Failed to build request: No attribute named 'fflId' is defined 	1782723643759
REQUEST		UC03_GET_/params	1782723643378	1782723643781	OK	 
ERROR	UC04_POST_/delete-file: Failed to build request: No attribute named 'pprbId' is defined 	1782723643782
REQUEST		UC05_GET_/download/{fileid}	1782723643798	1782723643986	OK	 
ERROR	UC06_GET_/detail-with-attachments/{fflId}: Failed to build request: No attribute named 'fflId' is defined 	1782723643988
REQUEST		UC03_GET_/params	1782723643703	1782723644030	OK	 
ERROR	UC04_POST_/delete-file: Failed to build request: No attribute named 'pprbId' is defined 	1782723644032
REQUEST	LoginWeb	decrypt	1782723643984	1782723644068	OK	 
GROUP	LoginWeb	1782723637007	1782723644070	1944	OK
ERROR	UC01_POST_/file-upload: Failed to build request: No attribute named 'requestId' is defined 	1782723644070
ERROR	UC02_POST_/send-to-bank: Failed to build request: No attribute named 'requestId' is defined 	1782723644070
REQUEST		UC09_GET_/requests-and-inform	1782723643875	1782723644123	OK	 
REQUEST	LoginWeb	decrypt	1782723644188	1782723644258	OK	 
GROUP	LoginWeb	1782723637399	1782723644260	1936	OK
ERROR	UC01_POST_/file-upload: Failed to build request: No attribute named 'requestId' is defined 	1782723644260
ERROR	UC02_POST_/send-to-bank: Failed to build request: No attribute named 'requestId' is defined 	1782723644260
REQUEST		UC08_POST_/send-to-bank/{fflId}	1782723644079	1782723644293	OK	 
REQUEST	LoginWeb	decrypt	1782723644381	1782723644460	OK	 
GROUP	LoginWeb	1782723637794	1782723644461	2045	OK
ERROR	UC01_POST_/file-upload: Failed to build request: No attribute named 'requestId' is defined 	1782723644461
ERROR	UC02_POST_/send-to-bank: Failed to build request: No attribute named 'requestId' is defined 	1782723644462
REQUEST		UC07_POST_/inform-list	1782723644282	1782723644576	OK	 
REQUEST		UC07_POST_/inform-list	1782723644484	1782723644757	OK	 
REQUEST		UC05_GET_/download/{fileid}	1782723644578	1782723644786	OK	 
ERROR	UC06_GET_/detail-with-attachments/{fflId}: Failed to build request: No attribute named 'fflId' is defined 	1782723644787
REQUEST		UC05_GET_/download/{fileid}	1782723644798	1782723644982	OK	 
ERROR	UC06_GET_/detail-with-attachments/{fflId}: Failed to build request: No attribute named 'fflId' is defined 	1782723644983
REQUEST		UC07_POST_/inform-list	1782723644702	1782723644985	OK	 
REQUEST		UC10_POST_/mop-1-0	1782723644983	1782723645256	OK	 
REQUEST		UC03_GET_/params	1782723644874	1782723645275	OK	 
ERROR	UC04_POST_/delete-file: Failed to build request: No attribute named 'pprbId' is defined 	1782723645277
REQUEST		UC09_GET_/requests-and-inform	1782723645187	1782723645441	OK	 
REQUEST		UC03_GET_/params	1782723645078	1782723645445	OK	 
ERROR	UC04_POST_/delete-file: Failed to build request: No attribute named 'pprbId' is defined 	1782723645467
REQUEST		UC08_POST_/send-to-bank/{fflId}	1782723645378	1782723645574	OK	 
REQUEST		UC03_GET_/params	1782723645281	1782723645617	OK	 
ERROR	UC04_POST_/delete-file: Failed to build request: No attribute named 'pprbId' is defined 	1782723645618
REQUEST		UC08_POST_/send-to-bank/{fflId}	1782723645483	1782723645670	OK	 
REQUEST		UC07_POST_/inform-list	1782723645578	1782723645881	OK	 
REQUEST		UC07_POST_/inform-list	1782723645688	1782723645979	OK	 
REQUEST		UC08_POST_/send-to-bank/{fflId}	1782723645798	1782723645985	OK	 
REQUEST		UC11_POST_/online-control	1782723645874	1782723646150	OK	 
REQUEST		UC05_GET_/download/{fileid}	1782723645978	1782723646170	OK	 
ERROR	UC06_GET_/detail-with-attachments/{fflId}: Failed to build request: No attribute named 'fflId' is defined 	1782723646172
REQUEST		UC10_POST_/mop-1-0	1782723646078	1782723646354	OK	 
REQUEST		UC05_GET_/download/{fileid}	1782723646187	1782723646383	OK	 
ERROR	UC06_GET_/detail-with-attachments/{fflId}: Failed to build request: No attribute named 'fflId' is defined 	1782723646385
REQUEST		UC09_GET_/requests-and-inform	1782723646281	1782723646523	OK	 
REQUEST		UC05_GET_/download/{fileid}	1782723646378	1782723646581	OK	 
ERROR	UC06_GET_/detail-with-attachments/{fflId}: Failed to build request: No attribute named 'fflId' is defined 	1782723646582
REQUEST		UC09_GET_/requests-and-inform	1782723646479	1782723646711	OK	 
REQUEST		UC08_POST_/send-to-bank/{fflId}	1782723646593	1782723646817	OK	 
REQUEST		UC08_POST_/send-to-bank/{fflId}	1782723646702	1782723646911	OK	 
REQUEST		UC09_GET_/requests-and-inform	1782723646796	1782723647043	OK	 
REQUEST		UC12_GET_/rehabilitation	1782723646874	1782723647181	OK	 
REQUEST		UC07_POST_/inform-list	1782723646983	1782723647293	OK	 
REQUEST		UC11_POST_/online-control	1782723647078	1782723647361	OK	 
REQUEST		UC07_POST_/inform-list	1782723647187	1782723647521	OK	 
REQUEST		UC10_POST_/mop-1-0	1782723647281	1782723647593	OK	 
REQUEST		UC07_POST_/inform-list	1782723647378	1782723647688	OK	 
REQUEST		UC10_POST_/mop-1-0	1782723647484	1782723647762	OK	 
REQUEST		UC09_GET_/requests-and-inform	1782723647578	1782723647853	OK	 
REQUEST		UC09_GET_/requests-and-inform	1782723647702	1782723647941	OK	 
REQUEST		UC10_POST_/mop-1-0	1782723647796	1782723648059	OK	 
REQUEST		UC13_GET_/unread-tabs	1782723647878	1782723648080	OK	 
REQUEST		UC08_POST_/send-to-bank/{fflId}	1782723648002	1782723648220	OK	 
REQUEST		UC08_POST_/send-to-bank/{fflId}	1782723648204	1782723648415	OK	 
REQUEST		UC12_GET_/rehabilitation	1782723648110	1782723648432	OK	 
REQUEST		UC08_POST_/send-to-bank/{fflId}	1782723648398	1782723648605	OK	 
REQUEST		UC11_POST_/online-control	1782723648300	1782723648605	OK	 
REQUEST		UC11_POST_/online-control	1782723648504	1782723648751	OK	 
REQUEST		UC10_POST_/mop-1-0	1782723648598	1782723648894	OK	 
REQUEST		UC10_POST_/mop-1-0	1782723648702	1782723648953	OK	 
REQUEST		UC14_POST_/detail	1782723648874	1782723649050	OK	 
REQUEST		UC11_POST_/online-control	1782723648796	1782723649061	OK	 
REQUEST		UC09_GET_/requests-and-inform	1782723648984	1782723649258	OK	 
REQUEST		UC09_GET_/requests-and-inform	1782723649078	1782723649342	OK	 
REQUEST		UC13_GET_/unread-tabs	1782723649187	1782723649397	OK	 
REQUEST		UC09_GET_/requests-and-inform	1782723649280	1782723649537	OK	 
REQUEST		UC12_GET_/rehabilitation	1782723649378	1782723649679	OK	 
REQUEST		UC12_GET_/rehabilitation	1782723649484	1782723649779	OK	 
REQUEST		UC11_POST_/online-control	1782723649578	1782723649860	OK	 
REQUEST		UC11_POST_/online-control	1782723649703	1782723649967	OK	 
REQUEST		UC15_POST_/callback	1782723649794	1782723650003	OK	 
REQUEST		UC12_GET_/rehabilitation	1782723649869	1782723650163	OK	 
REQUEST		UC10_POST_/mop-1-0	1782723649988	1782723650299	OK	 
REQUEST		UC14_POST_/detail	1782723650188	1782723650367	OK	 
REQUEST		UC10_POST_/mop-1-0	1782723650093	1782723650395	OK	 
REQUEST		UC10_POST_/mop-1-0	1782723650298	1782723650581	OK	 
REQUEST		UC13_GET_/unread-tabs	1782723650392	1782723650613	OK	 
REQUEST		UC13_GET_/unread-tabs	1782723650488	1782723650669	OK	 
REQUEST		UC12_GET_/rehabilitation	1782723650595	1782723650905	OK	 
REQUEST		UC16_PUT_/callback	1782723650796	1782723650964	OK	 
REQUEST		UC12_GET_/rehabilitation	1782723650688	1782723651002	OK	 
REQUEST		UC13_GET_/unread-tabs	1782723650878	1782723651066	OK	 
REQUEST		UC11_POST_/online-control	1782723650999	1782723651305	OK	 
REQUEST		UC15_POST_/callback	1782723651098	1782723651321	OK	 
REQUEST		UC11_POST_/online-control	1782723651203	1782723651499	OK	 
REQUEST		UC11_POST_/online-control	1782723651298	1782723651565	OK	 
REQUEST		UC14_POST_/detail	1782723651406	1782723651579	OK	 
REQUEST		UC14_POST_/detail	1782723651499	1782723651667	OK	 
REQUEST		UC13_GET_/unread-tabs	1782723651593	1782723651794	OK	 
REQUEST		UC17_DELETE_/callback?taskId={taskIdCB}	1782723651703	1782723651901	OK	 
REQUEST		UC13_GET_/unread-tabs	1782723651801	1782723651977	OK	 
REQUEST		UC14_POST_/detail	1782723651890	1782723652044	OK	 
REQUEST		UC16_PUT_/callback	1782723652109	1782723652250	OK	 
REQUEST		UC12_GET_/rehabilitation	1782723652015	1782723652336	OK	 
REQUEST		UC12_GET_/rehabilitation	1782723652208	1782723652506	OK	 
REQUEST		UC12_GET_/rehabilitation	1782723652308	1782723652601	OK	 
REQUEST		UC15_POST_/callback	1782723652408	1782723652630	OK	 
REQUEST		UC15_POST_/callback	1782723652515	1782723652718	OK	 
REQUEST		UC14_POST_/detail	1782723652609	1782723652791	OK	 
REQUEST		UC18_GET_/compliance-helper	1782723652703	1782723652861	OK	 
REQUEST		UC14_POST_/detail	1782723652809	1782723652972	OK	 
REQUEST		UC15_POST_/callback	1782723652890	1782723653098	OK	 
REQUEST		UC17_DELETE_/callback?taskId={taskIdCB}	1782723653015	1782723653221	OK	 
REQUEST		UC13_GET_/unread-tabs	1782723653109	1782723653314	OK	 
REQUEST		UC13_GET_/unread-tabs	1782723653208	1782723653413	OK	 
REQUEST		UC13_GET_/unread-tabs	1782723653313	1782723653511	OK	 
REQUEST		UC16_PUT_/callback	1782723653408	1782723653548	OK	 
REQUEST		UC16_PUT_/callback	1782723653515	1782723653656	OK	 
REQUEST		UC15_POST_/callback	1782723653609	1782723653829	OK	 
REQUEST		UC19_GET_/activation	1782723653718	1782723653859	OK	 
REQUEST		UC15_POST_/callback	1782723653812	1782723654002	OK	 
REQUEST		UC16_PUT_/callback	1782723653890	1782723654054	OK	 
REQUEST		UC18_GET_/compliance-helper	1782723654014	1782723654184	OK	 
REQUEST		UC14_POST_/detail	1782723654108	1782723654286	OK	 
REQUEST		UC14_POST_/detail	1782723654218	1782723654374	OK	 
REQUEST		UC14_POST_/detail	1782723654328	1782723654507	OK	 
REQUEST		UC17_DELETE_/callback?taskId={taskIdCB}	1782723654408	1782723654602	OK	 
REQUEST		UC17_DELETE_/callback?taskId={taskIdCB}	1782723654514	1782723654713	OK	 
REQUEST		UC16_PUT_/callback	1782723654608	1782723654767	OK	 
REQUEST		UC20_GET_/change-tariff	1782723654717	1782723654866	OK	 
REQUEST		UC16_PUT_/callback	1782723654811	1782723654976	OK	 
REQUEST		UC17_DELETE_/callback?taskId={taskIdCB}	1782723654889	1782723655085	OK	 
REQUEST		UC19_GET_/activation	1782723655008	1782723655154	OK	 
REQUEST		UC15_POST_/callback	1782723655113	1782723655333	OK	 
REQUEST		UC15_POST_/callback	1782723655208	1782723655412	OK	 
REQUEST		UC15_POST_/callback	1782723655317	1782723655520	OK	 
REQUEST		UC18_GET_/compliance-helper	1782723655411	1782723655588	OK	 
REQUEST		UC18_GET_/compliance-helper	1782723655508	1782723655671	OK	 
REQUEST		UC17_DELETE_/callback?taskId={taskIdCB}	1782723655608	1782723655830	OK	 
REQUEST		UC21_GET_/user-permissions	1782723655717	1782723655874	OK	 
REQUEST		UC17_DELETE_/callback?taskId={taskIdCB}	1782723655811	1782723656021	OK	 
REQUEST		UC18_GET_/compliance-helper	1782723655889	1782723656056	OK	 
REQUEST		UC20_GET_/change-tariff	1782723656014	1782723656154	OK	 
REQUEST		UC16_PUT_/callback	1782723656109	1782723656265	OK	 
REQUEST		UC16_PUT_/callback	1782723656208	1782723656383	OK	 
REQUEST		UC16_PUT_/callback	1782723656313	1782723656465	OK	 
REQUEST		UC19_GET_/activation	1782723656417	1782723656559	OK	 
REQUEST		UC19_GET_/activation	1782723656511	1782723656681	OK	 
REQUEST		UC18_GET_/compliance-helper	1782723656608	1782723656790	OK	 
REQUEST		UC18_GET_/compliance-helper	1782723656811	1782723656972	OK	 
REQUEST		UC19_GET_/activation	1782723656890	1782723657048	OK	 
REQUEST		UC22_GET_/print-form	1782723656717	1782723657082	OK	 
REQUEST		UC21_GET_/user-permissions	1782723657015	1782723657188	OK	 
REQUEST		UC17_DELETE_/callback?taskId={taskIdCB}	1782723657123	1782723657341	OK	 
REQUEST		UC17_DELETE_/callback?taskId={taskIdCB}	1782723657217	1782723657434	OK	 
REQUEST		UC17_DELETE_/callback?taskId={taskIdCB}	1782723657312	1782723657524	OK	 
REQUEST		UC20_GET_/change-tariff	1782723657408	1782723657590	OK	 
REQUEST		UC20_GET_/change-tariff	1782723657515	1782723657678	OK	 
REQUEST		UC19_GET_/activation	1782723657608	1782723657781	OK	 
REQUEST		UC19_GET_/activation	1782723657718	1782723657879	OK	 
REQUEST		UC20_GET_/change-tariff	1782723657812	1782723657987	OK	 
REQUEST		UC18_GET_/compliance-helper	1782723658098	1782723658305	OK	 
REQUEST		UC23_GET_/rejections	1782723657878	1782723658315	OK	 
REQUEST		UC22_GET_/print-form	1782723657999	1782723658347	OK	 
REQUEST		UC18_GET_/compliance-helper	1782723658202	1782723658384	OK	 
REQUEST		UC18_GET_/compliance-helper	1782723658298	1782723658487	OK	 
REQUEST		UC21_GET_/user-permissions	1782723658406	1782723658576	OK	 
REQUEST		UC21_GET_/user-permissions	1782723658500	1782723658656	OK	 
REQUEST		UC20_GET_/change-tariff	1782723658598	1782723658767	OK	 
REQUEST		UC20_GET_/change-tariff	1782723658702	1782723658855	OK	 
REQUEST		UC21_GET_/user-permissions	1782723658798	1782723658955	OK	 
REQUEST		UC19_GET_/activation	1782723658890	1782723659055	OK	 
REQUEST		UC24_GET_/rejection/{operationId}	1782723659015	1782723659300	OK	 
REQUEST		UC19_GET_/activation	1782723659209	1782723659369	OK	 
REQUEST		UC19_GET_/activation	1782723659312	1782723659488	OK	 
REQUEST		UC23_GET_/rejections	1782723659109	1782723659514	OK	 
REQUEST		UC21_GET_/user-permissions	1782723659608	1782723659759	OK	 
REQUEST		UC22_GET_/print-form	1782723659408	1782723659776	OK	 
REQUEST		UC22_GET_/print-form	1782723659515	1782723659848	OK	 
REQUEST		UC21_GET_/user-permissions	1782723659718	1782723659860	OK	 
REQUEST		UC20_GET_/change-tariff	1782723659912	1782723660086	OK	 
REQUEST		UC22_GET_/print-form	1782723659819	1782723660182	OK	 
REQUEST		UC25_GET_/active-switchers	1782723660020	1782723660189	OK	 
REQUEST		UC20_GET_/change-tariff	1782723660118	1782723660270	OK	 
REQUEST		UC20_GET_/change-tariff	1782723660218	1782723660371	OK	 
REQUEST		UC24_GET_/rejection/{operationId}	1782723660327	1782723660626	OK	 
REQUEST		UC22_GET_/print-form	1782723660421	1782723660741	OK	 
REQUEST		UC23_GET_/rejections	1782723660628	1782723660958	OK	 
REQUEST		UC23_GET_/rejections	1782723660530	1782723660969	OK	 
REQUEST		UC21_GET_/user-permissions	1782723660843	1782723660998	OK	 
REQUEST		UC22_GET_/print-form	1782723660738	1782723661083	OK	 
REQUEST		UC26_GET_/system-parameters	1782723661000	1782723661165	OK	 
REQUEST		UC23_GET_/rejections	1782723660878	1782723661244	OK	 
REQUEST		UC21_GET_/user-permissions	1782723661098	1782723661250	OK	 
REQUEST		UC21_GET_/user-permissions	1782723661203	1782723661366	OK	 
REQUEST		UC25_GET_/active-switchers	1782723661298	1782723661494	OK	 
REQUEST		UC24_GET_/rejection/{operationId}	1782723661499	1782723661778	OK	 
REQUEST		UC23_GET_/rejections	1782723661389	1782723661859	OK	 
REQUEST		UC24_GET_/rejection/{operationId}	1782723661608	1782723661932	OK	 
REQUEST		UC22_GET_/print-form	1782723661702	1782723662066	OK	 
REQUEST		UC27_GET_/organization	1782723661890	1782723662072	OK	 
REQUEST		UC23_GET_/rejections	1782723661798	1782723662167	OK	 
REQUEST		UC24_GET_/rejection/{operationId}	1782723662015	1782723662279	OK	 
REQUEST		UC22_GET_/print-form	1782723662110	1782723662435	OK	 
REQUEST		UC26_GET_/system-parameters	1782723662313	1782723662514	OK	 
REQUEST		UC22_GET_/print-form	1782723662208	1782723662568	OK	 
REQUEST		UC25_GET_/active-switchers	1782723662421	1782723662588	OK	 
REQUEST		UC25_GET_/active-switchers	1782723662624	1782723662814	OK	 
REQUEST		UC24_GET_/rejection/{operationId}	1782723662514	1782723662814	OK	 
REQUEST		UC28_GET_/compliance-profile/mtb	1782723662810	1782723662978	OK	 
REQUEST		UC24_GET_/rejection/{operationId}	1782723662890	1782723663166	OK	 
REQUEST		UC23_GET_/rejections	1782723662702	1782723663169	OK	 
REQUEST		UC25_GET_/active-switchers	1782723663015	1782723663210	OK	 
REQUEST		UC27_GET_/organization	1782723663208	1782723663404	OK	 
REQUEST		UC23_GET_/rejections	1782723663110	1782723663522	OK	 
REQUEST		UC26_GET_/system-parameters	1782723663408	1782723663571	OK	 
REQUEST		UC26_GET_/system-parameters	1782723663500	1782723663671	OK	 
REQUEST		UC23_GET_/rejections	1782723663318	1782723663679	OK	 
REQUEST		UC25_GET_/active-switchers	1782723663609	1782723663800	OK	 
REQUEST		UC29_GET_/dopInfo	1782723663703	1782723663864	OK	 
REQUEST		UC25_GET_/active-switchers	1782723663828	1782723664009	OK	 
REQUEST		UC24_GET_/rejection/{operationId}	1782723663891	1782723664184	OK	 
REQUEST		UC26_GET_/system-parameters	1782723664015	1782723664195	OK	 
REQUEST		UC28_GET_/compliance-profile/mtb	1782723664109	1782723664284	OK	 
REQUEST		UC27_GET_/organization	1782723664313	1782723664479	OK	 
REQUEST		UC24_GET_/rejection/{operationId}	1782723664208	1782723664497	OK	 
REQUEST		UC27_GET_/organization	1782723664408	1782723664572	OK	 
REQUEST		UC24_GET_/rejection/{operationId}	1782723664510	1782723664800	OK	 
REQUEST		UC26_GET_/system-parameters	1782723664608	1782723664854	OK	 
REQUEST		UC30_GET_/counterparties	1782723664718	1782723664877	OK	 
REQUEST		UC26_GET_/system-parameters	1782723664798	1782723664953	OK	 
REQUEST		UC25_GET_/active-switchers	1782723664890	1782723665078	OK	 
REQUEST		UC27_GET_/organization	1782723665015	1782723665180	OK	 
REQUEST		UC29_GET_/dopInfo	1782723665108	1782723665267	OK	 
REQUEST		UC28_GET_/compliance-profile/mtb	1782723665218	1782723665371	OK	 
REQUEST		UC25_GET_/active-switchers	1782723665312	1782723665500	OK	 
REQUEST		UC28_GET_/compliance-profile/mtb	1782723665408	1782723665598	OK	 
REQUEST		UC25_GET_/active-switchers	1782723665515	1782723665682	OK	 
REQUEST		UC27_GET_/organization	1782723665609	1782723665792	OK	 
REQUEST		UC31_GET_/compliance-profile/contacts	1782723665718	1782723665876	OK	 
REQUEST		UC27_GET_/organization	1782723665812	1782723665981	OK	 
REQUEST		UC26_GET_/system-parameters	1782723665890	1782723666072	OK	 
REQUEST		UC28_GET_/compliance-profile/mtb	1782723666015	1782723666187	OK	 
REQUEST		UC30_GET_/counterparties	1782723666109	1782723666301	OK	 
REQUEST		UC29_GET_/dopInfo	1782723666208	1782723666367	OK	 
REQUEST		UC26_GET_/system-parameters	1782723666313	1782723666487	OK	 
REQUEST		UC29_GET_/dopInfo	1782723666408	1782723666570	OK	 
REQUEST		UC26_GET_/system-parameters	1782723666516	1782723666695	OK	 
REQUEST		UC28_GET_/compliance-profile/mtb	1782723666610	1782723666801	OK	 
REQUEST		UC32_GET_/compliance-profile	1782723666708	1782723666882	OK	 
REQUEST		UC28_GET_/compliance-profile/mtb	1782723666798	1782723666962	OK	 
REQUEST		UC27_GET_/organization	1782723666878	1782723667074	OK	 
REQUEST		UC29_GET_/dopInfo	1782723667000	1782723667176	OK	 
REQUEST		UC31_GET_/compliance-profile/contacts	1782723667098	1782723667281	OK	 
REQUEST		UC30_GET_/counterparties	1782723667202	1782723667363	OK	 
REQUEST		UC27_GET_/organization	1782723667298	1782723667493	OK	 
REQUEST		UC30_GET_/counterparties	1782723667406	1782723667572	OK	 
REQUEST		UC27_GET_/organization	1782723667500	1782723667654	OK	 
REQUEST		UC29_GET_/dopInfo	1782723667598	1782723667764	OK	 
REQUEST		UC33_GET_/detail	1782723667698	1782723667922	OK	 
REQUEST		UC29_GET_/dopInfo	1782723667796	1782723667977	OK	 
REQUEST		UC28_GET_/compliance-profile/mtb	1782723667890	1782723668087	OK	 
REQUEST		UC30_GET_/counterparties	1782723668015	1782723668183	OK	 
REQUEST		UC32_GET_/compliance-profile	1782723668109	1782723668290	OK	 
REQUEST		UC31_GET_/compliance-profile/contacts	1782723668208	1782723668382	OK	 
REQUEST		UC28_GET_/compliance-profile/mtb	1782723668312	1782723668484	OK	 
REQUEST		UC31_GET_/compliance-profile/contacts	1782723668408	1782723668566	OK	 
REQUEST		UC28_GET_/compliance-profile/mtb	1782723668515	1782723668669	OK	 
REQUEST		UC30_GET_/counterparties	1782723668609	1782723668789	OK	 
REQUEST		UC34_DELETE_/alert	1782723668718	1782723668922	OK	 
REQUEST		UC30_GET_/counterparties	1782723668812	1782723668988	OK	 
REQUEST		UC29_GET_/dopInfo	1782723668890	1782723669053	OK	 
REQUEST		UC31_GET_/compliance-profile/contacts	1782723669015	1782723669181	OK	 
REQUEST		UC33_GET_/detail	1782723669109	1782723669319	OK	 
REQUEST		UC32_GET_/compliance-profile	1782723669208	1782723669361	OK	 
REQUEST		UC29_GET_/dopInfo	1782723669312	1782723669478	OK	 
REQUEST		UC32_GET_/compliance-profile	1782723669408	1782723669594	OK	 
REQUEST		UC29_GET_/dopInfo	1782723669515	1782723669685	OK	 
REQUEST		UC31_GET_/compliance-profile/contacts	1782723669609	1782723669775	OK	 
REQUEST		UC35_POST_/organization	1782723669718	1782723669934	OK	 
REQUEST		UC31_GET_/compliance-profile/contacts	1782723669817	1782723670002	OK	 
REQUEST		UC30_GET_/counterparties	1782723669884	1782723670061	OK	 
REQUEST		UC32_GET_/compliance-profile	1782723669994	1782723670163	OK	 
REQUEST		UC34_DELETE_/alert	1782723670088	1782723670298	OK	 
REQUEST		UC33_GET_/detail	1782723670188	1782723670386	OK	 
REQUEST		UC30_GET_/counterparties	1782723670296	1782723670474	OK	 
REQUEST		UC33_GET_/detail	1782723670389	1782723670604	OK	 
REQUEST		UC30_GET_/counterparties	1782723670488	1782723670647	OK	 
REQUEST		UC32_GET_/compliance-profile	1782723670592	1782723670768	OK	 
REQUEST		UC36_POST_/mtb	1782723670688	1782723670903	OK	 
REQUEST		UC32_GET_/compliance-profile	1782723670796	1782723670960	OK	 
REQUEST		UC31_GET_/compliance-profile/contacts	1782723670868	1782723671048	OK	 
REQUEST		UC33_GET_/detail	1782723670988	1782723671160	OK	 
REQUEST		UC35_POST_/organization	1782723671093	1782723671303	OK	 
REQUEST		UC34_DELETE_/alert	1782723671188	1782723671377	OK	 
REQUEST		UC31_GET_/compliance-profile/contacts	1782723671297	1782723671467	OK	 
REQUEST		UC34_DELETE_/alert	1782723671390	1782723671601	OK	 
REQUEST		UC31_GET_/compliance-profile/contacts	1782723671488	1782723671665	OK	 
REQUEST		UC33_GET_/detail	1782723671593	1782723671808	OK	 
REQUEST		UC37_POST_/dopInfo	1782723671686	1782723671876	OK	 
REQUEST		UC33_GET_/detail	1782723671780	1782723671973	OK	 
REQUEST		UC32_GET_/compliance-profile	1782723671890	1782723672054	OK	 
REQUEST		UC34_DELETE_/alert	1782723672015	1782723672217	OK	 
REQUEST		UC36_POST_/mtb	1782723672109	1782723672320	OK	 
REQUEST		UC35_POST_/organization	1782723672208	1782723672394	OK	 
REQUEST		UC32_GET_/compliance-profile	1782723672313	1782723672476	OK	 
REQUEST		UC35_POST_/organization	1782723672408	1782723672613	OK	 
REQUEST		UC32_GET_/compliance-profile	1782723672515	1782723672700	OK	 
REQUEST		UC34_DELETE_/alert	1782723672609	1782723672829	OK	 
REQUEST		UC38_POST_/counterparties	1782723672718	1782723672921	OK	 
REQUEST		UC34_DELETE_/alert	1782723672809	1782723673012	OK	 
REQUEST		UC33_GET_/detail	1782723672889	1782723673111	OK	 
REQUEST		UC35_POST_/organization	1782723673015	1782723673234	OK	 
REQUEST		UC37_POST_/dopInfo	1782723673109	1782723673324	OK	 
REQUEST		UC36_POST_/mtb	1782723673218	1782723673417	OK	 
REQUEST		UC33_GET_/detail	1782723673313	1782723673516	OK	 
REQUEST		UC36_POST_/mtb	1782723673408	1782723673655	OK	 
REQUEST		UC33_GET_/detail	1782723673511	1782723673718	OK	 
REQUEST		UC35_POST_/organization	1782723673609	1782723673822	OK	 
REQUEST		UC39_POST_/contacts	1782723673718	1782723673908	OK	 
REQUEST		UC35_POST_/organization	1782723673798	1782723673985	OK	 
REQUEST		UC34_DELETE_/alert	1782723673890	1782723674091	OK	 
REQUEST		UC36_POST_/mtb	1782723674015	1782723674212	OK	 
REQUEST		UC38_POST_/counterparties	1782723674108	1782723674315	OK	 
REQUEST		UC37_POST_/dopInfo	1782723674218	1782723674403	OK	 
REQUEST		UC34_DELETE_/alert	1782723674312	1782723674503	OK	 
REQUEST		UC37_POST_/dopInfo	1782723674408	1782723674609	OK	 
REQUEST		UC34_DELETE_/alert	1782723674516	1782723674715	OK	 
REQUEST		UC36_POST_/mtb	1782723674608	1782723674840	OK	 
REQUEST		UC40_GET_/mop2/{fflId}	1782723674718	1782723674946	OK	 
REQUEST		UC36_POST_/mtb	1782723674798	1782723674993	OK	 
REQUEST		UC35_POST_/organization	1782723674890	1782723675104	OK	 
REQUEST		UC37_POST_/dopInfo	1782723675014	1782723675234	OK	 
REQUEST		UC39_POST_/contacts	1782723675108	1782723675313	OK	 
REQUEST		UC38_POST_/counterparties	1782723675217	1782723675428	OK	 
REQUEST		UC35_POST_/organization	1782723675311	1782723675534	OK	 
REQUEST		UC38_POST_/counterparties	1782723675408	1782723675628	OK	 
REQUEST		UC35_POST_/organization	1782723675514	1782723675722	OK	 
REQUEST		UC37_POST_/dopInfo	1782723675608	1782723675816	OK	 
REQUEST		UC41_GET_/onboarding/{fflId}	1782723675703	1782723675902	OK	 
USER	EFSFinmonWebDebug	END	1782723675907
USER	EFSFinmonWebDebug	START	1782723675907
REQUEST		UC37_POST_/dopInfo	1782723675812	1782723676001	OK	 
REQUEST		UC36_POST_/mtb	1782723675890	1782723676107	OK	 
REQUEST		UC38_POST_/counterparties	1782723676015	1782723676212	OK	 
REQUEST		UC40_GET_/mop2/{fflId}	1782723676110	1782723676348	OK	 
REQUEST		UC39_POST_/contacts	1782723676218	1782723676418	OK	 
REQUEST		UC36_POST_/mtb	1782723676312	1782723676522	OK	 
REQUEST		UC39_POST_/contacts	1782723676408	1782723676610	OK	 
REQUEST		UC36_POST_/mtb	1782723676515	1782723676724	OK	 
REQUEST		UC38_POST_/counterparties	1782723676609	1782723676820	OK	 
REQUEST	LoginWeb	first_login	1782723676734	1782723676945	OK	 
REQUEST		UC38_POST_/counterparties	1782723676812	1782723677016	OK	 
REQUEST		UC37_POST_/dopInfo	1782723676890	1782723677105	OK	 
REQUEST		UC39_POST_/contacts	1782723677015	1782723677217	OK	 
REQUEST		UC41_GET_/onboarding/{fflId}	1782723677109	1782723677316	OK	 
USER	EFSFinmonWebDebug	END	1782723677320
USER	EFSFinmonWebDebug	START	1782723677321
REQUEST		UC40_GET_/mop2/{fflId}	1782723677208	1782723677427	OK	 
REQUEST		UC37_POST_/dopInfo	1782723677313	1782723677524	OK	 
REQUEST		UC40_GET_/mop2/{fflId}	1782723677408	1782723677640	OK	 
REQUEST		UC37_POST_/dopInfo	1782723677517	1782723677708	OK	 
REQUEST		UC39_POST_/contacts	1782723677610	1782723677816	OK	 
REQUEST	LoginWeb	settingsLogin	1782723677708	1782723677875	OK	 
REQUEST		UC39_POST_/contacts	1782723677827	1782723678040	OK	 
REQUEST		UC38_POST_/counterparties	1782723677890	1782723678091	OK	 
REQUEST		UC40_GET_/mop2/{fflId}	1782723678014	1782723678235	OK	 
REQUEST	LoginWeb	first_login	1782723678109	1782723678279	OK	 
REQUEST		UC41_GET_/onboarding/{fflId}	1782723678218	1782723678412	OK	 
USER	EFSFinmonWebDebug	END	1782723678416
USER	EFSFinmonWebDebug	START	1782723678416
REQUEST		UC38_POST_/counterparties	1782723678339	1782723678541	OK	 
REQUEST		UC41_GET_/onboarding/{fflId}	1782723678417	1782723678599	OK	 
USER	EFSFinmonWebDebug	END	1782723678604
USER	EFSFinmonWebDebug	START	1782723678604
REQUEST		UC38_POST_/counterparties	1782723678511	1782723678716	OK	 
REQUEST		UC40_GET_/mop2/{fflId}	1782723678608	1782723678857	OK	 
REQUEST	LoginWeb	newsLogin	1782723678714	1782723678909	OK	 
REQUEST		UC40_GET_/mop2/{fflId}	1782723678808	1782723679048	OK	 
REQUEST		UC39_POST_/contacts	1782723678889	1782723679121	OK	 
REQUEST		UC41_GET_/onboarding/{fflId}	1782723679014	1782723679184	OK	 
USER	EFSFinmonWebDebug	END	1782723679188
USER	EFSFinmonWebDebug	START	1782723679188
REQUEST	LoginWeb	settingsLogin	1782723679109	1782723679302	OK	 
REQUEST	LoginWeb	first_login	1782723679218	1782723679387	OK	 
REQUEST		UC39_POST_/contacts	1782723679312	1782723679535	OK	 
REQUEST	LoginWeb	first_login	1782723679408	1782723679561	OK	 
REQUEST		UC39_POST_/contacts	1782723679515	1782723679728	OK	 
REQUEST		UC41_GET_/onboarding/{fflId}	1782723679609	1782723679796	OK	 
USER	EFSFinmonWebDebug	END	1782723679799
USER	EFSFinmonWebDebug	START	1782723679800
REQUEST	LoginWeb	preLogin	1782723679718	1782723679927	OK	 
REQUEST		UC41_GET_/onboarding/{fflId}	1782723679813	1782723679994	OK	 
USER	EFSFinmonWebDebug	END	1782723679998
USER	EFSFinmonWebDebug	START	1782723679998
REQUEST		UC40_GET_/mop2/{fflId}	1782723679888	1782723680139	OK	 
REQUEST	LoginWeb	first_login	1782723680008	1782723680187	OK	 
REQUEST	LoginWeb	newsLogin	1782723680098	1782723680281	OK	 
REQUEST	LoginWeb	settingsLogin	1782723680204	1782723680379	OK	 
REQUEST		UC40_GET_/mop2/{fflId}	1782723680299	1782723680536	OK	 
REQUEST	LoginWeb	settingsLogin	1782723680403	1782723680580	OK	 
REQUEST		UC40_GET_/mop2/{fflId}	1782723680499	1782723680731	OK	 
REQUEST	LoginWeb	first_login	1782723680608	1782723680767	OK	 
REQUEST	LoginWeb	login	1782723680702	1782723680949	OK	 
REQUEST	LoginWeb	first_login	1782723680798	1782723680962	OK	 
REQUEST		UC41_GET_/onboarding/{fflId}	1782723680878	1782723681068	OK	 
USER	EFSFinmonWebDebug	END	1782723681072
USER	EFSFinmonWebDebug	START	1782723681073
REQUEST	LoginWeb	settingsLogin	1782723680999	1782723681168	OK	 
REQUEST	LoginWeb	preLogin	1782723681098	1782723681338	OK	 
REQUEST	LoginWeb	newsLogin	1782723681203	1782723681413	OK	 
REQUEST		UC41_GET_/onboarding/{fflId}	1782723681298	1782723681493	OK	 
USER	EFSFinmonWebDebug	END	1782723681497
USER	EFSFinmonWebDebug	START	1782723681498
REQUEST	LoginWeb	newsLogin	1782723681407	1782723681614	OK	 
REQUEST		UC41_GET_/onboarding/{fflId}	1782723681499	1782723681685	OK	 
USER	EFSFinmonWebDebug	END	1782723681688
USER	EFSFinmonWebDebug	START	1782723681689
REQUEST	LoginWeb	settingsLogin	1782723681598	1782723681766	OK	 
REQUEST	LoginWeb	settingsLogin	1782723681798	1782723681983	OK	 
REQUEST	LoginWeb	first_login	1782723681890	1782723682042	OK	 
REQUEST	LoginWeb	newsLogin	1782723682008	1782723682214	OK	 
REQUEST	LoginWeb	login	1782723682109	1782723682382	OK	 
REQUEST	LoginWeb	preLogin	1782723682208	1782723682457	OK	 
REQUEST	LoginWeb	first_login	1782723682313	1782723682484	OK	 
REQUEST	LoginWeb	create	1782723681718	1782723682552	OK	 
REQUEST	LoginWeb	preLogin	1782723682408	1782723682611	OK	 
REQUEST	LoginWeb	first_login	1782723682516	1782723682702	OK	 
REQUEST	LoginWeb	newsLogin	1782723682608	1782723682829	OK	 
REQUEST	LoginWeb	newsLogin	1782723682702	1782723682913	OK	 
REQUEST	LoginWeb	settingsLogin	1782723682802	1782723682984	OK	 
REQUEST	LoginWeb	preLogin	1782723682890	1782723683128	OK	 
REQUEST	LoginWeb	login	1782723683108	1782723683386	OK	 
REQUEST	LoginWeb	decrypt	1782723683312	1782723683394	OK	 
GROUP	LoginWeb	1782723675908	1782723683396	1945	OK
ERROR	UC01_POST_/file-upload: Failed to build request: No attribute named 'requestId' is defined 	1782723683396
ERROR	UC02_POST_/send-to-bank: Failed to build request: No attribute named 'requestId' is defined 	1782723683396
REQUEST	LoginWeb	settingsLogin	1782723683218	1782723683409	OK	 
REQUEST	LoginWeb	login	1782723683408	1782723683649	OK	 
REQUEST	LoginWeb	settingsLogin	1782723683516	1782723683694	OK	 
REQUEST	LoginWeb	preLogin	1782723683624	1782723683850	OK	 
REQUEST	LoginWeb	create	1782723683015	1782723683863	OK	 
REQUEST	LoginWeb	preLogin	1782723683718	1782723683937	OK	 
REQUEST	LoginWeb	newsLogin	1782723683798	1782723684012	OK	 
REQUEST	LoginWeb	login	1782723683890	1782723684149	OK	 
REQUEST	LoginWeb	newsLogin	1782723684208	1782723684413	OK	 
REQUEST		UC03_GET_/params	1782723684109	1782723684498	OK	 
ERROR	UC04_POST_/delete-file: Failed to build request: No attribute named 'pprbId' is defined 	1782723684500
REQUEST	LoginWeb	newsLogin	1782723684408	1782723684635	OK	 
REQUEST	LoginWeb	decrypt	1782723684610	1782723684691	OK	 
GROUP	LoginWeb	1782723677321	1782723684693	1988	OK
ERROR	UC01_POST_/file-upload: Failed to build request: No attribute named 'requestId' is defined 	1782723684693
ERROR	UC02_POST_/send-to-bank: Failed to build request: No attribute named 'requestId' is defined 	1782723684693
REQUEST	LoginWeb	login	1782723684517	1782723684784	OK	 
REQUEST	LoginWeb	create	1782723684015	1782723684843	OK	 
REQUEST	LoginWeb	login	1782723684718	1782723684978	OK	 
REQUEST	LoginWeb	preLogin	1782723684798	1782723685013	OK	 
REQUEST	LoginWeb	create	1782723684313	1782723685104	OK	 
REQUEST	LoginWeb	preLogin	1782723685015	1782723685236	OK	 
REQUEST		UC05_GET_/download/{fileid}	1782723685109	1782723685332	OK	 
ERROR	UC06_GET_/detail-with-attachments/{fflId}: Failed to build request: No attribute named 'fflId' is defined 	1782723685333
REQUEST	LoginWeb	preLogin	1782723685218	1782723685429	OK	 
REQUEST	LoginWeb	decrypt	1782723685516	1782723685597	OK	 
GROUP	LoginWeb	1782723678417	1782723685598	1990	OK
ERROR	UC01_POST_/file-upload: Failed to build request: No attribute named 'requestId' is defined 	1782723685598
ERROR	UC02_POST_/send-to-bank: Failed to build request: No attribute named 'requestId' is defined 	1782723685598
REQUEST		UC03_GET_/params	1782723685313	1782723685689	OK	 
ERROR	UC04_POST_/delete-file: Failed to build request: No attribute named 'pprbId' is defined 	1782723685691
REQUEST	LoginWeb	create	1782723684890	1782723685695	OK	 
REQUEST	LoginWeb	decrypt	1782723685812	1782723685894	OK	 
GROUP	LoginWeb	1782723678604	1782723685896	1854	OK
ERROR	UC01_POST_/file-upload: Failed to build request: No attribute named 'requestId' is defined 	1782723685896
ERROR	UC02_POST_/send-to-bank: Failed to build request: No attribute named 'requestId' is defined 	1782723685896
REQUEST	LoginWeb	login	1782723685698	1782723685968	OK	 
REQUEST	LoginWeb	login	1782723685890	1782723686156	OK	 
REQUEST	LoginWeb	create	1782723685408	1782723686181	OK	 
REQUEST		UC07_POST_/inform-list	1782723686015	1782723686310	OK	 
REQUEST	LoginWeb	login	1782723686109	1782723686361	OK	 
REQUEST	LoginWeb	create	1782723685598	1782723686441	OK	 
REQUEST	LoginWeb	decrypt	1782723686408	1782723686486	OK	 
GROUP	LoginWeb	1782723679188	1782723686488	1934	OK
ERROR	UC01_POST_/file-upload: Failed to build request: No attribute named 'requestId' is defined 	1782723686488
ERROR	UC02_POST_/send-to-bank: Failed to build request: No attribute named 'requestId' is defined 	1782723686488
REQUEST		UC05_GET_/download/{fileid}	1782723686314	1782723686523	OK	 
ERROR	UC06_GET_/detail-with-attachments/{fflId}: Failed to build request: No attribute named 'fflId' is defined 	1782723686525
REQUEST		UC03_GET_/params	1782723686208	1782723686577	OK	 
ERROR	UC04_POST_/delete-file: Failed to build request: No attribute named 'pprbId' is defined 	1782723686579
REQUEST	LoginWeb	decrypt	1782723686800	1782723686875	OK	 
GROUP	LoginWeb	1782723679800	1782723686877	1889	OK
ERROR	UC01_POST_/file-upload: Failed to build request: No attribute named 'requestId' is defined 	1782723686877
REQUEST		UC03_GET_/params	1782723686513	1782723686876	OK	 
ERROR	UC04_POST_/delete-file: Failed to build request: No attribute named 'pprbId' is defined 	1782723686880
ERROR	UC02_POST_/send-to-bank: Failed to build request: No attribute named 'requestId' is defined 	1782723686880
REQUEST		UC08_POST_/send-to-bank/{fflId}	1782723686894	1782723687104	OK	 
REQUEST	LoginWeb	decrypt	1782723687098	1782723687170	OK	 
GROUP	LoginWeb	1782723679999	1782723687172	1954	OK
ERROR	UC01_POST_/file-upload: Failed to build request: No attribute named 'requestId' is defined 	1782723687172
ERROR	UC02_POST_/send-to-bank: Failed to build request: No attribute named 'requestId' is defined 	1782723687172
REQUEST	LoginWeb	create	1782723686608	1782723687356	OK	 
REQUEST	LoginWeb	create	1782723686718	1782723687472	OK	 
REQUEST		UC03_GET_/params	1782723687207	1782723687581	OK	 
ERROR	UC04_POST_/delete-file: Failed to build request: No attribute named 'pprbId' is defined 	1782723687583
REQUEST		UC07_POST_/inform-list	1782723687298	1782723687597	OK	 
REQUEST		UC05_GET_/download/{fileid}	1782723687406	1782723687701	OK	 
ERROR	UC06_GET_/detail-with-attachments/{fflId}: Failed to build request: No attribute named 'fflId' is defined 	1782723687702
REQUEST		UC05_GET_/download/{fileid}	1782723687500	1782723687706	OK	 
ERROR	UC06_GET_/detail-with-attachments/{fflId}: Failed to build request: No attribute named 'fflId' is defined 	1782723687708
REQUEST	LoginWeb	create	1782723687003	1782723687791	OK	 
REQUEST		UC03_GET_/params	1782723687598	1782723687934	OK	 
ERROR	UC04_POST_/delete-file: Failed to build request: No attribute named 'pprbId' is defined 	1782723687935
REQUEST	LoginWeb	decrypt	1782723687874	1782723687952	OK	 
GROUP	LoginWeb	1782723681073	1782723687953	1859	OK
ERROR	UC01_POST_/file-upload: Failed to build request: No attribute named 'requestId' is defined 	1782723687953
ERROR	UC02_POST_/send-to-bank: Failed to build request: No attribute named 'requestId' is defined 	1782723687953
REQUEST		UC09_GET_/requests-and-inform	1782723687718	1782723687997	OK	 
REQUEST	LoginWeb	decrypt	1782723687983	1782723688061	OK	 
GROUP	LoginWeb	1782723681498	1782723688062	1886	OK
ERROR	UC01_POST_/file-upload: Failed to build request: No attribute named 'requestId' is defined 	1782723688062
ERROR	UC02_POST_/send-to-bank: Failed to build request: No attribute named 'requestId' is defined 	1782723688063
REQUEST		UC03_GET_/params	1782723687812	1782723688201	OK	 
ERROR	UC04_POST_/delete-file: Failed to build request: No attribute named 'pprbId' is defined 	1782723688202
REQUEST		UC05_GET_/download/{fileid}	1782723688078	1782723688285	OK	 
ERROR	UC06_GET_/detail-with-attachments/{fflId}: Failed to build request: No attribute named 'fflId' is defined 	1782723688286
REQUEST		UC08_POST_/send-to-bank/{fflId}	1782723688187	1782723688399	OK	 
REQUEST	LoginWeb	decrypt	1782723688483	1782723688565	OK	 
GROUP	LoginWeb	1782723681689	1782723688566	1924	OK
ERROR	UC01_POST_/file-upload: Failed to build request: No attribute named 'requestId' is defined 	1782723688566
ERROR	UC02_POST_/send-to-bank: Failed to build request: No attribute named 'requestId' is defined 	1782723688566
REQUEST		UC07_POST_/inform-list	1782723688281	1782723688567	OK	 
REQUEST		UC07_POST_/inform-list	1782723688390	1782723688668	OK	 
REQUEST		UC05_GET_/download/{fileid}	1782723688578	1782723688774	OK	 
ERROR	UC06_GET_/detail-with-attachments/{fflId}: Failed to build request: No attribute named 'fflId' is defined 	1782723688776
REQUEST		UC03_GET_/params	1782723688702	1782723689030	OK	 
ERROR	UC04_POST_/delete-file: Failed to build request: No attribute named 'pprbId' is defined 	1782723689032
REQUEST		UC10_POST_/mop-1-0	1782723688798	1782723689122	OK	 
REQUEST		UC05_GET_/download/{fileid}	1782723688983	1782723689197	OK	 
ERROR	UC06_GET_/detail-with-attachments/{fflId}: Failed to build request: No attribute named 'fflId' is defined 	1782723689198
REQUEST		UC03_GET_/params	1782723688874	1782723689276	OK	 
ERROR	UC04_POST_/delete-file: Failed to build request: No attribute named 'pprbId' is defined 	1782723689277
REQUEST		UC07_POST_/inform-list	1782723689078	1782723689377	OK	 
REQUEST		UC09_GET_/requests-and-inform	1782723689187	1782723689460	OK	 
REQUEST		UC08_POST_/send-to-bank/{fflId}	1782723689378	1782723689577	OK	 
REQUEST		UC03_GET_/params	1782723689281	1782723689641	OK	 
ERROR	UC04_POST_/delete-file: Failed to build request: No attribute named 'pprbId' is defined 	1782723689643
REQUEST		UC08_POST_/send-to-bank/{fflId}	1782723689483	1782723689697	OK	 
REQUEST		UC07_POST_/inform-list	1782723689578	1782723689855	OK	 
REQUEST		UC05_GET_/download/{fileid}	1782723689702	1782723689888	OK	 
ERROR	UC06_GET_/detail-with-attachments/{fflId}: Failed to build request: No attribute named 'fflId' is defined 	1782723689889
REQUEST		UC11_POST_/online-control	1782723689798	1782723690086	OK	 
REQUEST		UC07_POST_/inform-list	1782723689883	1782723690192	OK	 
REQUEST		UC05_GET_/download/{fileid}	1782723690004	1782723690212	OK	 
ERROR	UC06_GET_/detail-with-attachments/{fflId}: Failed to build request: No attribute named 'fflId' is defined 	1782723690213
REQUEST		UC08_POST_/send-to-bank/{fflId}	1782723690092	1782723690308	OK	 
REQUEST		UC10_POST_/mop-1-0	1782723690188	1782723690485	OK	 
REQUEST		UC09_GET_/requests-and-inform	1782723690296	1782723690552	OK	 
REQUEST		UC05_GET_/download/{fileid}	1782723690389	1782723690589	OK	 
ERROR	UC06_GET_/detail-with-attachments/{fflId}: Failed to build request: No attribute named 'fflId' is defined 	1782723690590
REQUEST		UC09_GET_/requests-and-inform	1782723690488	1782723690735	OK	 
REQUEST		UC08_POST_/send-to-bank/{fflId}	1782723690592	1782723690785	OK	 
REQUEST		UC07_POST_/inform-list	1782723690702	1782723690959	OK	 
REQUEST		UC08_POST_/send-to-bank/{fflId}	1782723690878	1782723691086	OK	 
REQUEST		UC12_GET_/rehabilitation	1782723690811	1782723691141	OK	 
REQUEST		UC07_POST_/inform-list	1782723690999	1782723691290	OK	 
REQUEST		UC09_GET_/requests-and-inform	1782723691098	1782723691348	OK	 
REQUEST		UC11_POST_/online-control	1782723691203	1782723691481	OK	 
REQUEST		UC10_POST_/mop-1-0	1782723691298	1782723691562	OK	 
REQUEST		UC07_POST_/inform-list	1782723691407	1782723691703	OK	 
REQUEST		UC10_POST_/mop-1-0	1782723691501	1782723691769	OK	 
REQUEST		UC09_GET_/requests-and-inform	1782723691598	1782723691835	OK	 
REQUEST		UC08_POST_/send-to-bank/{fflId}	1782723691702	1782723691904	OK	 
REQUEST		UC09_GET_/requests-and-inform	1782723691798	1782723692062	OK	 
REQUEST		UC13_GET_/unread-tabs	1782723691890	1782723692108	OK	 
REQUEST		UC08_POST_/send-to-bank/{fflId}	1782723692015	1782723692222	OK	 
REQUEST		UC10_POST_/mop-1-0	1782723692109	1782723692386	OK	 
REQUEST		UC12_GET_/rehabilitation	1782723692218	1782723692541	OK	 
REQUEST		UC11_POST_/online-control	1782723692312	1782723692565	OK	 
REQUEST		UC08_POST_/send-to-bank/{fflId}	1782723692408	1782723692604	OK	 
REQUEST		UC11_POST_/online-control	1782723692515	1782723692762	OK	 
REQUEST		UC10_POST_/mop-1-0	1782723692624	1782723692886	OK	 
REQUEST		UC09_GET_/requests-and-inform	1782723692702	1782723692965	OK	 
REQUEST		UC14_POST_/detail	1782723692878	1782723693048	OK	 
REQUEST		UC10_POST_/mop-1-0	1782723692808	1782723693101	OK	 
REQUEST		UC09_GET_/requests-and-inform	1782723692998	1782723693260	OK	 
REQUEST		UC11_POST_/online-control	1782723693098	1782723693383	OK	 
REQUEST		UC13_GET_/unread-tabs	1782723693202	1782723693410	OK	 
REQUEST		UC12_GET_/rehabilitation	1782723693298	1782723693586	OK	 
REQUEST		UC09_GET_/requests-and-inform	1782723693406	1782723693666	OK	 
REQUEST		UC12_GET_/rehabilitation	1782723693500	1782723693787	OK	 
REQUEST		UC11_POST_/online-control	1782723693594	1782723693854	OK	 
REQUEST		UC10_POST_/mop-1-0	1782723693702	1782723693957	OK	 
REQUEST		UC15_POST_/callback	1782723693798	1782723694008	OK	 
REQUEST		UC11_POST_/online-control	1782723693890	1782723694176	OK	 
REQUEST		UC10_POST_/mop-1-0	1782723694015	1782723694315	OK	 
REQUEST		UC14_POST_/detail	1782723694218	1782723694398	OK	 
REQUEST		UC12_GET_/rehabilitation	1782723694109	1782723694485	OK	 
REQUEST		UC13_GET_/unread-tabs	1782723694312	1782723694487	OK	 
REQUEST		UC10_POST_/mop-1-0	1782723694408	1782723694684	OK	 
REQUEST		UC13_GET_/unread-tabs	1782723694515	1782723694687	OK	 
REQUEST		UC12_GET_/rehabilitation	1782723694609	1782723694917	OK	 
REQUEST		UC16_PUT_/callback	1782723694798	1782723694968	OK	 
REQUEST		UC11_POST_/online-control	1782723694718	1782723694982	OK	 
REQUEST		UC12_GET_/rehabilitation	1782723694890	1782723695213	OK	 
REQUEST		UC11_POST_/online-control	1782723695015	1782723695310	OK	 
REQUEST		UC15_POST_/callback	1782723695109	1782723695327	OK	 
REQUEST		UC13_GET_/unread-tabs	1782723695208	1782723695413	OK	 
REQUEST		UC14_POST_/detail	1782723695313	1782723695473	OK	 
REQUEST		UC14_POST_/detail	1782723695516	1782723695677	OK	 
REQUEST		UC11_POST_/online-control	1782723695408	1782723695678	OK	 
REQUEST		UC13_GET_/unread-tabs	1782723695610	1782723695792	OK	 
REQUEST		UC17_DELETE_/callback?taskId={taskIdCB}	1782723695708	1782723695926	OK	 
REQUEST		UC12_GET_/rehabilitation	1782723695811	1782723696085	OK	 
REQUEST		UC13_GET_/unread-tabs	1782723695890	1782723696096	OK	 
REQUEST		UC16_PUT_/callback	1782723696109	1782723696262	OK	 
REQUEST		UC12_GET_/rehabilitation	1782723696014	1782723696327	OK	 
REQUEST		UC14_POST_/detail	1782723696218	1782723696410	OK	 
REQUEST		UC15_POST_/callback	1782723696308	1782723696505	OK	 
REQUEST		UC15_POST_/callback	1782723696408	1782723696613	OK	 
REQUEST		UC14_POST_/detail	1782723696609	1782723696757	OK	 
REQUEST		UC12_GET_/rehabilitation	1782723696515	1782723696816	OK	 
REQUEST		UC18_GET_/compliance-helper	1782723696718	1782723696896	OK	 
REQUEST		UC13_GET_/unread-tabs	1782723696812	1782723696997	OK	 
REQUEST		UC14_POST_/detail	1782723696889	1782723697042	OK	 
REQUEST		UC17_DELETE_/callback?taskId={taskIdCB}	1782723697014	1782723697225	OK	 
REQUEST		UC13_GET_/unread-tabs	1782723697109	1782723697329	OK	 
REQUEST		UC15_POST_/callback	1782723697218	1782723697451	OK	 
REQUEST		UC16_PUT_/callback	1782723697313	1782723697461	OK	 
REQUEST		UC16_PUT_/callback	1782723697408	1782723697572	OK	 
REQUEST		UC15_POST_/callback	1782723697515	1782723697713	OK	 
REQUEST		UC13_GET_/unread-tabs	1782723697609	1782723697786	OK	 
REQUEST		UC19_GET_/activation	1782723697718	1782723697881	OK	 
REQUEST		UC14_POST_/detail	1782723697812	1782723697970	OK	 
REQUEST		UC15_POST_/callback	1782723697890	1782723698090	OK	 
REQUEST		UC18_GET_/compliance-helper	1782723698014	1782723698170	OK	 
REQUEST		UC14_POST_/detail	1782723698109	1782723698274	OK	 
REQUEST		UC16_PUT_/callback	1782723698218	1782723698389	OK	 
REQUEST		UC17_DELETE_/callback?taskId={taskIdCB}	1782723698312	1782723698511	OK	 
REQUEST		UC17_DELETE_/callback?taskId={taskIdCB}	1782723698408	1782723698620	OK	 
REQUEST		UC16_PUT_/callback	1782723698515	1782723698661	OK	 
REQUEST		UC14_POST_/detail	1782723698608	1782723698778	OK	 
REQUEST		UC20_GET_/change-tariff	1782723698718	1782723698865	OK	 
REQUEST		UC15_POST_/callback	1782723698811	1782723699027	OK	 
REQUEST		UC16_PUT_/callback	1782723698890	1782723699038	OK	 
REQUEST		UC19_GET_/activation	1782723699015	1782723699188	OK	 
REQUEST		UC15_POST_/callback	1782723699109	1782723699315	OK	 
REQUEST		UC17_DELETE_/callback?taskId={taskIdCB}	1782723699208	1782723699426	OK	 
REQUEST		UC18_GET_/compliance-helper	1782723699313	1782723699484	OK	 
REQUEST		UC18_GET_/compliance-helper	1782723699408	1782723699569	OK	 
REQUEST		UC17_DELETE_/callback?taskId={taskIdCB}	1782723699515	1782723699708	OK	 
REQUEST		UC15_POST_/callback	1782723699609	1782723699815	OK	 
REQUEST		UC21_GET_/user-permissions	1782723699708	1782723699903	OK	 
REQUEST		UC16_PUT_/callback	1782723699814	1782723699960	OK	 
REQUEST		UC17_DELETE_/callback?taskId={taskIdCB}	1782723699888	1782723700099	OK	 
REQUEST		UC20_GET_/change-tariff	1782723699998	1782723700154	OK	 
REQUEST		UC16_PUT_/callback	1782723700098	1782723700246	OK	 
REQUEST		UC18_GET_/compliance-helper	1782723700202	1782723700368	OK	 
REQUEST		UC19_GET_/activation	1782723700298	1782723700435	OK	 
REQUEST		UC19_GET_/activation	1782723700406	1782723700559	OK	 
REQUEST		UC18_GET_/compliance-helper	1782723700500	1782723700658	OK	 
REQUEST		UC16_PUT_/callback	1782723700598	1782723700759	OK	 
REQUEST		UC17_DELETE_/callback?taskId={taskIdCB}	1782723700812	1782723701004	OK	 
REQUEST		UC22_GET_/print-form	1782723700703	1782723701041	OK	 
REQUEST		UC18_GET_/compliance-helper	1782723700878	1782723701045	OK	 
REQUEST		UC21_GET_/user-permissions	1782723700999	1782723701159	OK	 
REQUEST		UC17_DELETE_/callback?taskId={taskIdCB}	1782723701108	1782723701321	OK	 
REQUEST		UC19_GET_/activation	1782723701202	1782723701375	OK	 
REQUEST		UC20_GET_/change-tariff	1782723701298	1782723701458	OK	 
REQUEST		UC20_GET_/change-tariff	1782723701405	1782723701560	OK	 
REQUEST		UC19_GET_/activation	1782723701499	1782723701663	OK	 
REQUEST		UC17_DELETE_/callback?taskId={taskIdCB}	1782723701598	1782723701812	OK	 
REQUEST		UC18_GET_/compliance-helper	1782723701703	1782723701874	OK	 
REQUEST		UC19_GET_/activation	1782723701890	1782723702058	OK	 
REQUEST		UC23_GET_/rejections	1782723701797	1782723702219	OK	 
REQUEST		UC18_GET_/compliance-helper	1782723702110	1782723702296	OK	 
REQUEST		UC22_GET_/print-form	1782723702015	1782723702333	OK	 
REQUEST		UC20_GET_/change-tariff	1782723702218	1782723702375	OK	 
REQUEST		UC21_GET_/user-permissions	1782723702312	1782723702448	OK	 
REQUEST		UC21_GET_/user-permissions	1782723702408	1782723702546	OK	 
REQUEST		UC20_GET_/change-tariff	1782723702516	1782723702666	OK	 
REQUEST		UC18_GET_/compliance-helper	1782723702609	1782723702788	OK	 
REQUEST		UC19_GET_/activation	1782723702718	1782723702869	OK	 
REQUEST		UC20_GET_/change-tariff	1782723702811	1782723702967	OK	 
REQUEST		UC19_GET_/activation	1782723703015	1782723703175	OK	 
REQUEST		UC24_GET_/rejection/{operationId}	1782723702890	1782723703192	OK	 
REQUEST		UC21_GET_/user-permissions	1782723703208	1782723703362	OK	 
REQUEST		UC23_GET_/rejections	1782723703109	1782723703528	OK	 
REQUEST		UC22_GET_/print-form	1782723703311	1782723703660	OK	 
REQUEST		UC21_GET_/user-permissions	1782723703515	1782723703676	OK	 
REQUEST		UC22_GET_/print-form	1782723703408	1782723703757	OK	 
REQUEST		UC19_GET_/activation	1782723703608	1782723703766	OK	 
REQUEST		UC20_GET_/change-tariff	1782723703718	1782723703853	OK	 
REQUEST		UC21_GET_/user-permissions	1782723703827	1782723703983	OK	 
REQUEST		UC20_GET_/change-tariff	1782723703890	1782723704050	OK	 
REQUEST		UC25_GET_/active-switchers	1782723704015	1782723704190	OK	 
REQUEST		UC22_GET_/print-form	1782723704109	1782723704426	OK	 
REQUEST		UC24_GET_/rejection/{operationId}	1782723704218	1782723704522	OK	 
REQUEST		UC23_GET_/rejections	1782723704312	1782723704639	OK	 
REQUEST		UC22_GET_/print-form	1782723704408	1782723704732	OK	 
REQUEST		UC20_GET_/change-tariff	1782723704609	1782723704764	OK	 
REQUEST		UC23_GET_/rejections	1782723704516	1782723704841	OK	 
REQUEST		UC21_GET_/user-permissions	1782723704719	1782723704870	OK	 
REQUEST		UC21_GET_/user-permissions	1782723704890	1782723705041	OK	 
REQUEST		UC26_GET_/system-parameters	1782723705014	1782723705177	OK	 
REQUEST		UC22_GET_/print-form	1782723704827	1782723705183	OK	 
REQUEST		UC25_GET_/active-switchers	1782723705218	1782723705397	OK	 
REQUEST		UC23_GET_/rejections	1782723705109	1782723705485	OK	 
REQUEST		UC24_GET_/rejection/{operationId}	1782723705308	1782723705578	OK	 
REQUEST		UC21_GET_/user-permissions	1782723705499	1782723705648	OK	 
REQUEST		UC23_GET_/rejections	1782723705405	1782723705745	OK	 
REQUEST		UC24_GET_/rejection/{operationId}	1782723705608	1782723705888	OK	 
REQUEST		UC22_GET_/print-form	1782723705702	1782723706055	OK	 
REQUEST		UC27_GET_/organization	1782723705890	1782723706074	OK	 
REQUEST		UC22_GET_/print-form	1782723705798	1782723706163	OK	 
REQUEST		UC26_GET_/system-parameters	1782723706109	1782723706299	OK	 
REQUEST		UC23_GET_/rejections	1782723706015	1782723706418	OK	 
REQUEST		UC25_GET_/active-switchers	1782723706313	1782723706461	OK	 
REQUEST		UC24_GET_/rejection/{operationId}	1782723706208	1782723706496	OK	 
REQUEST		UC22_GET_/print-form	1782723706408	1782723706762	OK	 
REQUEST		UC24_GET_/rejection/{operationId}	1782723706514	1782723706778	OK	 
REQUEST		UC25_GET_/active-switchers	1782723706623	1782723706781	OK	 
REQUEST		UC28_GET_/compliance-profile/mtb	1782723706826	1782723706997	OK	 
REQUEST		UC23_GET_/rejections	1782723706701	1782723707058	OK	 
REQUEST		UC27_GET_/organization	1782723707014	1782723707180	OK	 
REQUEST		UC23_GET_/rejections	1782723706889	1782723707328	OK	 
REQUEST		UC24_GET_/rejection/{operationId}	1782723707109	1782723707380	OK	 
REQUEST		UC26_GET_/system-parameters	1782723707218	1782723707387	OK	 
REQUEST		UC25_GET_/active-switchers	1782723707312	1782723707488	OK	 
REQUEST		UC25_GET_/active-switchers	1782723707514	1782723707687	OK	 
REQUEST		UC26_GET_/system-parameters	1782723707608	1782723707789	OK	 
REQUEST		UC23_GET_/rejections	1782723707408	1782723707789	OK	 
REQUEST		UC29_GET_/dopInfo	1782723707717	1782723707903	OK	 
REQUEST		UC28_GET_/compliance-profile/mtb	1782723707891	1782723708073	OK	 
REQUEST		UC24_GET_/rejection/{operationId}	1782723707811	1782723708074	OK	 
REQUEST		UC25_GET_/active-switchers	1782723708108	1782723708276	OK	 
REQUEST		UC24_GET_/rejection/{operationId}	1782723708014	1782723708297	OK	 
REQUEST		UC27_GET_/organization	1782723708218	1782723708389	OK	 
REQUEST		UC26_GET_/system-parameters	1782723708312	1782723708473	OK	 
REQUEST		UC26_GET_/system-parameters	1782723708408	1782723708575	OK	 
REQUEST		UC27_GET_/organization	1782723708508	1782723708681	OK	 
REQUEST		UC30_GET_/counterparties	1782723708702	1782723708863	OK	 
REQUEST		UC24_GET_/rejection/{operationId}	1782723708609	1782723708881	OK	 
REQUEST		UC29_GET_/dopInfo	1782723708798	1782723708982	OK	 
REQUEST		UC25_GET_/active-switchers	1782723708888	1782723709054	OK	 
REQUEST		UC26_GET_/system-parameters	1782723709012	1782723709184	OK	 
REQUEST		UC25_GET_/active-switchers	1782723709109	1782723709300	OK	 
REQUEST		UC28_GET_/compliance-profile/mtb	1782723709218	1782723709372	OK	 
REQUEST		UC27_GET_/organization	1782723709322	1782723709502	OK	 
REQUEST		UC27_GET_/organization	1782723709416	1782723709574	OK	 
REQUEST		UC28_GET_/compliance-profile/mtb	1782723709510	1782723709692	OK	 
REQUEST		UC31_GET_/compliance-profile/contacts	1782723709608	1782723709790	OK	 
REQUEST		UC25_GET_/active-switchers	1782723709702	1782723709879	OK	 
REQUEST		UC30_GET_/counterparties	1782723709808	1782723709970	OK	 
REQUEST		UC26_GET_/system-parameters	1782723709889	1782723710047	OK	 
REQUEST		UC27_GET_/organization	1782723710012	1782723710197	OK	 
REQUEST		UC26_GET_/system-parameters	1782723710124	1782723710292	OK	 
REQUEST		UC29_GET_/dopInfo	1782723710218	1782723710383	OK	 
REQUEST		UC28_GET_/compliance-profile/mtb	1782723710312	1782723710497	OK	 
REQUEST		UC28_GET_/compliance-profile/mtb	1782723710408	1782723710585	OK	 
REQUEST		UC29_GET_/dopInfo	1782723710515	1782723710699	OK	 
REQUEST		UC32_GET_/compliance-profile	1782723710609	1782723710786	OK	 
REQUEST		UC26_GET_/system-parameters	1782723710718	1782723710893	OK	 
REQUEST		UC31_GET_/compliance-profile/contacts	1782723710812	1782723710983	OK	 
REQUEST		UC27_GET_/organization	1782723710890	1782723711056	OK	 
REQUEST		UC28_GET_/compliance-profile/mtb	1782723711015	1782723711180	OK	 
REQUEST		UC27_GET_/organization	1782723711109	1782723711285	OK	 
REQUEST		UC30_GET_/counterparties	1782723711208	1782723711373	OK	 
REQUEST		UC29_GET_/dopInfo	1782723711313	1782723711472	OK	 
REQUEST		UC29_GET_/dopInfo	1782723711408	1782723711562	OK	 
REQUEST		UC30_GET_/counterparties	1782723711516	1782723711679	OK	 
REQUEST		UC33_GET_/detail	1782723711610	1782723711821	OK	 
REQUEST		UC27_GET_/organization	1782723711718	1782723711900	OK	 
REQUEST		UC32_GET_/compliance-profile	1782723711798	1782723711972	OK	 
REQUEST		UC28_GET_/compliance-profile/mtb	1782723711890	1782723712064	OK	 
REQUEST		UC29_GET_/dopInfo	1782723712008	1782723712173	OK	 
REQUEST		UC28_GET_/compliance-profile/mtb	1782723712116	1782723712286	OK	 
REQUEST		UC31_GET_/compliance-profile/contacts	1782723712208	1782723712366	OK	 
REQUEST		UC30_GET_/counterparties	1782723712312	1782723712478	OK	 
REQUEST		UC30_GET_/counterparties	1782723712408	1782723712571	OK	 
REQUEST		UC31_GET_/compliance-profile/contacts	1782723712515	1782723712686	OK	 
REQUEST		UC34_DELETE_/alert	1782723712609	1782723712813	OK	 
REQUEST		UC28_GET_/compliance-profile/mtb	1782723712703	1782723712877	OK	 
REQUEST		UC33_GET_/detail	1782723712823	1782723713022	OK	 
REQUEST		UC29_GET_/dopInfo	1782723712890	1782723713051	OK	 
REQUEST		UC30_GET_/counterparties	1782723713014	1782723713168	OK	 
REQUEST		UC29_GET_/dopInfo	1782723713109	1782723713277	OK	 
REQUEST		UC32_GET_/compliance-profile	1782723713218	1782723713369	OK	 
REQUEST		UC31_GET_/compliance-profile/contacts	1782723713311	1782723713488	OK	 
REQUEST		UC31_GET_/compliance-profile/contacts	1782723713408	1782723713562	OK	 
REQUEST		UC32_GET_/compliance-profile	1782723713515	1782723713679	OK	 
REQUEST		UC35_POST_/organization	1782723713608	1782723713812	OK	 
REQUEST		UC29_GET_/dopInfo	1782723713718	1782723713901	OK	 
REQUEST		UC34_DELETE_/alert	1782723713827	1782723714022	OK	 
REQUEST		UC30_GET_/counterparties	1782723713890	1782723714061	OK	 
REQUEST		UC31_GET_/compliance-profile/contacts	1782723714014	1782723714188	OK	 
REQUEST		UC30_GET_/counterparties	1782723714109	1782723714269	OK	 
REQUEST		UC33_GET_/detail	1782723714218	1782723714416	OK	 
REQUEST		UC32_GET_/compliance-profile	1782723714313	1782723714479	OK	 
REQUEST		UC32_GET_/compliance-profile	1782723714408	1782723714574	OK	 
REQUEST		UC33_GET_/detail	1782723714515	1782723714694	OK	 
REQUEST		UC36_POST_/mtb	1782723714609	1782723714802	OK	 
REQUEST		UC30_GET_/counterparties	1782723714703	1782723714876	OK	 
REQUEST		UC35_POST_/organization	1782723714812	1782723715027	OK	 
REQUEST		UC31_GET_/compliance-profile/contacts	1782723714890	1782723715058	OK	 
REQUEST		UC32_GET_/compliance-profile	1782723715015	1782723715170	OK	 
REQUEST		UC31_GET_/compliance-profile/contacts	1782723715110	1782723715277	OK	 
REQUEST		UC34_DELETE_/alert	1782723715208	1782723715405	OK	 
REQUEST		UC33_GET_/detail	1782723715313	1782723715527	OK	 
REQUEST		UC33_GET_/detail	1782723715421	1782723715615	OK	 
REQUEST		UC34_DELETE_/alert	1782723715515	1782723715700	OK	 
REQUEST		UC37_POST_/dopInfo	1782723715609	1782723715798	OK	 
REQUEST		UC31_GET_/compliance-profile/contacts	1782723715708	1782723715887	OK	 
REQUEST		UC36_POST_/mtb	1782723715819	1782723716016	OK	 
REQUEST		UC32_GET_/compliance-profile	1782723715896	1782723716051	OK	 
REQUEST		UC33_GET_/detail	1782723715999	1782723716204	OK	 
REQUEST		UC32_GET_/compliance-profile	1782723716098	1782723716267	OK	 
REQUEST		UC35_POST_/organization	1782723716203	1782723716399	OK	 
REQUEST		UC34_DELETE_/alert	1782723716298	1782723716512	OK	 
REQUEST		UC34_DELETE_/alert	1782723716403	1782723716681	OK	 
REQUEST		UC35_POST_/organization	1782723716499	1782723716762	OK	 
REQUEST		UC38_POST_/counterparties	1782723716608	1782723716799	OK	 
REQUEST		UC32_GET_/compliance-profile	1782723716702	1782723716856	OK	 
REQUEST		UC37_POST_/dopInfo	1782723716830	1782723717039	OK	 
REQUEST		UC33_GET_/detail	1782723716878	1782723717046	OK	 
REQUEST		UC34_DELETE_/alert	1782723717014	1782723717211	OK	 
REQUEST		UC33_GET_/detail	1782723717098	1782723717302	OK	 
REQUEST		UC36_POST_/mtb	1782723717202	1782723717395	OK	 
REQUEST		UC35_POST_/organization	1782723717298	1782723717502	OK	 
REQUEST		UC35_POST_/organization	1782723717406	1782723717602	OK	 
REQUEST		UC36_POST_/mtb	1782723717500	1782723717702	OK	 
REQUEST		UC39_POST_/contacts	1782723717598	1782723717800	OK	 
REQUEST		UC33_GET_/detail	1782723717703	1782723717897	OK	 
REQUEST		UC38_POST_/counterparties	1782723717797	1782723718020	OK	 
REQUEST		UC34_DELETE_/alert	1782723717891	1782723718086	OK	 
REQUEST		UC35_POST_/organization	1782723718015	1782723718206	OK	 
REQUEST		UC34_DELETE_/alert	1782723718109	1782723718318	OK	 
REQUEST		UC37_POST_/dopInfo	1782723718218	1782723718426	OK	 
REQUEST		UC36_POST_/mtb	1782723718312	1782723718528	OK	 
REQUEST		UC36_POST_/mtb	1782723718408	1782723718613	OK	 
REQUEST		UC37_POST_/dopInfo	1782723718516	1782723718714	OK	 
REQUEST		UC40_GET_/mop2/{fflId}	1782723718608	1782723718848	OK	 
REQUEST		UC34_DELETE_/alert	1782723718718	1782723718927	OK	 
REQUEST		UC39_POST_/contacts	1782723718811	1782723719020	OK	 
REQUEST		UC35_POST_/organization	1782723718889	1782723719074	OK	 
REQUEST		UC36_POST_/mtb	1782723719014	1782723719206	OK	 
REQUEST		UC35_POST_/organization	1782723719125	1782723719323	OK	 
REQUEST		UC38_POST_/counterparties	1782723719208	1782723719406	OK	 
REQUEST		UC37_POST_/dopInfo	1782723719313	1782723719528	OK	 
REQUEST		UC37_POST_/dopInfo	1782723719408	1782723719610	OK	 
REQUEST		UC38_POST_/counterparties	1782723719516	1782723719715	OK	 
REQUEST		UC41_GET_/onboarding/{fflId}	1782723719610	1782723719791	OK	 
USER	EFSFinmonWebDebug	END	1782723719796
USER	EFSFinmonWebDebug	START	1782723719796
REQUEST		UC35_POST_/organization	1782723719719	1782723719903	OK	 
REQUEST		UC40_GET_/mop2/{fflId}	1782723719808	1782723720056	OK	 
REQUEST		UC36_POST_/mtb	1782723719894	1782723720099	OK	 
REQUEST		UC37_POST_/dopInfo	1782723720008	1782723720206	OK	 
REQUEST		UC36_POST_/mtb	1782723720108	1782723720315	OK	 
REQUEST		UC39_POST_/contacts	1782723720218	1782723720417	OK	 
REQUEST		UC38_POST_/counterparties	1782723720312	1782723720513	OK	 
REQUEST		UC38_POST_/counterparties	1782723720408	1782723720597	OK	 
REQUEST		UC39_POST_/contacts	1782723720515	1782723720717	OK	 
REQUEST	LoginWeb	first_login	1782723720609	1782723720769	OK	 
REQUEST		UC36_POST_/mtb	1782723720718	1782723720924	OK	 
REQUEST		UC41_GET_/onboarding/{fflId}	1782723720798	1782723720999	OK	 
USER	EFSFinmonWebDebug	END	1782723721003
USER	EFSFinmonWebDebug	START	1782723721003
REQUEST		UC37_POST_/dopInfo	1782723720878	1782723721089	OK	 
REQUEST		UC38_POST_/counterparties	1782723720999	1782723721199	OK	 
REQUEST		UC37_POST_/dopInfo	1782723721098	1782723721313	OK	 
REQUEST		UC40_GET_/mop2/{fflId}	1782723721203	1782723721433	OK	 
REQUEST		UC39_POST_/contacts	1782723721298	1782723721511	OK	 
REQUEST		UC39_POST_/contacts	1782723721406	1782723721609	OK	 
REQUEST		UC40_GET_/mop2/{fflId}	1782723721500	1782723721723	OK	 
REQUEST	LoginWeb	settingsLogin	1782723721598	1782723721769	OK	 
REQUEST		UC37_POST_/dopInfo	1782723721703	1782723721906	OK	 
REQUEST	LoginWeb	first_login	1782723721798	1782723721982	OK	 
REQUEST		UC38_POST_/counterparties	1782723721889	1782723722100	OK	 
REQUEST		UC39_POST_/contacts	1782723722014	1782723722213	OK	 
REQUEST		UC38_POST_/counterparties	1782723722109	1782723722300	OK	 
REQUEST		UC41_GET_/onboarding/{fflId}	1782723722218	1782723722402	OK	 
USER	EFSFinmonWebDebug	END	1782723722406
USER	EFSFinmonWebDebug	START	1782723722407
REQUEST		UC40_GET_/mop2/{fflId}	1782723722312	1782723722559	OK	 
REQUEST		UC40_GET_/mop2/{fflId}	1782723722408	1782723722646	OK	 
REQUEST		UC41_GET_/onboarding/{fflId}	1782723722515	1782723722711	OK	 
USER	EFSFinmonWebDebug	END	1782723722716
USER	EFSFinmonWebDebug	START	1782723722716
REQUEST	LoginWeb	newsLogin	1782723722609	1782723722819	OK	 
REQUEST		UC38_POST_/counterparties	1782723722703	1782723722902	OK	 
REQUEST	LoginWeb	settingsLogin	1782723722798	1782723722965	OK	 
REQUEST		UC39_POST_/contacts	1782723722889	1782723723089	OK	 
REQUEST		UC40_GET_/mop2/{fflId}	1782723723014	1782723723251	OK	 
REQUEST		UC39_POST_/contacts	1782723723109	1782723723301	OK	 
REQUEST	LoginWeb	first_login	1782723723218	1782723723357	OK	 
REQUEST		UC41_GET_/onboarding/{fflId}	1782723723312	1782723723522	OK	 
USER	EFSFinmonWebDebug	END	1782723723527
USER	EFSFinmonWebDebug	START	1782723723527
REQUEST		UC41_GET_/onboarding/{fflId}	1782723723408	1782723723600	OK	 
USER	EFSFinmonWebDebug	END	1782723723604
USER	EFSFinmonWebDebug	START	1782723723605
REQUEST	LoginWeb	first_login	1782723723515	1782723723678	OK	 
REQUEST	LoginWeb	preLogin	1782723723609	1782723723833	OK	 
REQUEST		UC39_POST_/contacts	1782723723702	1782723723907	OK	 
REQUEST	LoginWeb	newsLogin	1782723723812	1782723724026	OK	 
REQUEST		UC40_GET_/mop2/{fflId}	1782723723890	1782723724114	OK	 
REQUEST		UC41_GET_/onboarding/{fflId}	1782723724015	1782723724199	OK	 
USER	EFSFinmonWebDebug	END	1782723724203
USER	EFSFinmonWebDebug	START	1782723724204
REQUEST		UC40_GET_/mop2/{fflId}	1782723724109	1782723724352	OK	 
REQUEST	LoginWeb	settingsLogin	1782723724218	1782723724383	OK	 
REQUEST	LoginWeb	first_login	1782723724313	1782723724479	OK	 
REQUEST	LoginWeb	first_login	1782723724412	1782723724599	OK	 
REQUEST	LoginWeb	settingsLogin	1782723724515	1782723724701	OK	 
REQUEST	LoginWeb	login	1782723724608	1782723724866	OK	 
REQUEST		UC40_GET_/mop2/{fflId}	1782723724718	1782723724943	OK	 
REQUEST	LoginWeb	preLogin	1782723724811	1782723725049	OK	 
REQUEST		UC41_GET_/onboarding/{fflId}	1782723724890	1782723725074	OK	 
USER	EFSFinmonWebDebug	END	1782723725077
USER	EFSFinmonWebDebug	START	1782723725078
REQUEST	LoginWeb	first_login	1782723725014	1782723725158	OK	 
REQUEST		UC41_GET_/onboarding/{fflId}	1782723725108	1782723725317	OK	 
USER	EFSFinmonWebDebug	END	1782723725321
USER	EFSFinmonWebDebug	START	1782723725321
REQUEST	LoginWeb	newsLogin	1782723725218	1782723725401	OK	 
REQUEST	LoginWeb	settingsLogin	1782723725312	1782723725476	OK	 
REQUEST	LoginWeb	settingsLogin	1782723725408	1782723725605	OK	 
REQUEST	LoginWeb	newsLogin	1782723725515	1782723725715	OK	 
REQUEST		UC41_GET_/onboarding/{fflId}	1782723725703	1782723725908	OK	 
USER	EFSFinmonWebDebug	END	1782723725911
USER	EFSFinmonWebDebug	START	1782723725911
REQUEST	LoginWeb	first_login	1782723725891	1782723726047	OK	 
REQUEST	LoginWeb	login	1782723725813	1782723726074	OK	 
REQUEST	LoginWeb	settingsLogin	1782723726015	1782723726220	OK	 
REQUEST	LoginWeb	first_login	1782723726109	1782723726278	OK	 
REQUEST	LoginWeb	preLogin	1782723726218	1782723726433	OK	 
REQUEST	LoginWeb	create	1782723725608	1782723726435	OK	 
REQUEST	LoginWeb	newsLogin	1782723726313	1782723726494	OK	 
REQUEST	LoginWeb	newsLogin	1782723726408	1782723726608	OK	 
REQUEST	LoginWeb	preLogin	1782723726511	1782723726750	OK	 
REQUEST	LoginWeb	first_login	1782723726608	1782723726771	OK	 
REQUEST	LoginWeb	settingsLogin	1782723726718	1782723726921	OK	 
REQUEST	LoginWeb	newsLogin	1782723726890	1782723727080	OK	 
REQUEST	LoginWeb	settingsLogin	1782723727014	1782723727218	OK	 
REQUEST	LoginWeb	decrypt	1782723727218	1782723727301	OK	 
GROUP	LoginWeb	1782723719796	1782723727302	1933	OK
ERROR	UC01_POST_/file-upload: Failed to build request: No attribute named 'requestId' is defined 	1782723727302
ERROR	UC02_POST_/send-to-bank: Failed to build request: No attribute named 'requestId' is defined 	1782723727302
REQUEST	LoginWeb	login	1782723727109	1782723727394	OK	 
REQUEST	LoginWeb	preLogin	1782723727313	1782723727516	OK	 
REQUEST	LoginWeb	create	1782723726798	1782723727536	OK	 
REQUEST	LoginWeb	preLogin	1782723727408	1782723727637	OK	 
REQUEST	LoginWeb	login	1782723727516	1782723727775	OK	 
REQUEST	LoginWeb	settingsLogin	1782723727608	1782723727819	OK	 
REQUEST	LoginWeb	newsLogin	1782723727718	1782723727912	OK	 
REQUEST	LoginWeb	preLogin	1782723727812	1782723728035	OK	 
REQUEST	LoginWeb	newsLogin	1782723727890	1782723728087	OK	 
REQUEST		UC03_GET_/params	1782723728015	1782723728369	OK	 
ERROR	UC04_POST_/delete-file: Failed to build request: No attribute named 'pprbId' is defined 	1782723728370
REQUEST	LoginWeb	decrypt	1782723728312	1782723728396	OK	 
GROUP	LoginWeb	1782723721003	1782723728397	1886	OK
ERROR	UC01_POST_/file-upload: Failed to build request: No attribute named 'requestId' is defined 	1782723728397
ERROR	UC02_POST_/send-to-bank: Failed to build request: No attribute named 'requestId' is defined 	1782723728397
REQUEST	LoginWeb	login	1782723728217	1782723728480	OK	 
REQUEST	LoginWeb	login	1782723728408	1782723728684	OK	 
REQUEST	LoginWeb	newsLogin	1782723728608	1782723728846	OK	 
REQUEST	LoginWeb	create	1782723728108	1782723728928	OK	 
REQUEST	LoginWeb	preLogin	1782723728718	1782723728939	OK	 
REQUEST	LoginWeb	login	1782723728811	1782723729075	OK	 
REQUEST	LoginWeb	preLogin	1782723728890	1782723729101	OK	 
REQUEST		UC05_GET_/download/{fileid}	1782723729015	1782723729211	OK	 
ERROR	UC06_GET_/detail-with-attachments/{fflId}: Failed to build request: No attribute named 'fflId' is defined 	1782723729212
REQUEST	LoginWeb	create	1782723728515	1782723729290	OK	 
REQUEST		UC03_GET_/params	1782723729109	1782723729476	OK	 
ERROR	UC04_POST_/delete-file: Failed to build request: No attribute named 'pprbId' is defined 	1782723729478
REQUEST	LoginWeb	decrypt	1782723729499	1782723729581	OK	 
GROUP	LoginWeb	1782723722407	1782723729582	1889	OK
ERROR	UC01_POST_/file-upload: Failed to build request: No attribute named 'requestId' is defined 	1782723729582
ERROR	UC02_POST_/send-to-bank: Failed to build request: No attribute named 'requestId' is defined 	1782723729583
REQUEST	LoginWeb	preLogin	1782723729408	1782723729651	OK	 
REQUEST	LoginWeb	login	1782723729609	1782723729879	OK	 
REQUEST	LoginWeb	create	1782723729217	1782723729974	OK	 
REQUEST	LoginWeb	login	1782723729809	1782723730078	OK	 
REQUEST	LoginWeb	decrypt	1782723730011	1782723730094	OK	 
GROUP	LoginWeb	1782723722716	1782723730096	1905	OK
ERROR	UC01_POST_/file-upload: Failed to build request: No attribute named 'requestId' is defined 	1782723730096
ERROR	UC02_POST_/send-to-bank: Failed to build request: No attribute named 'requestId' is defined 	1782723730096
REQUEST	LoginWeb	create	1782723729312	1782723730158	OK	 
REQUEST		UC07_POST_/inform-list	1782723729893	1782723730176	OK	 
REQUEST		UC05_GET_/download/{fileid}	1782723730100	1782723730310	OK	 
ERROR	UC06_GET_/detail-with-attachments/{fflId}: Failed to build request: No attribute named 'fflId' is defined 	1782723730312
REQUEST	LoginWeb	login	1782723730298	1782723730547	OK	 
REQUEST	LoginWeb	create	1782723729718	1782723730551	OK	 
REQUEST		UC03_GET_/params	1782723730202	1782723730576	OK	 
ERROR	UC04_POST_/delete-file: Failed to build request: No attribute named 'pprbId' is defined 	1782723730578
REQUEST	LoginWeb	decrypt	1782723730515	1782723730599	OK	 
GROUP	LoginWeb	1782723723527	1782723730600	1818	OK
ERROR	UC01_POST_/file-upload: Failed to build request: No attribute named 'requestId' is defined 	1782723730600
ERROR	UC02_POST_/send-to-bank: Failed to build request: No attribute named 'requestId' is defined 	1782723730601
REQUEST	LoginWeb	decrypt	1782723730827	1782723730909	OK	 
GROUP	LoginWeb	1782723723605	1782723730910	2017	OK
ERROR	UC01_POST_/file-upload: Failed to build request: No attribute named 'requestId' is defined 	1782723730911
ERROR	UC02_POST_/send-to-bank: Failed to build request: No attribute named 'requestId' is defined 	1782723730911
REQUEST		UC03_GET_/params	1782723730718	1782723731075	OK	 
ERROR	UC04_POST_/delete-file: Failed to build request: No attribute named 'pprbId' is defined 	1782723731077
REQUEST		UC08_POST_/send-to-bank/{fflId}	1782723730878	1782723731083	OK	 
REQUEST	LoginWeb	create	1782723730405	1782723731269	OK	 
REQUEST	LoginWeb	decrypt	1782723731203	1782723731287	OK	 
GROUP	LoginWeb	1782723724204	1782723731289	1943	OK
ERROR	UC01_POST_/file-upload: Failed to build request: No attribute named 'requestId' is defined 	1782723731289
ERROR	UC02_POST_/send-to-bank: Failed to build request: No attribute named 'requestId' is defined 	1782723731289
REQUEST		UC07_POST_/inform-list	1782723730999	1782723731302	OK	 
REQUEST	LoginWeb	create	1782723730624	1782723731455	OK	 
REQUEST		UC05_GET_/download/{fileid}	1782723731302	1782723731498	OK	 
ERROR	UC06_GET_/detail-with-attachments/{fflId}: Failed to build request: No attribute named 'fflId' is defined 	1782723731500
REQUEST		UC03_GET_/params	1782723731405	1782723731751	OK	 
ERROR	UC04_POST_/delete-file: Failed to build request: No attribute named 'pprbId' is defined 	1782723731753
REQUEST		UC05_GET_/download/{fileid}	1782723731593	1782723731804	OK	 
ERROR	UC06_GET_/detail-with-attachments/{fflId}: Failed to build request: No attribute named 'fflId' is defined 	1782723731806
REQUEST		UC03_GET_/params	1782723731499	1782723731862	OK	 
ERROR	UC04_POST_/delete-file: Failed to build request: No attribute named 'pprbId' is defined 	1782723731864
REQUEST	LoginWeb	decrypt	1782723731798	1782723731883	OK	 
GROUP	LoginWeb	1782723725078	1782723731886	1993	OK
ERROR	UC01_POST_/file-upload: Failed to build request: No attribute named 'requestId' is defined 	1782723731886
ERROR	UC02_POST_/send-to-bank: Failed to build request: No attribute named 'requestId' is defined 	1782723731886
REQUEST	LoginWeb	create	1782723731098	1782723731954	OK	 
REQUEST		UC09_GET_/requests-and-inform	1782723731702	1782723731964	OK	 
REQUEST	LoginWeb	decrypt	1782723732112	1782723732207	OK	 
GROUP	LoginWeb	1782723725321	1782723732209	1976	OK
ERROR	UC01_POST_/file-upload: Failed to build request: No attribute named 'requestId' is defined 	1782723732210
ERROR	UC02_POST_/send-to-bank: Failed to build request: No attribute named 'requestId' is defined 	1782723732210
REQUEST		UC08_POST_/send-to-bank/{fflId}	1782723732015	1782723732239	OK	 
REQUEST		UC03_GET_/params	1782723731890	1782723732276	OK	 
ERROR	UC04_POST_/delete-file: Failed to build request: No attribute named 'pprbId' is defined 	1782723732278
REQUEST		UC05_GET_/download/{fileid}	1782723732308	1782723732502	OK	 
ERROR	UC06_GET_/detail-with-attachments/{fflId}: Failed to build request: No attribute named 'fflId' is defined 	1782723732504
REQUEST		UC07_POST_/inform-list	1782723732208	1782723732513	OK	 
REQUEST		UC05_GET_/download/{fileid}	1782723732514	1782723732715	OK	 
ERROR	UC06_GET_/detail-with-attachments/{fflId}: Failed to build request: No attribute named 'fflId' is defined 	1782723732717
REQUEST		UC07_POST_/inform-list	1782723732408	1782723732720	OK	 
REQUEST	LoginWeb	decrypt	1782723732718	1782723732805	OK	 
GROUP	LoginWeb	1782723725911	1782723732806	2047	OK
ERROR	UC01_POST_/file-upload: Failed to build request: No attribute named 'requestId' is defined 	1782723732806
ERROR	UC02_POST_/send-to-bank: Failed to build request: No attribute named 'requestId' is defined 	1782723732806
REQUEST		UC03_GET_/params	1782723732608	1782723732970	OK	 
ERROR	UC04_POST_/delete-file: Failed to build request: No attribute named 'pprbId' is defined 	1782723732972
REQUEST		UC10_POST_/mop-1-0	1782723732811	1782723733091	OK	 
REQUEST		UC09_GET_/requests-and-inform	1782723733014	1782723733275	OK	 
REQUEST		UC03_GET_/params	1782723732905	1782723733277	OK	 
ERROR	UC04_POST_/delete-file: Failed to build request: No attribute named 'pprbId' is defined 	1782723733304
REQUEST		UC05_GET_/download/{fileid}	1782723733118	1782723733325	OK	 
ERROR	UC06_GET_/detail-with-attachments/{fflId}: Failed to build request: No attribute named 'fflId' is defined 	1782723733327
REQUEST		UC07_POST_/inform-list	1782723733212	1782723733497	OK	 
REQUEST		UC08_POST_/send-to-bank/{fflId}	1782723733316	1782723733523	OK	 
REQUEST		UC08_POST_/send-to-bank/{fflId}	1782723733516	1782723733726	OK	 
REQUEST		UC07_POST_/inform-list	1782723733408	1782723733739	OK	 
REQUEST		UC05_GET_/download/{fileid}	1782723733734	1782723733937	OK	 
ERROR	UC06_GET_/detail-with-attachments/{fflId}: Failed to build request: No attribute named 'fflId' is defined 	1782723733938
REQUEST		UC03_GET_/params	1782723733609	1782723733982	OK	 
ERROR	UC04_POST_/delete-file: Failed to build request: No attribute named 'pprbId' is defined 	1782723733983
REQUEST		UC11_POST_/online-control	1782723733844	1782723734106	OK	 
REQUEST		UC05_GET_/download/{fileid}	1782723733987	1782723734187	OK	 
ERROR	UC06_GET_/detail-with-attachments/{fflId}: Failed to build request: No attribute named 'fflId' is defined 	1782723734188
REQUEST		UC10_POST_/mop-1-0	1782723733875	1782723734188	OK	 
REQUEST		UC08_POST_/send-to-bank/{fflId}	1782723734184	1782723734372	OK	 
REQUEST		UC07_POST_/inform-list	1782723734091	1782723734391	OK	 
REQUEST		UC09_GET_/requests-and-inform	1782723734278	1782723734524	OK	 
REQUEST		UC09_GET_/requests-and-inform	1782723734382	1782723734646	OK	 
REQUEST		UC08_POST_/send-to-bank/{fflId}	1782723734481	1782723734697	OK	 
REQUEST		UC05_GET_/download/{fileid}	1782723734688	1782723734884	OK	 
ERROR	UC06_GET_/detail-with-attachments/{fflId}: Failed to build request: No attribute named 'fflId' is defined 	1782723734885
REQUEST		UC07_POST_/inform-list	1782723734608	1782723734915	OK	 
REQUEST		UC12_GET_/rehabilitation	1782723734796	1782723735080	OK	 
REQUEST		UC07_POST_/inform-list	1782723734874	1782723735164	OK	 
REQUEST		UC11_POST_/online-control	1782723734983	1782723735278	OK	 
REQUEST		UC09_GET_/requests-and-inform	1782723735088	1782723735345	OK	 
REQUEST		UC08_POST_/send-to-bank/{fflId}	1782723735182	1782723735404	OK	 
REQUEST		UC10_POST_/mop-1-0	1782723735278	1782723735591	OK	 
REQUEST		UC10_POST_/mop-1-0	1782723735379	1782723735663	OK	 
REQUEST		UC09_GET_/requests-and-inform	1782723735478	1782723735725	OK	 
REQUEST		UC08_POST_/send-to-bank/{fflId}	1782723735688	1782723735898	OK	 
REQUEST		UC07_POST_/inform-list	1782723735593	1782723735905	OK	 
REQUEST		UC13_GET_/unread-tabs	1782723735796	1782723735992	OK	 
REQUEST		UC08_POST_/send-to-bank/{fflId}	1782723735874	1782723736087	OK	 
REQUEST		UC12_GET_/rehabilitation	1782723735983	1782723736308	OK	 
REQUEST		UC10_POST_/mop-1-0	1782723736093	1782723736368	OK	 
REQUEST		UC09_GET_/requests-and-inform	1782723736187	1782723736443	OK	 
REQUEST		UC11_POST_/online-control	1782723736281	1782723736561	OK	 
REQUEST		UC11_POST_/online-control	1782723736384	1782723736661	OK	 
REQUEST		UC10_POST_/mop-1-0	1782723736478	1782723736760	OK	 
REQUEST		UC09_GET_/requests-and-inform	1782723736608	1782723736852	OK	 
REQUEST		UC08_POST_/send-to-bank/{fflId}	1782723736688	1782723736915	OK	 
REQUEST		UC14_POST_/detail	1782723736798	1782723736968	OK	 
REQUEST		UC09_GET_/requests-and-inform	1782723736874	1782723737116	OK	 
REQUEST		UC13_GET_/unread-tabs	1782723736983	1782723737172	OK	 
REQUEST		UC11_POST_/online-control	1782723737087	1782723737346	OK	 
REQUEST		UC10_POST_/mop-1-0	1782723737186	1782723737473	OK	 
REQUEST		UC12_GET_/rehabilitation	1782723737280	1782723737610	OK	 
REQUEST		UC12_GET_/rehabilitation	1782723737384	1782723737702	OK	 
REQUEST		UC11_POST_/online-control	1782723737478	1782723737766	OK	 
REQUEST		UC10_POST_/mop-1-0	1782723737587	1782723737902	OK	 
REQUEST		UC09_GET_/requests-and-inform	1782723737688	1782723737931	OK	 
REQUEST		UC15_POST_/callback	1782723737798	1782723738012	OK	 
REQUEST		UC14_POST_/detail	1782723737984	1782723738138	OK	 
REQUEST		UC10_POST_/mop-1-0	1782723737875	1782723738140	OK	 
REQUEST		UC12_GET_/rehabilitation	1782723738088	1782723738367	OK	 
REQUEST		UC11_POST_/online-control	1782723738178	1782723738437	OK	 
REQUEST		UC13_GET_/unread-tabs	1782723738281	1782723738468	OK	 
REQUEST		UC13_GET_/unread-tabs	1782723738385	1782723738576	OK	 
REQUEST		UC12_GET_/rehabilitation	1782723738479	1782723738810	OK	 
REQUEST		UC11_POST_/online-control	1782723738588	1782723738871	OK	 
REQUEST		UC16_PUT_/callback	1782723738796	1782723738974	OK	 
REQUEST		UC10_POST_/mop-1-0	1782723738698	1782723738994	OK	 
REQUEST		UC15_POST_/callback	1782723738874	1782723739085	OK	 
REQUEST		UC11_POST_/online-control	1782723738983	1782723739255	OK	 
REQUEST		UC13_GET_/unread-tabs	1782723739087	1782723739270	OK	 
REQUEST		UC14_POST_/detail	1782723739280	1782723739457	OK	 
REQUEST		UC12_GET_/rehabilitation	1782723739181	1782723739499	OK	 
REQUEST		UC14_POST_/detail	1782723739381	1782723739550	OK	 
REQUEST		UC13_GET_/unread-tabs	1782723739478	1782723739681	OK	 
REQUEST		UC17_DELETE_/callback?taskId={taskIdCB}	1782723739694	1782723739895	OK	 
REQUEST		UC12_GET_/rehabilitation	1782723739588	1782723739896	OK	 
REQUEST		UC16_PUT_/callback	1782723739868	1782723740009	OK	 
REQUEST		UC11_POST_/online-control	1782723739788	1782723740078	OK	 
REQUEST		UC14_POST_/detail	1782723740079	1782723740237	OK	 
REQUEST		UC12_GET_/rehabilitation	1782723739983	1782723740283	OK	 
REQUEST		UC15_POST_/callback	1782723740187	1782723740415	OK	 
REQUEST		UC13_GET_/unread-tabs	1782723740281	1782723740475	OK	 
REQUEST		UC15_POST_/callback	1782723740378	1782723740590	OK	 
REQUEST		UC14_POST_/detail	1782723740483	1782723740649	OK	 
REQUEST		UC18_GET_/compliance-helper	1782723740592	1782723740779	OK	 
REQUEST		UC13_GET_/unread-tabs	1782723740688	1782723740884	OK	 
REQUEST		UC17_DELETE_/callback?taskId={taskIdCB}	1782723740780	1782723740989	OK	 
REQUEST		UC12_GET_/rehabilitation	1782723740878	1782723741190	OK	 
REQUEST		UC15_POST_/callback	1782723740998	1782723741205	OK	 
REQUEST		UC13_GET_/unread-tabs	1782723741098	1782723741293	OK	 
REQUEST		UC16_PUT_/callback	1782723741202	1782723741349	OK	 
REQUEST		UC14_POST_/detail	1782723741298	1782723741464	OK	 
REQUEST		UC16_PUT_/callback	1782723741405	1782723741584	OK	 
REQUEST		UC15_POST_/callback	1782723741499	1782723741720	OK	 
REQUEST		UC19_GET_/activation	1782723741609	1782723741783	OK	 
REQUEST		UC14_POST_/detail	1782723741702	1782723741857	OK	 
REQUEST		UC18_GET_/compliance-helper	1782723741798	1782723741977	OK	 
REQUEST		UC13_GET_/unread-tabs	1782723741888	1782723742075	OK	 
REQUEST		UC16_PUT_/callback	1782723742014	1782723742177	OK	 
REQUEST		UC14_POST_/detail	1782723742109	1782723742280	OK	 
REQUEST		UC17_DELETE_/callback?taskId={taskIdCB}	1782723742218	1782723742421	OK	 
REQUEST		UC15_POST_/callback	1782723742312	1782723742533	OK	 
REQUEST		UC17_DELETE_/callback?taskId={taskIdCB}	1782723742408	1782723742610	OK	 
REQUEST		UC16_PUT_/callback	1782723742515	1782723742673	OK	 
REQUEST		UC20_GET_/change-tariff	1782723742609	1782723742765	OK	 
REQUEST		UC15_POST_/callback	1782723742718	1782723742939	OK	 
REQUEST		UC19_GET_/activation	1782723742798	1782723742971	OK	 
REQUEST		UC14_POST_/detail	1782723742905	1782723743065	OK	 
REQUEST		UC17_DELETE_/callback?taskId={taskIdCB}	1782723743015	1782723743225	OK	 
REQUEST		UC15_POST_/callback	1782723743109	1782723743304	OK	 
REQUEST		UC18_GET_/compliance-helper	1782723743218	1782723743387	OK	 
REQUEST		UC16_PUT_/callback	1782723743313	1782723743467	OK	 
REQUEST		UC18_GET_/compliance-helper	1782723743408	1782723743598	OK	 
REQUEST		UC17_DELETE_/callback?taskId={taskIdCB}	1782723743514	1782723743726	OK	 
REQUEST		UC21_GET_/user-permissions	1782723743608	1782723743777	OK	 
REQUEST		UC16_PUT_/callback	1782723743718	1782723743886	OK	 
REQUEST		UC20_GET_/change-tariff	1782723743828	1782723743982	OK	 
REQUEST		UC15_POST_/callback	1782723743873	1782723744092	OK	 
REQUEST		UC18_GET_/compliance-helper	1782723743983	1782723744146	OK	 
REQUEST		UC16_PUT_/callback	1782723744078	1782723744244	OK	 
REQUEST		UC19_GET_/activation	1782723744187	1782723744359	OK	 
REQUEST		UC17_DELETE_/callback?taskId={taskIdCB}	1782723744281	1782723744494	OK	 
REQUEST		UC19_GET_/activation	1782723744378	1782723744529	OK	 
REQUEST		UC18_GET_/compliance-helper	1782723744485	1782723744642	OK	 
REQUEST		UC17_DELETE_/callback?taskId={taskIdCB}	1782723744688	1782723744896	OK	 
REQUEST		UC22_GET_/print-form	1782723744578	1782723744922	OK	 
REQUEST		UC21_GET_/user-permissions	1782723744811	1782723744955	OK	 
REQUEST		UC16_PUT_/callback	1782723744874	1782723745022	OK	 
REQUEST		UC19_GET_/activation	1782723744983	1782723745127	OK	 
REQUEST		UC17_DELETE_/callback?taskId={taskIdCB}	1782723745082	1782723745287	OK	 
REQUEST		UC20_GET_/change-tariff	1782723745186	1782723745337	OK	 
REQUEST		UC18_GET_/compliance-helper	1782723745280	1782723745439	OK	 
REQUEST		UC20_GET_/change-tariff	1782723745378	1782723745542	OK	 
REQUEST		UC19_GET_/activation	1782723745484	1782723745649	OK	 
REQUEST		UC18_GET_/compliance-helper	1782723745589	1782723745769	OK	 
REQUEST		UC23_GET_/rejections	1782723745702	1782723746053	OK	 
REQUEST		UC17_DELETE_/callback?taskId={taskIdCB}	1782723745874	1782723746083	OK	 
REQUEST		UC22_GET_/print-form	1782723745796	1782723746138	OK	 
REQUEST		UC20_GET_/change-tariff	1782723745983	1782723746143	OK	 
REQUEST		UC18_GET_/compliance-helper	1782723746078	1782723746251	OK	 
REQUEST		UC21_GET_/user-permissions	1782723746186	1782723746341	OK	 
REQUEST		UC19_GET_/activation	1782723746280	1782723746449	OK	 
REQUEST		UC21_GET_/user-permissions	1782723746379	1782723746551	OK	 
REQUEST		UC20_GET_/change-tariff	1782723746488	1782723746670	OK	 
REQUEST		UC19_GET_/activation	1782723746582	1782723746743	OK	 
REQUEST		UC18_GET_/compliance-helper	1782723746796	1782723746960	OK	 
REQUEST		UC24_GET_/rejection/{operationId}	1782723746688	1782723746982	OK	 
REQUEST		UC21_GET_/user-permissions	1782723746978	1782723747142	OK	 
REQUEST		UC19_GET_/activation	1782723747086	1782723747249	OK	 
REQUEST		UC23_GET_/rejections	1782723746874	1782723747285	OK	 
REQUEST		UC20_GET_/change-tariff	1782723747281	1782723747450	OK	 
REQUEST		UC22_GET_/print-form	1782723747180	1782723747550	OK	 
REQUEST		UC21_GET_/user-permissions	1782723747484	1782723747654	OK	 
REQUEST		UC20_GET_/change-tariff	1782723747578	1782723747740	OK	 
REQUEST		UC22_GET_/print-form	1782723747378	1782723747739	OK	 
REQUEST		UC19_GET_/activation	1782723747703	1782723747869	OK	 
REQUEST		UC25_GET_/active-switchers	1782723747780	1782723747936	OK	 
REQUEST		UC20_GET_/change-tariff	1782723747983	1782723748144	OK	 
REQUEST		UC22_GET_/print-form	1782723747875	1782723748211	OK	 
REQUEST		UC21_GET_/user-permissions	1782723748187	1782723748353	OK	 
REQUEST		UC24_GET_/rejection/{operationId}	1782723748078	1782723748374	OK	 
REQUEST		UC21_GET_/user-permissions	1782723748484	1782723748636	OK	 
REQUEST		UC23_GET_/rejections	1782723748280	1782723748689	OK	 
REQUEST		UC22_GET_/print-form	1782723748378	1782723748741	OK	 
REQUEST		UC20_GET_/change-tariff	1782723748702	1782723748862	OK	 
REQUEST		UC23_GET_/rejections	1782723748593	1782723748926	OK	 
REQUEST		UC26_GET_/system-parameters	1782723748811	1782723748994	OK	 
REQUEST		UC21_GET_/user-permissions	1782723748874	1782723749029	OK	 
REQUEST		UC25_GET_/active-switchers	1782723749187	1782723749358	OK	 
REQUEST		UC23_GET_/rejections	1782723748983	1782723749359	OK	 
REQUEST		UC22_GET_/print-form	1782723749078	1782723749438	OK	 
REQUEST		UC22_GET_/print-form	1782723749281	1782723749615	OK	 
REQUEST		UC24_GET_/rejection/{operationId}	1782723749378	1782723749670	OK	 
REQUEST		UC21_GET_/user-permissions	1782723749578	1782723749738	OK	 
REQUEST		UC23_GET_/rejections	1782723749488	1782723749900	OK	 
REQUEST		UC27_GET_/organization	1782723749788	1782723749952	OK	 
REQUEST		UC24_GET_/rejection/{operationId}	1782723749688	1782723749973	OK	 
REQUEST		UC26_GET_/system-parameters	1782723749998	1782723750174	OK	 
REQUEST		UC22_GET_/print-form	1782723749871	1782723750185	OK	 
REQUEST		UC24_GET_/rejection/{operationId}	1782723750102	1782723750366	OK	 
REQUEST		UC25_GET_/active-switchers	1782723750405	1782723750575	OK	 
REQUEST		UC23_GET_/rejections	1782723750202	1782723750635	OK	 
REQUEST		UC23_GET_/rejections	1782723750296	1782723750729	OK	 
REQUEST		UC22_GET_/print-form	1782723750488	1782723750829	OK	 
REQUEST		UC28_GET_/compliance-profile/mtb	1782723750686	1782723750861	OK	 
REQUEST		UC24_GET_/rejection/{operationId}	1782723750578	1782723750869	OK	 
REQUEST		UC25_GET_/active-switchers	1782723750798	1782723750961	OK	 
REQUEST		UC27_GET_/organization	1782723750900	1782723751087	OK	 
REQUEST		UC25_GET_/active-switchers	1782723751125	1782723751285	OK	 
REQUEST		UC26_GET_/system-parameters	1782723751219	1782723751395	OK	 
REQUEST		UC23_GET_/rejections	1782723751018	1782723751403	OK	 
REQUEST		UC24_GET_/rejection/{operationId}	1782723751328	1782723751640	OK	 
REQUEST		UC24_GET_/rejection/{operationId}	1782723751419	1782723751719	OK	 
REQUEST		UC29_GET_/dopInfo	1782723751628	1782723751797	OK	 
REQUEST		UC25_GET_/active-switchers	1782723751718	1782723751883	OK	 
REQUEST		UC23_GET_/rejections	1782723751518	1782723751949	OK	 
REQUEST		UC26_GET_/system-parameters	1782723751827	1782723751998	OK	 
REQUEST		UC28_GET_/compliance-profile/mtb	1782723751890	1782723752071	OK	 
REQUEST		UC26_GET_/system-parameters	1782723752015	1782723752182	OK	 
REQUEST		UC27_GET_/organization	1782723752109	1782723752274	OK	 
REQUEST		UC25_GET_/active-switchers	1782723752313	1782723752476	OK	 
REQUEST		UC24_GET_/rejection/{operationId}	1782723752208	1782723752484	OK	 
REQUEST		UC25_GET_/active-switchers	1782723752408	1782723752580	OK	 
REQUEST		UC30_GET_/counterparties	1782723752514	1782723752675	OK	 
REQUEST		UC26_GET_/system-parameters	1782723752608	1782723752783	OK	 
REQUEST		UC27_GET_/organization	1782723752811	1782723752967	OK	 
REQUEST		UC24_GET_/rejection/{operationId}	1782723752702	1782723753012	OK	 
REQUEST		UC29_GET_/dopInfo	1782723752889	1782723753061	OK	 
REQUEST		UC27_GET_/organization	1782723753009	1782723753167	OK	 
REQUEST		UC28_GET_/compliance-profile/mtb	1782723753109	1782723753280	OK	 
REQUEST		UC26_GET_/system-parameters	1782723753218	1782723753388	OK	 
REQUEST		UC25_GET_/active-switchers	1782723753313	1782723753482	OK	 
REQUEST		UC26_GET_/system-parameters	1782723753408	1782723753646	OK	 
REQUEST		UC31_GET_/compliance-profile/contacts	1782723753516	1782723753663	OK	 
REQUEST		UC27_GET_/organization	1782723753608	1782723753770	OK	 
REQUEST		UC28_GET_/compliance-profile/mtb	1782723753718	1782723753892	OK	 
REQUEST		UC25_GET_/active-switchers	1782723753811	1782723753993	OK	 
REQUEST		UC30_GET_/counterparties	1782723753890	1782723754054	OK	 
REQUEST		UC28_GET_/compliance-profile/mtb	1782723754015	1782723754183	OK	 
REQUEST		UC29_GET_/dopInfo	1782723754109	1782723754263	OK	 
REQUEST		UC27_GET_/organization	1782723754218	1782723754390	OK	 
REQUEST		UC26_GET_/system-parameters	1782723754313	1782723754485	OK	 
REQUEST		UC27_GET_/organization	1782723754408	1782723754585	OK	 
REQUEST		UC32_GET_/compliance-profile	1782723754516	1782723754694	OK	 
REQUEST		UC28_GET_/compliance-profile/mtb	1782723754608	1782723754769	OK	 
REQUEST		UC29_GET_/dopInfo	1782723754718	1782723754881	OK	 
REQUEST		UC26_GET_/system-parameters	1782723754811	1782723754986	OK	 
REQUEST		UC31_GET_/compliance-profile/contacts	1782723754890	1782723755071	OK	 
REQUEST		UC29_GET_/dopInfo	1782723755014	1782723755160	OK	 
REQUEST		UC30_GET_/counterparties	1782723755109	1782723755268	OK	 
REQUEST		UC28_GET_/compliance-profile/mtb	1782723755218	1782723755390	OK	 
REQUEST		UC27_GET_/organization	1782723755312	1782723755485	OK	 
REQUEST		UC28_GET_/compliance-profile/mtb	1782723755408	1782723755573	OK	 
REQUEST		UC33_GET_/detail	1782723755515	1782723755712	OK	 
REQUEST		UC29_GET_/dopInfo	1782723755609	1782723755769	OK	 
REQUEST		UC30_GET_/counterparties	1782723755718	1782723755900	OK	 
REQUEST		UC27_GET_/organization	1782723755798	1782723755994	OK	 
REQUEST		UC32_GET_/compliance-profile	1782723755890	1782723756061	OK	 
REQUEST		UC30_GET_/counterparties	1782723756015	1782723756179	OK	 
REQUEST		UC31_GET_/compliance-profile/contacts	1782723756109	1782723756278	OK	 
REQUEST		UC29_GET_/dopInfo	1782723756208	1782723756374	OK	 
REQUEST		UC28_GET_/compliance-profile/mtb	1782723756312	1782723756476	OK	 
REQUEST		UC29_GET_/dopInfo	1782723756408	1782723756570	OK	 
REQUEST		UC34_DELETE_/alert	1782723756515	1782723756724	OK	 
REQUEST		UC30_GET_/counterparties	1782723756609	1782723756786	OK	 
REQUEST		UC31_GET_/compliance-profile/contacts	1782723756702	1782723756874	OK	 
REQUEST		UC28_GET_/compliance-profile/mtb	1782723756812	1782723757003	OK	 
REQUEST		UC33_GET_/detail	1782723756890	1782723757090	OK	 
REQUEST		UC31_GET_/compliance-profile/contacts	1782723757015	1782723757174	OK	 
REQUEST		UC32_GET_/compliance-profile	1782723757109	1782723757273	OK	 
REQUEST		UC30_GET_/counterparties	1782723757208	1782723757375	OK	 
REQUEST		UC29_GET_/dopInfo	1782723757311	1782723757481	OK	 
REQUEST		UC30_GET_/counterparties	1782723757408	1782723757574	OK	 
REQUEST		UC35_POST_/organization	1782723757514	1782723757722	OK	 
REQUEST		UC31_GET_/compliance-profile/contacts	1782723757608	1782723757782	OK	 
REQUEST		UC32_GET_/compliance-profile	1782723757718	1782723757876	OK	 
REQUEST		UC29_GET_/dopInfo	1782723757811	1782723757992	OK	 
REQUEST		UC34_DELETE_/alert	1782723757890	1782723758119	OK	 
REQUEST		UC32_GET_/compliance-profile	1782723758014	1782723758165	OK	 
REQUEST		UC33_GET_/detail	1782723758109	1782723758313	OK	 
REQUEST		UC31_GET_/compliance-profile/contacts	1782723758218	1782723758393	OK	 
REQUEST		UC30_GET_/counterparties	1782723758308	1782723758470	OK	 
REQUEST		UC31_GET_/compliance-profile/contacts	1782723758408	1782723758581	OK	 
REQUEST		UC36_POST_/mtb	1782723758515	1782723758710	OK	 
REQUEST		UC32_GET_/compliance-profile	1782723758609	1782723758772	OK	 
REQUEST		UC33_GET_/detail	1782723758718	1782723758899	OK	 
REQUEST		UC30_GET_/counterparties	1782723758812	1782723758976	OK	 
REQUEST		UC35_POST_/organization	1782723758890	1782723759096	OK	 
REQUEST		UC33_GET_/detail	1782723759015	1782723759197	OK	 
REQUEST		UC34_DELETE_/alert	1782723759109	1782723759306	OK	 
REQUEST		UC32_GET_/compliance-profile	1782723759219	1782723759392	OK	 
REQUEST		UC31_GET_/compliance-profile/contacts	1782723759313	1782723759478	OK	 
REQUEST		UC32_GET_/compliance-profile	1782723759408	1782723759577	OK	 
REQUEST		UC37_POST_/dopInfo	1782723759515	1782723759714	OK	 
REQUEST		UC33_GET_/detail	1782723759609	1782723759832	OK	 
REQUEST		UC34_DELETE_/alert	1782723759703	1782723759897	OK	 
REQUEST		UC31_GET_/compliance-profile/contacts	1782723759808	1782723759979	OK	 
REQUEST		UC36_POST_/mtb	1782723759900	1782723760110	OK	 
REQUEST		UC34_DELETE_/alert	1782723760021	1782723760211	OK	 
REQUEST		UC35_POST_/organization	1782723760120	1782723760345	OK	 
REQUEST		UC33_GET_/detail	1782723760218	1782723760425	OK	 
REQUEST		UC32_GET_/compliance-profile	1782723760328	1782723760506	OK	 
REQUEST		UC33_GET_/detail	1782723760422	1782723760616	OK	 
REQUEST		UC38_POST_/counterparties	1782723760518	1782723760732	OK	 
REQUEST		UC34_DELETE_/alert	1782723760623	1782723760839	OK	 
REQUEST		UC35_POST_/organization	1782723760718	1782723760921	OK	 
REQUEST		UC32_GET_/compliance-profile	1782723760827	1782723761010	OK	 
REQUEST		UC37_POST_/dopInfo	1782723760889	1782723761114	OK	 
REQUEST		UC35_POST_/organization	1782723761014	1782723761199	OK	 
REQUEST		UC36_POST_/mtb	1782723761109	1782723761331	OK	 
REQUEST		UC34_DELETE_/alert	1782723761218	1782723761424	OK	 
REQUEST		UC33_GET_/detail	1782723761312	1782723761494	OK	 
REQUEST		UC34_DELETE_/alert	1782723761408	1782723761612	OK	 
REQUEST		UC39_POST_/contacts	1782723761508	1782723761711	OK	 
REQUEST		UC35_POST_/organization	1782723761608	1782723761816	OK	 
REQUEST		UC36_POST_/mtb	1782723761718	1782723761940	OK	 
REQUEST		UC33_GET_/detail	1782723761798	1782723761997	OK	 
REQUEST		UC38_POST_/counterparties	1782723761878	1782723762073	OK	 
REQUEST		UC36_POST_/mtb	1782723761999	1782723762189	OK	 
REQUEST		UC37_POST_/dopInfo	1782723762098	1782723762327	OK	 
REQUEST		UC35_POST_/organization	1782723762203	1782723762409	OK	 
REQUEST		UC34_DELETE_/alert	1782723762299	1782723762500	OK	 
REQUEST		UC35_POST_/organization	1782723762407	1782723762614	OK	 
REQUEST		UC40_GET_/mop2/{fflId}	1782723762501	1782723762747	OK	 
REQUEST		UC36_POST_/mtb	1782723762608	1782723762827	OK	 
REQUEST		UC37_POST_/dopInfo	1782723762701	1782723762919	OK	 
REQUEST		UC34_DELETE_/alert	1782723762795	1782723763008	OK	 
REQUEST		UC39_POST_/contacts	1782723762890	1782723763145	OK	 
REQUEST		UC37_POST_/dopInfo	1782723763016	1782723763234	OK	 
REQUEST		UC38_POST_/counterparties	1782723763123	1782723763329	OK	 
REQUEST		UC36_POST_/mtb	1782723763217	1782723763428	OK	 
REQUEST		UC35_POST_/organization	1782723763311	1782723763511	OK	 
REQUEST		UC36_POST_/mtb	1782723763408	1782723763674	OK	 
REQUEST		UC41_GET_/onboarding/{fflId}	1782723763515	1782723763693	OK	 
USER	EFSFinmonWebDebug	END	1782723763698
USER	EFSFinmonWebDebug	START	1782723763698
REQUEST		UC37_POST_/dopInfo	1782723763608	1782723763820	OK	 
REQUEST		UC38_POST_/counterparties	1782723763718	1782723763924	OK	 
REQUEST		UC35_POST_/organization	1782723763812	1782723764025	OK	 
REQUEST		UC40_GET_/mop2/{fflId}	1782723763890	1782723764124	OK	 
REQUEST		UC38_POST_/counterparties	1782723764015	1782723764200	OK	 
REQUEST		UC39_POST_/contacts	1782723764109	1782723764321	OK	 
REQUEST		UC37_POST_/dopInfo	1782723764208	1782723764427	OK	 
REQUEST		UC36_POST_/mtb	1782723764313	1782723764516	OK	 
REQUEST		UC37_POST_/dopInfo	1782723764408	1782723764611	OK	 
REQUEST	LoginWeb	first_login	1782723764516	1782723764696	OK	 
REQUEST		UC38_POST_/counterparties	1782723764610	1782723764809	OK	 
REQUEST		UC39_POST_/contacts	1782723764718	1782723764915	OK	 
REQUEST		UC36_POST_/mtb	1782723764812	1782723765021	OK	 
REQUEST		UC41_GET_/onboarding/{fflId}	1782723764890	1782723765083	OK	 
USER	EFSFinmonWebDebug	END	1782723765088
USER	EFSFinmonWebDebug	START	1782723765088
REQUEST		UC39_POST_/contacts	1782723765015	1782723765216	OK	 
REQUEST		UC40_GET_/mop2/{fflId}	1782723765109	1782723765351	OK	 
REQUEST		UC38_POST_/counterparties	1782723765208	1782723765419	OK	 
REQUEST		UC37_POST_/dopInfo	1782723765312	1782723765516	OK	 
REQUEST		UC38_POST_/counterparties	1782723765408	1782723765618	OK	 
REQUEST	LoginWeb	settingsLogin	1782723765515	1782723765707	OK	 
REQUEST		UC39_POST_/contacts	1782723765609	1782723765835	OK	 
REQUEST		UC40_GET_/mop2/{fflId}	1782723765718	1782723765969	OK	 
REQUEST		UC37_POST_/dopInfo	1782723765812	1782723766026	OK	 
REQUEST	LoginWeb	first_login	1782723765890	1782723766040	OK	 
REQUEST		UC40_GET_/mop2/{fflId}	1782723766015	1782723766245	OK	 
REQUEST		UC41_GET_/onboarding/{fflId}	1782723766109	1782723766299	OK	 
USER	EFSFinmonWebDebug	END	1782723766304
USER	EFSFinmonWebDebug	START	1782723766304
REQUEST		UC39_POST_/contacts	1782723766208	1782723766420	OK	 
REQUEST		UC38_POST_/counterparties	1782723766312	1782723766505	OK	 
REQUEST		UC39_POST_/contacts	1782723766408	1782723766632	OK	 
REQUEST		UC40_GET_/mop2/{fflId}	1782723766609	1782723766878	OK	 
REQUEST		UC41_GET_/onboarding/{fflId}	1782723766718	1782723766923	OK	 
USER	EFSFinmonWebDebug	END	1782723766927
USER	EFSFinmonWebDebug	START	1782723766928
REQUEST		UC38_POST_/counterparties	1782723766827	1782723767046	OK	 
REQUEST	LoginWeb	settingsLogin	1782723766890	1782723767081	OK	 
REQUEST		UC41_GET_/onboarding/{fflId}	1782723767015	1782723767203	OK	 
USER	EFSFinmonWebDebug	END	1782723767209
USER	EFSFinmonWebDebug	START	1782723767210
REQUEST	LoginWeb	first_login	1782723767109	1782723767270	OK	 
REQUEST		UC40_GET_/mop2/{fflId}	1782723767208	1782723767440	OK	 
REQUEST	LoginWeb	newsLogin	1782723766515	1782723767525	OK	 
REQUEST		UC39_POST_/contacts	1782723767313	1782723767534	OK	 
REQUEST		UC40_GET_/mop2/{fflId}	1782723767408	1782723767649	OK	 
REQUEST		UC41_GET_/onboarding/{fflId}	1782723767514	1782723767704	OK	 
USER	EFSFinmonWebDebug	END	1782723767708
USER	EFSFinmonWebDebug	START	1782723767708
REQUEST	LoginWeb	first_login	1782723767608	1782723767782	OK	 
REQUEST		UC39_POST_/contacts	1782723767718	1782723767927	OK	 
REQUEST	LoginWeb	newsLogin	1782723767811	1782723768003	OK	 
REQUEST	LoginWeb	first_login	1782723767890	1782723768045	OK	 
REQUEST	LoginWeb	settingsLogin	1782723768015	1782723768192	OK	 
REQUEST		UC41_GET_/onboarding/{fflId}	1782723768110	1782723768302	OK	 
USER	EFSFinmonWebDebug	END	1782723768306
USER	EFSFinmonWebDebug	START	1782723768306
REQUEST	LoginWeb	preLogin	1782723768208	1782723768427	OK	 
REQUEST		UC40_GET_/mop2/{fflId}	1782723768313	1782723768563	OK	 
REQUEST		UC41_GET_/onboarding/{fflId}	1782723768421	1782723768628	OK	 
USER	EFSFinmonWebDebug	END	1782723768633
USER	EFSFinmonWebDebug	START	1782723768633
REQUEST	LoginWeb	first_login	1782723768515	1782723768697	OK	 
REQUEST	LoginWeb	settingsLogin	1782723768609	1782723768791	OK	 
REQUEST		UC40_GET_/mop2/{fflId}	1782723768718	1782723768950	OK	 
REQUEST	LoginWeb	preLogin	1782723768812	1782723769022	OK	 
REQUEST	LoginWeb	settingsLogin	1782723768890	1782723769054	OK	 
REQUEST	LoginWeb	newsLogin	1782723769015	1782723769210	OK	 
REQUEST	LoginWeb	first_login	1782723769109	1782723769262	OK	 
REQUEST	LoginWeb	login	1782723769208	1782723769463	OK	 
REQUEST		UC41_GET_/onboarding/{fflId}	1782723769313	1782723769497	OK	 
USER	EFSFinmonWebDebug	END	1782723769501
USER	EFSFinmonWebDebug	START	1782723769501
REQUEST	LoginWeb	first_login	1782723769408	1782723769556	OK	 
REQUEST	LoginWeb	settingsLogin	1782723769515	1782723769694	OK	 
REQUEST	LoginWeb	newsLogin	1782723769609	1782723769824	OK	 
REQUEST		UC41_GET_/onboarding/{fflId}	1782723769718	1782723769909	OK	 
USER	EFSFinmonWebDebug	END	1782723769917
USER	EFSFinmonWebDebug	START	1782723769917
REQUEST	LoginWeb	login	1782723769808	1782723770054	OK	 
REQUEST	LoginWeb	newsLogin	1782723769914	1782723770109	OK	 
REQUEST	LoginWeb	preLogin	1782723770019	1782723770219	OK	 
REQUEST	LoginWeb	settingsLogin	1782723770118	1782723770323	OK	 
REQUEST	LoginWeb	first_login	1782723770327	1782723770499	OK	 
REQUEST	LoginWeb	settingsLogin	1782723770421	1782723770622	OK	 
REQUEST	LoginWeb	newsLogin	1782723770531	1782723770755	OK	 
REQUEST	LoginWeb	preLogin	1782723770624	1782723770847	OK	 
REQUEST	LoginWeb	first_login	1782723770738	1782723770905	OK	 
REQUEST	LoginWeb	create	1782723770218	1782723771073	OK	 
REQUEST	LoginWeb	preLogin	1782723770878	1782723771111	OK	 
REQUEST	LoginWeb	login	1782723770999	1782723771256	OK	 
REQUEST	LoginWeb	newsLogin	1782723771098	1782723771277	OK	 
REQUEST	LoginWeb	settingsLogin	1782723771203	1782723771397	OK	 
REQUEST	LoginWeb	newsLogin	1782723771298	1782723771498	OK	 
REQUEST	LoginWeb	preLogin	1782723771407	1782723771627	OK	 
REQUEST	LoginWeb	create	1782723770828	1782723771690	OK	 
REQUEST	LoginWeb	settingsLogin	1782723771593	1782723771762	OK	 
REQUEST	LoginWeb	login	1782723771500	1782723771779	OK	 
REQUEST	LoginWeb	decrypt	1782723771702	1782723771789	OK	 
GROUP	LoginWeb	1782723763698	1782723771791	2798	OK
ERROR	UC01_POST_/file-upload: Failed to build request: No attribute named 'requestId' is defined 	1782723771791
ERROR	UC02_POST_/send-to-bank: Failed to build request: No attribute named 'requestId' is defined 	1782723771791
REQUEST	LoginWeb	login	1782723771798	1782723772059	OK	 
REQUEST	LoginWeb	preLogin	1782723772015	1782723772232	OK	 
REQUEST	LoginWeb	newsLogin	1782723772124	1782723772315	OK	 
REQUEST	LoginWeb	preLogin	1782723772217	1782723772441	OK	 
REQUEST	LoginWeb	decrypt	1782723772408	1782723772481	OK	 
GROUP	LoginWeb	1782723765088	1782723772482	1924	OK
ERROR	UC01_POST_/file-upload: Failed to build request: No attribute named 'requestId' is defined 	1782723772483
ERROR	UC02_POST_/send-to-bank: Failed to build request: No attribute named 'requestId' is defined 	1782723772483
REQUEST	LoginWeb	login	1782723772312	1782723772567	OK	 
REQUEST	LoginWeb	create	1782723771890	1782723772649	OK	 
REQUEST	LoginWeb	newsLogin	1782723772515	1782723772750	OK	 
REQUEST		UC03_GET_/params	1782723772718	1782723773108	OK	 
ERROR	UC04_POST_/delete-file: Failed to build request: No attribute named 'pprbId' is defined 	1782723773110
REQUEST	LoginWeb	login	1782723772891	1782723773171	OK	 
REQUEST	LoginWeb	preLogin	1782723773015	1782723773224	OK	 
REQUEST	LoginWeb	login	1782723773109	1782723773360	OK	 
REQUEST	LoginWeb	create	1782723772609	1782723773446	OK	 
REQUEST	LoginWeb	decrypt	1782723773408	1782723773474	OK	 
GROUP	LoginWeb	1782723766305	1782723773476	1815	OK
ERROR	UC01_POST_/file-upload: Failed to build request: No attribute named 'requestId' is defined 	1782723773476
ERROR	UC02_POST_/send-to-bank: Failed to build request: No attribute named 'requestId' is defined 	1782723773476
REQUEST		UC03_GET_/params	1782723773218	1782723773612	OK	 
ERROR	UC04_POST_/delete-file: Failed to build request: No attribute named 'pprbId' is defined 	1782723773613
REQUEST	LoginWeb	create	1782723772798	1782723773620	OK	 
REQUEST	LoginWeb	preLogin	1782723773515	1782723773752	OK	 
REQUEST		UC05_GET_/download/{fileid}	1782723773625	1782723773813	OK	 
ERROR	UC06_GET_/detail-with-attachments/{fflId}: Failed to build request: No attribute named 'fflId' is defined 	1782723773815
REQUEST	LoginWeb	login	1782723773811	1782723774085	OK	 
REQUEST	LoginWeb	decrypt	1782723774014	1782723774093	OK	 
GROUP	LoginWeb	1782723766928	1782723774094	1989	OK
ERROR	UC01_POST_/file-upload: Failed to build request: No attribute named 'requestId' is defined 	1782723774094
ERROR	UC02_POST_/send-to-bank: Failed to build request: No attribute named 'requestId' is defined 	1782723774094
REQUEST	LoginWeb	create	1782723773312	1782723774098	OK	 
REQUEST		UC05_GET_/download/{fileid}	1782723774213	1782723774420	OK	 
ERROR	UC06_GET_/detail-with-attachments/{fflId}: Failed to build request: No attribute named 'fflId' is defined 	1782723774422
REQUEST		UC03_GET_/params	1782723774108	1782723774463	OK	 
ERROR	UC04_POST_/delete-file: Failed to build request: No attribute named 'pprbId' is defined 	1782723774464
REQUEST	LoginWeb	decrypt	1782723774312	1782723774463	OK	 
GROUP	LoginWeb	1782723767210	1782723774467	1981	OK
ERROR	UC01_POST_/file-upload: Failed to build request: No attribute named 'requestId' is defined 	1782723774467
ERROR	UC02_POST_/send-to-bank: Failed to build request: No attribute named 'requestId' is defined 	1782723774467
REQUEST	LoginWeb	create	1782723773717	1782723774473	OK	 
REQUEST	LoginWeb	login	1782723774408	1782723774662	OK	 
REQUEST	LoginWeb	create	1782723773889	1782723774737	OK	 
REQUEST		UC07_POST_/inform-list	1782723774515	1782723774810	OK	 
REQUEST	LoginWeb	decrypt	1782723774811	1782723774893	OK	 
GROUP	LoginWeb	1782723767708	1782723774895	1928	OK
ERROR	UC01_POST_/file-upload: Failed to build request: No attribute named 'requestId' is defined 	1782723774895
ERROR	UC02_POST_/send-to-bank: Failed to build request: No attribute named 'requestId' is defined 	1782723774895
REQUEST		UC03_GET_/params	1782723774719	1782723775069	OK	 
ERROR	UC04_POST_/delete-file: Failed to build request: No attribute named 'pprbId' is defined 	1782723775071
REQUEST		UC05_GET_/download/{fileid}	1782723775015	1782723775203	OK	 
ERROR	UC06_GET_/detail-with-attachments/{fflId}: Failed to build request: No attribute named 'fflId' is defined 	1782723775205
REQUEST		UC07_POST_/inform-list	1782723774890	1782723775222	OK	 
REQUEST	LoginWeb	decrypt	1782723775218	1782723775295	OK	 
GROUP	LoginWeb	1782723768307	1782723775297	1867	OK
ERROR	UC01_POST_/file-upload: Failed to build request: No attribute named 'requestId' is defined 	1782723775297
ERROR	UC02_POST_/send-to-bank: Failed to build request: No attribute named 'requestId' is defined 	1782723775297
REQUEST	LoginWeb	create	1782723774609	1782723775448	OK	 
REQUEST		UC03_GET_/params	1782723775109	1782723775450	OK	 
ERROR	UC04_POST_/delete-file: Failed to build request: No attribute named 'pprbId' is defined 	1782723775456
REQUEST	LoginWeb	decrypt	1782723775408	1782723775496	OK	 
GROUP	LoginWeb	1782723768633	1782723775498	1960	OK
ERROR	UC01_POST_/file-upload: Failed to build request: No attribute named 'requestId' is defined 	1782723775498
ERROR	UC02_POST_/send-to-bank: Failed to build request: No attribute named 'requestId' is defined 	1782723775498
REQUEST		UC08_POST_/send-to-bank/{fflId}	1782723775514	1782723775716	OK	 
REQUEST		UC05_GET_/download/{fileid}	1782723775702	1782723775894	OK	 
ERROR	UC06_GET_/detail-with-attachments/{fflId}: Failed to build request: No attribute named 'fflId' is defined 	1782723775895
REQUEST		UC03_GET_/params	1782723775608	1782723775937	OK	 
ERROR	UC04_POST_/delete-file: Failed to build request: No attribute named 'pprbId' is defined 	1782723775938
REQUEST		UC08_POST_/send-to-bank/{fflId}	1782723775889	1782723776080	OK	 
REQUEST		UC07_POST_/inform-list	1782723775818	1782723776105	OK	 
REQUEST	LoginWeb	create	1782723775311	1782723776190	OK	 
REQUEST	LoginWeb	decrypt	1782723776109	1782723776193	OK	 
GROUP	LoginWeb	1782723769502	1782723776196	1963	OK
ERROR	UC01_POST_/file-upload: Failed to build request: No attribute named 'requestId' is defined 	1782723776197
ERROR	UC02_POST_/send-to-bank: Failed to build request: No attribute named 'requestId' is defined 	1782723776197
REQUEST		UC03_GET_/params	1782723776014	1782723776381	OK	 
ERROR	UC04_POST_/delete-file: Failed to build request: No attribute named 'pprbId' is defined 	1782723776383
REQUEST		UC05_GET_/download/{fileid}	1782723776218	1782723776422	OK	 
ERROR	UC06_GET_/detail-with-attachments/{fflId}: Failed to build request: No attribute named 'fflId' is defined 	1782723776424
REQUEST		UC09_GET_/requests-and-inform	1782723776408	1782723776669	OK	 
REQUEST		UC03_GET_/params	1782723776315	1782723776700	OK	 
ERROR	UC04_POST_/delete-file: Failed to build request: No attribute named 'pprbId' is defined 	1782723776702
REQUEST		UC05_GET_/download/{fileid}	1782723776624	1782723776821	OK	 
ERROR	UC06_GET_/detail-with-attachments/{fflId}: Failed to build request: No attribute named 'fflId' is defined 	1782723776822
REQUEST		UC07_POST_/inform-list	1782723776515	1782723776822	OK	 
REQUEST		UC09_GET_/requests-and-inform	1782723776718	1782723776954	OK	 
REQUEST	LoginWeb	decrypt	1782723776890	1782723776977	OK	 
GROUP	LoginWeb	1782723769918	1782723776981	2028	OK
ERROR	UC01_POST_/file-upload: Failed to build request: No attribute named 'requestId' is defined 	1782723776981
ERROR	UC02_POST_/send-to-bank: Failed to build request: No attribute named 'requestId' is defined 	1782723776981
REQUEST		UC08_POST_/send-to-bank/{fflId}	1782723776798	1782723776997	OK	 
REQUEST		UC05_GET_/download/{fileid}	1782723777109	1782723777315	OK	 
ERROR	UC06_GET_/detail-with-attachments/{fflId}: Failed to build request: No attribute named 'fflId' is defined 	1782723777316
REQUEST		UC03_GET_/params	1782723777015	1782723777380	OK	 
ERROR	UC04_POST_/delete-file: Failed to build request: No attribute named 'pprbId' is defined 	1782723777382
REQUEST		UC07_POST_/inform-list	1782723777208	1782723777481	OK	 
REQUEST		UC10_POST_/mop-1-0	1782723777313	1782723777608	OK	 
REQUEST		UC05_GET_/download/{fileid}	1782723777411	1782723777612	OK	 
ERROR	UC06_GET_/detail-with-attachments/{fflId}: Failed to build request: No attribute named 'fflId' is defined 	1782723777626
REQUEST		UC08_POST_/send-to-bank/{fflId}	1782723777608	1782723777812	OK	 
REQUEST		UC07_POST_/inform-list	1782723777514	1782723777816	OK	 
REQUEST		UC10_POST_/mop-1-0	1782723777717	1782723777993	OK	 
REQUEST		UC03_GET_/params	1782723777798	1782723778127	OK	 
ERROR	UC04_POST_/delete-file: Failed to build request: No attribute named 'pprbId' is defined 	1782723778129
REQUEST		UC09_GET_/requests-and-inform	1782723777889	1782723778138	OK	 
REQUEST		UC05_GET_/download/{fileid}	1782723778109	1782723778297	OK	 
ERROR	UC06_GET_/detail-with-attachments/{fflId}: Failed to build request: No attribute named 'fflId' is defined 	1782723778298
REQUEST		UC07_POST_/inform-list	1782723778014	1782723778326	OK	 
REQUEST		UC08_POST_/send-to-bank/{fflId}	1782723778218	1782723778414	OK	 
REQUEST		UC11_POST_/online-control	1782723778312	1782723778579	OK	 
REQUEST		UC07_POST_/inform-list	1782723778408	1782723778702	OK	 
REQUEST		UC09_GET_/requests-and-inform	1782723778514	1782723778770	OK	 
REQUEST		UC08_POST_/send-to-bank/{fflId}	1782723778608	1782723778811	OK	 
REQUEST		UC11_POST_/online-control	1782723778717	1782723778978	OK	 
REQUEST		UC05_GET_/download/{fileid}	1782723778827	1782723779013	OK	 
ERROR	UC06_GET_/detail-with-attachments/{fflId}: Failed to build request: No attribute named 'fflId' is defined 	1782723779015
REQUEST		UC10_POST_/mop-1-0	1782723778889	1782723779178	OK	 
REQUEST		UC07_POST_/inform-list	1782723779015	1782723779298	OK	 
REQUEST		UC08_POST_/send-to-bank/{fflId}	1782723779109	1782723779313	OK	 
REQUEST		UC09_GET_/requests-and-inform	1782723779208	1782723779462	OK	 
REQUEST		UC08_POST_/send-to-bank/{fflId}	1782723779408	1782723779616	OK	 
REQUEST		UC12_GET_/rehabilitation	1782723779313	1782723779627	OK	 
REQUEST		UC10_POST_/mop-1-0	1782723779511	1782723779813	OK	 
REQUEST		UC09_GET_/requests-and-inform	1782723779609	1782723779857	OK	 
REQUEST		UC12_GET_/rehabilitation	1782723779718	1782723779993	OK	 
REQUEST		UC07_POST_/inform-list	1782723779798	1782723780093	OK	 
REQUEST		UC11_POST_/online-control	1782723779893	1782723780161	OK	 
REQUEST		UC08_POST_/send-to-bank/{fflId}	1782723779998	1782723780199	OK	 
REQUEST		UC09_GET_/requests-and-inform	1782723780098	1782723780360	OK	 
REQUEST		UC10_POST_/mop-1-0	1782723780202	1782723780479	OK	 
REQUEST		UC09_GET_/requests-and-inform	1782723780298	1782723780566	OK	 
REQUEST		UC13_GET_/unread-tabs	1782723780406	1782723780601	OK	 
REQUEST		UC11_POST_/online-control	1782723780499	1782723780766	OK	 
REQUEST		UC10_POST_/mop-1-0	1782723780609	1782723780872	OK	 
REQUEST		UC13_GET_/unread-tabs	1782723780734	1782723780917	OK	 
REQUEST		UC08_POST_/send-to-bank/{fflId}	1782723780828	1782723781023	OK	 
REQUEST		UC12_GET_/rehabilitation	1782723780878	1782723781184	OK	 
REQUEST		UC09_GET_/requests-and-inform	1782723780999	1782723781261	OK	 
REQUEST		UC10_POST_/mop-1-0	1782723781098	1782723781373	OK	 
REQUEST		UC11_POST_/online-control	1782723781204	1782723781467	OK	 
REQUEST		UC14_POST_/detail	1782723781407	1782723781581	OK	 
REQUEST		UC10_POST_/mop-1-0	1782723781298	1782723781598	OK	 
REQUEST		UC12_GET_/rehabilitation	1782723781501	1782723781803	OK	 
REQUEST		UC14_POST_/detail	1782723781688	1782723781850	OK	 
REQUEST		UC11_POST_/online-control	1782723781598	1782723781864	OK	 
REQUEST		UC09_GET_/requests-and-inform	1782723781798	1782723782034	OK	 
REQUEST		UC13_GET_/unread-tabs	1782723781889	1782723782089	OK	 
REQUEST		UC10_POST_/mop-1-0	1782723782014	1782723782309	OK	 
REQUEST		UC11_POST_/online-control	1782723782109	1782723782384	OK	 
REQUEST		UC15_POST_/callback	1782723782312	1782723782519	OK	 
REQUEST		UC12_GET_/rehabilitation	1782723782218	1782723782520	OK	 
REQUEST		UC11_POST_/online-control	1782723782408	1782723782691	OK	 
REQUEST		UC13_GET_/unread-tabs	1782723782515	1782723782728	OK	 
REQUEST		UC15_POST_/callback	1782723782609	1782723782794	OK	 
REQUEST		UC12_GET_/rehabilitation	1782723782708	1782723783029	OK	 
REQUEST		UC14_POST_/detail	1782723782878	1782723783044	OK	 
REQUEST		UC10_POST_/mop-1-0	1782723782798	1782723783089	OK	 
REQUEST		UC11_POST_/online-control	1782723782988	1782723783261	OK	 
REQUEST		UC16_PUT_/callback	1782723783188	1782723783346	OK	 
REQUEST		UC12_GET_/rehabilitation	1782723783094	1782723783414	OK	 
REQUEST		UC13_GET_/unread-tabs	1782723783296	1782723783479	OK	 
REQUEST		UC14_POST_/detail	1782723783488	1782723783656	OK	 
REQUEST		UC12_GET_/rehabilitation	1782723783390	1782723783702	OK	 
REQUEST		UC16_PUT_/callback	1782723783593	1782723783742	OK	 
REQUEST		UC13_GET_/unread-tabs	1782723783702	1782723783911	OK	 
REQUEST		UC15_POST_/callback	1782723783796	1782723783980	OK	 
REQUEST		UC11_POST_/online-control	1782723783878	1782723784142	OK	 
REQUEST		UC17_DELETE_/callback?taskId={taskIdCB}	1782723784098	1782723784310	OK	 
REQUEST		UC12_GET_/rehabilitation	1782723783999	1782723784326	OK	 
REQUEST		UC13_GET_/unread-tabs	1782723784203	1782723784418	OK	 
REQUEST		UC14_POST_/detail	1782723784302	1782723784459	OK	 
REQUEST		UC15_POST_/callback	1782723784405	1782723784670	OK	 
REQUEST		UC13_GET_/unread-tabs	1782723784499	1782723784709	OK	 
REQUEST		UC17_DELETE_/callback?taskId={taskIdCB}	1782723784608	1782723784812	OK	 
REQUEST		UC14_POST_/detail	1782723784702	1782723784880	OK	 
REQUEST		UC16_PUT_/callback	1782723784796	1782723784963	OK	 
REQUEST		UC12_GET_/rehabilitation	1782723784890	1782723785175	OK	 
REQUEST		UC18_GET_/compliance-helper	1782723785015	1782723785190	OK	 
REQUEST		UC13_GET_/unread-tabs	1782723785109	1782723785312	OK	 
REQUEST		UC14_POST_/detail	1782723785208	1782723785364	OK	 
REQUEST		UC15_POST_/callback	1782723785313	1782723785509	OK	 
REQUEST		UC16_PUT_/callback	1782723785408	1782723785580	OK	 
REQUEST		UC14_POST_/detail	1782723785514	1782723785689	OK	 
REQUEST		UC18_GET_/compliance-helper	1782723785608	1782723785770	OK	 
REQUEST		UC15_POST_/callback	1782723785717	1782723785916	OK	 
REQUEST		UC17_DELETE_/callback?taskId={taskIdCB}	1782723785811	1782723786010	OK	 
REQUEST		UC13_GET_/unread-tabs	1782723785890	1782723786096	OK	 
REQUEST		UC19_GET_/activation	1782723786015	1782723786174	OK	 
REQUEST		UC14_POST_/detail	1782723786110	1782723786287	OK	 
REQUEST		UC15_POST_/callback	1782723786208	1782723786425	OK	 
REQUEST		UC16_PUT_/callback	1782723786314	1782723786462	OK	 
REQUEST		UC17_DELETE_/callback?taskId={taskIdCB}	1782723786413	1782723786618	OK	 
REQUEST		UC15_POST_/callback	1782723786515	1782723786718	OK	 
REQUEST		UC19_GET_/activation	1782723786608	1782723786765	OK	 
REQUEST		UC16_PUT_/callback	1782723786718	1782723786874	OK	 
REQUEST		UC18_GET_/compliance-helper	1782723786798	1782723786957	OK	 
REQUEST		UC14_POST_/detail	1782723786890	1782723787052	OK	 
REQUEST		UC20_GET_/change-tariff	1782723787015	1782723787172	OK	 
REQUEST		UC15_POST_/callback	1782723787109	1782723787318	OK	 
REQUEST		UC16_PUT_/callback	1782723787218	1782723787362	OK	 
REQUEST		UC17_DELETE_/callback?taskId={taskIdCB}	1782723787313	1782723787499	OK	 
REQUEST		UC18_GET_/compliance-helper	1782723787408	1782723787590	OK	 
REQUEST		UC16_PUT_/callback	1782723787515	1782723787674	OK	 
REQUEST		UC20_GET_/change-tariff	1782723787608	1782723787769	OK	 
REQUEST		UC17_DELETE_/callback?taskId={taskIdCB}	1782723787718	1782723787917	OK	 
REQUEST		UC19_GET_/activation	1782723787812	1782723787974	OK	 
REQUEST		UC15_POST_/callback	1782723787890	1782723788115	OK	 
REQUEST		UC21_GET_/user-permissions	1782723788008	1782723788164	OK	 
REQUEST		UC16_PUT_/callback	1782723788110	1782723788269	OK	 
REQUEST		UC17_DELETE_/callback?taskId={taskIdCB}	1782723788208	1782723788418	OK	 
REQUEST		UC18_GET_/compliance-helper	1782723788313	1782723788472	OK	 
REQUEST		UC19_GET_/activation	1782723788408	1782723788570	OK	 
REQUEST		UC17_DELETE_/callback?taskId={taskIdCB}	1782723788516	1782723788726	OK	 
REQUEST		UC21_GET_/user-permissions	1782723788608	1782723788756	OK	 
REQUEST		UC18_GET_/compliance-helper	1782723788717	1782723788889	OK	 
REQUEST		UC20_GET_/change-tariff	1782723788811	1782723788956	OK	 
REQUEST		UC16_PUT_/callback	1782723788890	1782723789051	OK	 
REQUEST		UC17_DELETE_/callback?taskId={taskIdCB}	1782723789109	1782723789355	OK	 
REQUEST		UC22_GET_/print-form	1782723789014	1782723789383	OK	 
REQUEST		UC18_GET_/compliance-helper	1782723789218	1782723789399	OK	 
REQUEST		UC19_GET_/activation	1782723789313	1782723789462	OK	 
REQUEST		UC20_GET_/change-tariff	1782723789408	1782723789567	OK	 
REQUEST		UC18_GET_/compliance-helper	1782723789516	1782723789680	OK	 
REQUEST		UC19_GET_/activation	1782723789717	1782723789883	OK	 
REQUEST		UC21_GET_/user-permissions	1782723789809	1782723789954	OK	 
REQUEST		UC22_GET_/print-form	1782723789623	1782723789975	OK	 
REQUEST		UC17_DELETE_/callback?taskId={taskIdCB}	1782723789879	1782723790088	OK	 
REQUEST		UC18_GET_/compliance-helper	1782723789998	1782723790172	OK	 
REQUEST		UC19_GET_/activation	1782723790202	1782723790354	OK	 
REQUEST		UC20_GET_/change-tariff	1782723790298	1782723790463	OK	 
REQUEST		UC23_GET_/rejections	1782723790098	1782723790516	OK	 
REQUEST		UC21_GET_/user-permissions	1782723790406	1782723790549	OK	 
REQUEST		UC19_GET_/activation	1782723790500	1782723790675	OK	 
REQUEST		UC20_GET_/change-tariff	1782723790598	1782723790758	OK	 
REQUEST		UC22_GET_/print-form	1782723790688	1782723791044	OK	 
REQUEST		UC18_GET_/compliance-helper	1782723790890	1782723791052	OK	 
REQUEST		UC19_GET_/activation	1782723791015	1782723791172	OK	 
REQUEST		UC23_GET_/rejections	1782723790798	1782723791188	OK	 
REQUEST		UC20_GET_/change-tariff	1782723791109	1782723791282	OK	 
REQUEST		UC21_GET_/user-permissions	1782723791217	1782723791376	OK	 
REQUEST		UC24_GET_/rejection/{operationId}	1782723791312	1782723791597	OK	 
REQUEST		UC20_GET_/change-tariff	1782723791515	1782723791684	OK	 
REQUEST		UC22_GET_/print-form	1782723791408	1782723791750	OK	 
REQUEST		UC21_GET_/user-permissions	1782723791609	1782723791755	OK	 
REQUEST		UC19_GET_/activation	1782723791811	1782723791992	OK	 
REQUEST		UC20_GET_/change-tariff	1782723791890	1782723792050	OK	 
REQUEST		UC23_GET_/rejections	1782723791698	1782723792122	OK	 
REQUEST		UC21_GET_/user-permissions	1782723792109	1782723792259	OK	 
REQUEST		UC24_GET_/rejection/{operationId}	1782723792015	1782723792300	OK	 
REQUEST		UC25_GET_/active-switchers	1782723792312	1782723792487	OK	 
REQUEST		UC22_GET_/print-form	1782723792218	1782723792572	OK	 
REQUEST		UC21_GET_/user-permissions	1782723792408	1782723792581	OK	 
REQUEST		UC20_GET_/change-tariff	1782723792718	1782723792877	OK	 
REQUEST		UC23_GET_/rejections	1782723792515	1782723792951	OK	 
REQUEST		UC21_GET_/user-permissions	1782723792812	1782723792970	OK	 
REQUEST		UC22_GET_/print-form	1782723792608	1782723792971	OK	 
REQUEST		UC24_GET_/rejection/{operationId}	1782723792888	1782723793180	OK	 
REQUEST		UC25_GET_/active-switchers	1782723793098	1782723793257	OK	 
REQUEST		UC22_GET_/print-form	1782723792998	1782723793358	OK	 
REQUEST		UC26_GET_/system-parameters	1782723793202	1782723793371	OK	 
REQUEST		UC23_GET_/rejections	1782723793301	1782723793640	OK	 
REQUEST		UC21_GET_/user-permissions	1782723793499	1782723793668	OK	 
REQUEST		UC22_GET_/print-form	1782723793405	1782723793800	OK	 
REQUEST		UC24_GET_/rejection/{operationId}	1782723793609	1782723793906	OK	 
REQUEST		UC22_GET_/print-form	1782723793718	1782723794036	OK	 
REQUEST		UC25_GET_/active-switchers	1782723793878	1782723794046	OK	 
REQUEST		UC23_GET_/rejections	1782723793798	1782723794142	OK	 
REQUEST		UC26_GET_/system-parameters	1782723793999	1782723794166	OK	 
REQUEST		UC27_GET_/organization	1782723794203	1782723794374	OK	 
REQUEST		UC23_GET_/rejections	1782723794098	1782723794530	OK	 
REQUEST		UC24_GET_/rejection/{operationId}	1782723794298	1782723794565	OK	 
REQUEST		UC22_GET_/print-form	1782723794405	1782723794768	OK	 
REQUEST		UC25_GET_/active-switchers	1782723794608	1782723794778	OK	 
REQUEST		UC23_GET_/rejections	1782723794499	1782723794912	OK	 
REQUEST		UC26_GET_/system-parameters	1782723794798	1782723794967	OK	 
REQUEST		UC23_GET_/rejections	1782723794688	1782723795082	OK	 
REQUEST		UC24_GET_/rejection/{operationId}	1782723794889	1782723795166	OK	 
REQUEST		UC27_GET_/organization	1782723795015	1782723795184	OK	 
REQUEST		UC28_GET_/compliance-profile/mtb	1782723795109	1782723795281	OK	 
REQUEST		UC25_GET_/active-switchers	1782723795313	1782723795465	OK	 
REQUEST		UC24_GET_/rejection/{operationId}	1782723795208	1782723795515	OK	 
REQUEST		UC26_GET_/system-parameters	1782723795518	1782723795685	OK	 
REQUEST		UC23_GET_/rejections	1782723795408	1782723795757	OK	 
REQUEST		UC27_GET_/organization	1782723795702	1782723795895	OK	 
REQUEST		UC24_GET_/rejection/{operationId}	1782723795609	1782723795907	OK	 
REQUEST		UC25_GET_/active-switchers	1782723795890	1782723796046	OK	 
REQUEST		UC24_GET_/rejection/{operationId}	1782723795812	1782723796109	OK	 
REQUEST		UC28_GET_/compliance-profile/mtb	1782723796015	1782723796181	OK	 
REQUEST		UC29_GET_/dopInfo	1782723796109	1782723796273	OK	 
REQUEST		UC26_GET_/system-parameters	1782723796208	1782723796379	OK	 
REQUEST		UC25_GET_/active-switchers	1782723796313	1782723796481	OK	 
REQUEST		UC27_GET_/organization	1782723796408	1782723796592	OK	 
REQUEST		UC28_GET_/compliance-profile/mtb	1782723796609	1782723796758	OK	 
REQUEST		UC24_GET_/rejection/{operationId}	1782723796515	1782723796797	OK	 
REQUEST		UC25_GET_/active-switchers	1782723796708	1782723796893	OK	 
REQUEST		UC26_GET_/system-parameters	1782723796828	1782723796997	OK	 
REQUEST		UC25_GET_/active-switchers	1782723796890	1782723797057	OK	 
REQUEST		UC29_GET_/dopInfo	1782723797010	1782723797173	OK	 
REQUEST		UC30_GET_/counterparties	1782723797109	1782723797280	OK	 
REQUEST		UC27_GET_/organization	1782723797219	1782723797386	OK	 
REQUEST		UC26_GET_/system-parameters	1782723797313	1782723797483	OK	 
REQUEST		UC28_GET_/compliance-profile/mtb	1782723797408	1782723797573	OK	 
REQUEST		UC29_GET_/dopInfo	1782723797516	1782723797676	OK	 
REQUEST		UC25_GET_/active-switchers	1782723797608	1782723797766	OK	 
REQUEST		UC26_GET_/system-parameters	1782723797718	1782723797890	OK	 
REQUEST		UC27_GET_/organization	1782723797811	1782723797996	OK	 
REQUEST		UC26_GET_/system-parameters	1782723797890	1782723798069	OK	 
REQUEST		UC30_GET_/counterparties	1782723798015	1782723798163	OK	 
REQUEST		UC31_GET_/compliance-profile/contacts	1782723798108	1782723798315	OK	 
REQUEST		UC28_GET_/compliance-profile/mtb	1782723798218	1782723798393	OK	 
REQUEST		UC27_GET_/organization	1782723798312	1782723798477	OK	 
REQUEST		UC29_GET_/dopInfo	1782723798408	1782723798585	OK	 
REQUEST		UC30_GET_/counterparties	1782723798515	1782723798685	OK	 
REQUEST		UC26_GET_/system-parameters	1782723798624	1782723798794	OK	 
REQUEST		UC27_GET_/organization	1782723798717	1782723798894	OK	 
REQUEST		UC28_GET_/compliance-profile/mtb	1782723798811	1782723798976	OK	 
REQUEST		UC27_GET_/organization	1782723798889	1782723799063	OK	 
REQUEST		UC31_GET_/compliance-profile/contacts	1782723799014	1782723799189	OK	 
REQUEST		UC32_GET_/compliance-profile	1782723799109	1782723799278	OK	 
REQUEST		UC29_GET_/dopInfo	1782723799218	1782723799375	OK	 
REQUEST		UC28_GET_/compliance-profile/mtb	1782723799312	1782723799479	OK	 
REQUEST		UC30_GET_/counterparties	1782723799408	1782723799581	OK	 
REQUEST		UC31_GET_/compliance-profile/contacts	1782723799516	1782723799670	OK	 
REQUEST		UC27_GET_/organization	1782723799609	1782723799784	OK	 
REQUEST		UC28_GET_/compliance-profile/mtb	1782723799718	1782723799880	OK	 
REQUEST		UC29_GET_/dopInfo	1782723799799	1782723799976	OK	 
REQUEST		UC28_GET_/compliance-profile/mtb	1782723799893	1782723800057	OK	 
REQUEST		UC32_GET_/compliance-profile	1782723799998	1782723800152	OK	 
REQUEST		UC33_GET_/detail	1782723800109	1782723800313	OK	 
REQUEST		UC30_GET_/counterparties	1782723800203	1782723800371	OK	 
REQUEST		UC29_GET_/dopInfo	1782723800298	1782723800449	OK	 
REQUEST		UC31_GET_/compliance-profile/contacts	1782723800407	1782723800569	OK	 
REQUEST		UC32_GET_/compliance-profile	1782723800510	1782723800681	OK	 
REQUEST		UC28_GET_/compliance-profile/mtb	1782723800603	1782723800785	OK	 
REQUEST		UC29_GET_/dopInfo	1782723800698	1782723800862	OK	 
REQUEST		UC30_GET_/counterparties	1782723800827	1782723800996	OK	 
REQUEST		UC29_GET_/dopInfo	1782723800878	1782723801042	OK	 
REQUEST		UC33_GET_/detail	1782723801000	1782723801187	OK	 
REQUEST		UC34_DELETE_/alert	1782723801098	1782723801306	OK	 
REQUEST		UC31_GET_/compliance-profile/contacts	1782723801205	1782723801361	OK	 
REQUEST		UC30_GET_/counterparties	1782723801298	1782723801473	OK	 
REQUEST		UC32_GET_/compliance-profile	1782723801407	1782723801563	OK	 
REQUEST		UC33_GET_/detail	1782723801500	1782723801690	OK	 
REQUEST		UC29_GET_/dopInfo	1782723801598	1782723801756	OK	 
REQUEST		UC30_GET_/counterparties	1782723801703	1782723801879	OK	 
REQUEST		UC31_GET_/compliance-profile/contacts	1782723801811	1782723801985	OK	 
REQUEST		UC30_GET_/counterparties	1782723801890	1782723802055	OK	 
REQUEST		UC34_DELETE_/alert	1782723802015	1782723802251	OK	 
REQUEST		UC35_POST_/organization	1782723802109	1782723802318	OK	 
REQUEST		UC32_GET_/compliance-profile	1782723802218	1782723802376	OK	 
REQUEST		UC31_GET_/compliance-profile/contacts	1782723802308	1782723802466	OK	 
REQUEST		UC33_GET_/detail	1782723802408	1782723802603	OK	 
REQUEST		UC34_DELETE_/alert	1782723802514	1782723802718	OK	 
REQUEST		UC30_GET_/counterparties	1782723802608	1782723802761	OK	 
REQUEST		UC31_GET_/compliance-profile/contacts	1782723802717	1782723802889	OK	 
REQUEST		UC32_GET_/compliance-profile	1782723802798	1782723802953	OK	 
REQUEST		UC31_GET_/compliance-profile/contacts	1782723802890	1782723803071	OK	 
REQUEST		UC35_POST_/organization	1782723803015	1782723803204	OK	 
REQUEST		UC36_POST_/mtb	1782723803109	1782723803321	OK	 
REQUEST		UC33_GET_/detail	1782723803219	1782723803403	OK	 
REQUEST		UC32_GET_/compliance-profile	1782723803313	1782723803476	OK	 
REQUEST		UC34_DELETE_/alert	1782723803408	1782723803605	OK	 
REQUEST		UC35_POST_/organization	1782723803514	1782723803731	OK	 
REQUEST		UC31_GET_/compliance-profile/contacts	1782723803608	1782723803777	OK	 
REQUEST		UC32_GET_/compliance-profile	1782723803718	1782723803893	OK	 
REQUEST		UC33_GET_/detail	1782723803827	1782723804031	OK	 
REQUEST		UC32_GET_/compliance-profile	1782723803890	1782723804055	OK	 
REQUEST		UC36_POST_/mtb	1782723804015	1782723804232	OK	 
REQUEST		UC37_POST_/dopInfo	1782723804109	1782723804319	OK	 
REQUEST		UC34_DELETE_/alert	1782723804208	1782723804403	OK	 
REQUEST		UC33_GET_/detail	1782723804313	1782723804533	OK	 
REQUEST		UC35_POST_/organization	1782723804408	1782723804605	OK	 
REQUEST		UC36_POST_/mtb	1782723804515	1782723804720	OK	 
REQUEST		UC32_GET_/compliance-profile	1782723804609	1782723804791	OK	 
REQUEST		UC33_GET_/detail	1782723804718	1782723804913	OK	 
REQUEST		UC34_DELETE_/alert	1782723804812	1782723805012	OK	 
REQUEST		UC33_GET_/detail	1782723804890	1782723805096	OK	 
REQUEST		UC37_POST_/dopInfo	1782723805014	1782723805223	OK	 
REQUEST		UC38_POST_/counterparties	1782723805109	1782723805330	OK	 
REQUEST		UC35_POST_/organization	1782723805218	1782723805415	OK	 
REQUEST		UC34_DELETE_/alert	1782723805313	1782723805515	OK	 
REQUEST		UC36_POST_/mtb	1782723805408	1782723805630	OK	 
REQUEST		UC37_POST_/dopInfo	1782723805515	1782723805718	OK	 
REQUEST		UC33_GET_/detail	1782723805609	1782723805806	OK	 
REQUEST		UC34_DELETE_/alert	1782723805718	1782723805934	OK	 
REQUEST		UC35_POST_/organization	1782723805798	1782723806003	OK	 
REQUEST		UC34_DELETE_/alert	1782723805890	1782723806097	OK	 
REQUEST		UC38_POST_/counterparties	1782723806010	1782723806223	OK	 
REQUEST		UC39_POST_/contacts	1782723806109	1782723806328	OK	 
REQUEST		UC36_POST_/mtb	1782723806218	1782723806428	OK	 
REQUEST		UC35_POST_/organization	1782723806313	1782723806531	OK	 
REQUEST		UC37_POST_/dopInfo	1782723806408	1782723806607	OK	 
REQUEST		UC38_POST_/counterparties	1782723806513	1782723806724	OK	 
REQUEST		UC34_DELETE_/alert	1782723806609	1782723806810	OK	 
REQUEST		UC35_POST_/organization	1782723806702	1782723806908	OK	 
REQUEST		UC36_POST_/mtb	1782723806811	1782723807010	OK	 
REQUEST		UC35_POST_/organization	1782723806888	1782723807071	OK	 
REQUEST		UC39_POST_/contacts	1782723807010	1782723807205	OK	 
REQUEST		UC40_GET_/mop2/{fflId}	1782723807109	1782723807366	OK	 
REQUEST		UC37_POST_/dopInfo	1782723807218	1782723807409	OK	 
REQUEST		UC36_POST_/mtb	1782723807312	1782723807523	OK	 
REQUEST		UC38_POST_/counterparties	1782723807408	1782723807615	OK	 
REQUEST		UC39_POST_/contacts	1782723807516	1782723807706	OK	 
REQUEST		UC35_POST_/organization	1782723807608	1782723807794	OK	 
REQUEST		UC36_POST_/mtb	1782723807702	1782723807906	OK	 
REQUEST		UC37_POST_/dopInfo	1782723807812	1782723808017	OK	 
REQUEST		UC36_POST_/mtb	1782723807890	1782723808094	OK	 
REQUEST		UC40_GET_/mop2/{fflId}	1782723808015	1782723808238	OK	 
REQUEST		UC41_GET_/onboarding/{fflId}	1782723808109	1782723808311	OK	 
USER	EFSFinmonWebDebug	END	1782723808315
USER	EFSFinmonWebDebug	START	1782723808316
REQUEST		UC38_POST_/counterparties	1782723808217	1782723808418	OK	 
REQUEST		UC37_POST_/dopInfo	1782723808312	1782723808520	OK	 
REQUEST		UC39_POST_/contacts	1782723808408	1782723808603	OK	 
REQUEST		UC40_GET_/mop2/{fflId}	1782723808515	1782723808737	OK	 
REQUEST		UC36_POST_/mtb	1782723808609	1782723808816	OK	 
REQUEST		UC37_POST_/dopInfo	1782723808718	1782723808932	OK	 
REQUEST		UC38_POST_/counterparties	1782723808827	1782723809039	OK	 
REQUEST		UC37_POST_/dopInfo	1782723808889	1782723809086	OK	 
REQUEST		UC41_GET_/onboarding/{fflId}	1782723809014	1782723809189	OK	 
USER	EFSFinmonWebDebug	END	1782723809193
USER	EFSFinmonWebDebug	START	1782723809193
REQUEST	LoginWeb	first_login	1782723809109	1782723809282	OK	 
REQUEST		UC39_POST_/contacts	1782723809208	1782723809399	OK	 
REQUEST		UC38_POST_/counterparties	1782723809313	1782723809512	OK	 
REQUEST		UC40_GET_/mop2/{fflId}	1782723809408	1782723809635	OK	 
REQUEST		UC41_GET_/onboarding/{fflId}	1782723809516	1782723809709	OK	 
USER	EFSFinmonWebDebug	END	1782723809714
USER	EFSFinmonWebDebug	START	1782723809715
REQUEST		UC37_POST_/dopInfo	1782723809610	1782723809806	OK	 
REQUEST		UC38_POST_/counterparties	1782723809703	1782723809910	OK	 
REQUEST		UC39_POST_/contacts	1782723809798	1782723809987	OK	 
REQUEST		UC38_POST_/counterparties	1782723809890	1782723810097	OK	 
REQUEST	LoginWeb	first_login	1782723809999	1782723810149	OK	 
REQUEST	LoginWeb	settingsLogin	1782723810108	1782723810276	OK	 
REQUEST		UC40_GET_/mop2/{fflId}	1782723810202	1782723810423	OK	 
REQUEST		UC39_POST_/contacts	1782723810298	1782723810494	OK	 
REQUEST		UC41_GET_/onboarding/{fflId}	1782723810405	1782723810603	OK	 
USER	EFSFinmonWebDebug	END	1782723810607
USER	EFSFinmonWebDebug	START	1782723810607
REQUEST	LoginWeb	first_login	1782723810499	1782723810676	OK	 
REQUEST		UC38_POST_/counterparties	1782723810608	1782723810800	OK	 
REQUEST		UC39_POST_/contacts	1782723810718	1782723810940	OK	 
REQUEST		UC40_GET_/mop2/{fflId}	1782723810811	1782723811056	OK	 
REQUEST		UC39_POST_/contacts	1782723810878	1782723811083	OK	 
REQUEST	LoginWeb	settingsLogin	1782723810999	1782723811183	OK	 
REQUEST	LoginWeb	newsLogin	1782723811098	1782723811298	OK	 
REQUEST		UC41_GET_/onboarding/{fflId}	1782723811203	1782723811396	OK	 
USER	EFSFinmonWebDebug	END	1782723811400
USER	EFSFinmonWebDebug	START	1782723811401
REQUEST		UC40_GET_/mop2/{fflId}	1782723811298	1782723811535	OK	 
REQUEST	LoginWeb	first_login	1782723811405	1782723811579	OK	 
REQUEST	LoginWeb	settingsLogin	1782723811499	1782723811657	OK	 
REQUEST		UC39_POST_/contacts	1782723811608	1782723811803	OK	 
REQUEST		UC40_GET_/mop2/{fflId}	1782723811702	1782723811938	OK	 
REQUEST		UC41_GET_/onboarding/{fflId}	1782723811798	1782723811982	OK	 
USER	EFSFinmonWebDebug	END	1782723811986
USER	EFSFinmonWebDebug	START	1782723811986
REQUEST		UC40_GET_/mop2/{fflId}	1782723811889	1782723812125	OK	 
REQUEST	LoginWeb	newsLogin	1782723812014	1782723812232	OK	 
REQUEST	LoginWeb	preLogin	1782723812109	1782723812313	OK	 
REQUEST	LoginWeb	first_login	1782723812218	1782723812370	OK	 
REQUEST		UC41_GET_/onboarding/{fflId}	1782723812313	1782723812513	OK	 
USER	EFSFinmonWebDebug	END	1782723812518
USER	EFSFinmonWebDebug	START	1782723812518
REQUEST	LoginWeb	settingsLogin	1782723812408	1782723812581	OK	 
REQUEST	LoginWeb	newsLogin	1782723812516	1782723812719	OK	 
REQUEST		UC40_GET_/mop2/{fflId}	1782723812609	1782723812831	OK	 
REQUEST		UC41_GET_/onboarding/{fflId}	1782723812708	1782723812890	OK	 
USER	EFSFinmonWebDebug	END	1782723812894
USER	EFSFinmonWebDebug	START	1782723812894
REQUEST	LoginWeb	first_login	1782723812798	1782723812979	OK	 
REQUEST		UC41_GET_/onboarding/{fflId}	1782723812891	1782723813074	OK	 
USER	EFSFinmonWebDebug	END	1782723813078
USER	EFSFinmonWebDebug	START	1782723813079
REQUEST	LoginWeb	preLogin	1782723813014	1782723813256	OK	 
REQUEST	LoginWeb	login	1782723813108	1782723813351	OK	 
REQUEST	LoginWeb	settingsLogin	1782723813218	1782723813400	OK	 
REQUEST	LoginWeb	first_login	1782723813313	1782723813479	OK	 
REQUEST	LoginWeb	newsLogin	1782723813408	1782723813612	OK	 
REQUEST	LoginWeb	preLogin	1782723813515	1782723813743	OK	 
REQUEST		UC41_GET_/onboarding/{fflId}	1782723813609	1782723813783	OK	 
USER	EFSFinmonWebDebug	END	1782723813786
USER	EFSFinmonWebDebug	START	1782723813787
REQUEST	LoginWeb	first_login	1782723813718	1782723813876	OK	 
REQUEST	LoginWeb	settingsLogin	1782723813798	1782723813980	OK	 
REQUEST	LoginWeb	first_login	1782723813890	1782723814062	OK	 
REQUEST	LoginWeb	login	1782723814015	1782723814308	OK	 
REQUEST	LoginWeb	settingsLogin	1782723814313	1782723814498	OK	 
REQUEST	LoginWeb	preLogin	1782723814408	1782723814658	OK	 
REQUEST	LoginWeb	login	1782723814509	1782723814766	OK	 
REQUEST	LoginWeb	first_login	1782723814609	1782723814801	OK	 
REQUEST	LoginWeb	settingsLogin	1782723814718	1782723814892	OK	 
REQUEST	LoginWeb	newsLogin	1782723814208	1782723814899	OK	 
REQUEST	LoginWeb	create	1782723814109	1782723814922	OK	 
REQUEST	LoginWeb	newsLogin	1782723814827	1782723815029	OK	 
REQUEST	LoginWeb	settingsLogin	1782723814890	1782723815089	OK	 
REQUEST	LoginWeb	newsLogin	1782723815110	1782723815330	OK	 
REQUEST	LoginWeb	login	1782723815208	1782723815471	OK	 
REQUEST	LoginWeb	settingsLogin	1782723815408	1782723815563	OK	 
REQUEST	LoginWeb	newsLogin	1782723815517	1782723815721	OK	 
REQUEST	LoginWeb	decrypt	1782723815717	1782723815797	OK	 
GROUP	LoginWeb	1782723808316	1782723815798	1881	OK
ERROR	UC01_POST_/file-upload: Failed to build request: No attribute named 'requestId' is defined 	1782723815799
ERROR	UC02_POST_/send-to-bank: Failed to build request: No attribute named 'requestId' is defined 	1782723815799
REQUEST	LoginWeb	preLogin	1782723815608	1782723815822	OK	 
REQUEST	LoginWeb	create	1782723815015	1782723815858	OK	 
REQUEST	LoginWeb	preLogin	1782723815798	1782723816020	OK	 
REQUEST	LoginWeb	create	1782723815314	1782723816070	OK	 
REQUEST	LoginWeb	newsLogin	1782723815889	1782723816093	OK	 
REQUEST	LoginWeb	preLogin	1782723816014	1782723816253	OK	 
REQUEST	LoginWeb	newsLogin	1782723816218	1782723816421	OK	 
REQUEST	LoginWeb	preLogin	1782723816312	1782723816561	OK	 
REQUEST	LoginWeb	decrypt	1782723816609	1782723816699	OK	 
GROUP	LoginWeb	1782723809194	1782723816700	2020	OK
ERROR	UC01_POST_/file-upload: Failed to build request: No attribute named 'requestId' is defined 	1782723816700
ERROR	UC02_POST_/send-to-bank: Failed to build request: No attribute named 'requestId' is defined 	1782723816700
REQUEST		UC03_GET_/params	1782723816408	1782723816747	OK	 
ERROR	UC04_POST_/delete-file: Failed to build request: No attribute named 'pprbId' is defined 	1782723816749
REQUEST	LoginWeb	login	1782723816515	1782723816785	OK	 
REQUEST	LoginWeb	decrypt	1782723816798	1782723816881	OK	 
GROUP	LoginWeb	1782723809715	1782723816883	1862	OK
ERROR	UC01_POST_/file-upload: Failed to build request: No attribute named 'requestId' is defined 	1782723816883
ERROR	UC02_POST_/send-to-bank: Failed to build request: No attribute named 'requestId' is defined 	1782723816883
REQUEST	LoginWeb	create	1782723816124	1782723816909	OK	 
REQUEST	LoginWeb	login	1782723816718	1782723816987	OK	 
REQUEST	LoginWeb	preLogin	1782723816889	1782723817120	OK	 
REQUEST	LoginWeb	login	1782723817014	1782723817254	OK	 
REQUEST	LoginWeb	preLogin	1782723817109	1782723817328	OK	 
REQUEST	LoginWeb	login	1782723817217	1782723817485	OK	 
REQUEST		UC05_GET_/download/{fileid}	1782723817408	1782723817596	OK	 
ERROR	UC06_GET_/detail-with-attachments/{fflId}: Failed to build request: No attribute named 'fflId' is defined 	1782723817597
REQUEST		UC03_GET_/params	1782723817312	1782723817625	OK	 
ERROR	UC04_POST_/delete-file: Failed to build request: No attribute named 'pprbId' is defined 	1782723817626
REQUEST	LoginWeb	decrypt	1782723817718	1782723817794	OK	 
GROUP	LoginWeb	1782723810607	1782723817795	1925	OK
ERROR	UC01_POST_/file-upload: Failed to build request: No attribute named 'requestId' is defined 	1782723817795
ERROR	UC02_POST_/send-to-bank: Failed to build request: No attribute named 'requestId' is defined 	1782723817796
REQUEST		UC03_GET_/params	1782723817609	1782723817933	OK	 
ERROR	UC04_POST_/delete-file: Failed to build request: No attribute named 'pprbId' is defined 	1782723817935
REQUEST	LoginWeb	login	1782723817890	1782723818132	OK	 
REQUEST	LoginWeb	create	1782723817515	1782723818321	OK	 
REQUEST	LoginWeb	login	1782723818109	1782723818386	OK	 
REQUEST		UC07_POST_/inform-list	1782723818313	1782723818601	OK	 
REQUEST		UC05_GET_/download/{fileid}	1782723818408	1782723818608	OK	 
ERROR	UC06_GET_/detail-with-attachments/{fflId}: Failed to build request: No attribute named 'fflId' is defined 	1782723818619
REQUEST	LoginWeb	create	1782723817827	1782723818678	OK	 
REQUEST		UC05_GET_/download/{fileid}	1782723818598	1782723818787	OK	 
ERROR	UC06_GET_/detail-with-attachments/{fflId}: Failed to build request: No attribute named 'fflId' is defined 	1782723818789
REQUEST	LoginWeb	create	1782723818015	1782723818847	OK	 
REQUEST		UC03_GET_/params	1782723818516	1782723818863	OK	 
ERROR	UC04_POST_/delete-file: Failed to build request: No attribute named 'pprbId' is defined 	1782723818864
REQUEST	LoginWeb	decrypt	1782723818812	1782723818892	OK	 
GROUP	LoginWeb	1782723811401	1782723818893	2395	OK
ERROR	UC01_POST_/file-upload: Failed to build request: No attribute named 'requestId' is defined 	1782723818893
ERROR	UC02_POST_/send-to-bank: Failed to build request: No attribute named 'requestId' is defined 	1782723818894
REQUEST	LoginWeb	create	1782723818209	1782723819036	OK	 
REQUEST		UC08_POST_/send-to-bank/{fflId}	1782723819015	1782723819218	OK	 
REQUEST	LoginWeb	decrypt	1782723819208	1782723819293	OK	 
GROUP	LoginWeb	1782723811987	1782723819294	1992	OK
ERROR	UC01_POST_/file-upload: Failed to build request: No attribute named 'requestId' is defined 	1782723819294
ERROR	UC02_POST_/send-to-bank: Failed to build request: No attribute named 'requestId' is defined 	1782723819294
REQUEST		UC07_POST_/inform-list	1782723819109	1782723819381	OK	 
REQUEST	LoginWeb	decrypt	1782723819408	1782723819479	OK	 
GROUP	LoginWeb	1782723812518	1782723819480	1953	OK
ERROR	UC01_POST_/file-upload: Failed to build request: No attribute named 'requestId' is defined 	1782723819480
ERROR	UC02_POST_/send-to-bank: Failed to build request: No attribute named 'requestId' is defined 	1782723819480
REQUEST	LoginWeb	create	1782723818708	1782723819570	OK	 
REQUEST		UC07_POST_/inform-list	1782723819311	1782723819585	OK	 
REQUEST		UC05_GET_/download/{fileid}	1782723819514	1782723819694	OK	 
ERROR	UC06_GET_/detail-with-attachments/{fflId}: Failed to build request: No attribute named 'fflId' is defined 	1782723819695
REQUEST	LoginWeb	create	1782723818890	1782723819700	OK	 
REQUEST	LoginWeb	decrypt	1782723819717	1782723819790	OK	 
GROUP	LoginWeb	1782723812894	1782723819791	1953	OK
ERROR	UC01_POST_/file-upload: Failed to build request: No attribute named 'requestId' is defined 	1782723819791
ERROR	UC02_POST_/send-to-bank: Failed to build request: No attribute named 'requestId' is defined 	1782723819791
REQUEST		UC03_GET_/params	1782723819608	1782723819989	OK	 
ERROR	UC04_POST_/delete-file: Failed to build request: No attribute named 'pprbId' is defined 	1782723819991
REQUEST		UC09_GET_/requests-and-inform	1782723819819	1782723820070	OK	 
REQUEST		UC08_POST_/send-to-bank/{fflId}	1782723820014	1782723820199	OK	 
REQUEST		UC03_GET_/params	1782723819890	1782723820222	OK	 
ERROR	UC04_POST_/delete-file: Failed to build request: No attribute named 'pprbId' is defined 	1782723820224
REQUEST	LoginWeb	decrypt	1782723820218	1782723820306	OK	 
GROUP	LoginWeb	1782723813079	1782723820307	1998	OK
ERROR	UC01_POST_/file-upload: Failed to build request: No attribute named 'requestId' is defined 	1782723820307
ERROR	UC02_POST_/send-to-bank: Failed to build request: No attribute named 'requestId' is defined 	1782723820307
REQUEST		UC03_GET_/params	1782723820124	1782723820487	OK	 
ERROR	UC04_POST_/delete-file: Failed to build request: No attribute named 'pprbId' is defined 	1782723820488
REQUEST		UC08_POST_/send-to-bank/{fflId}	1782723820312	1782723820496	OK	 
REQUEST	LoginWeb	decrypt	1782723820515	1782723820599	OK	 
GROUP	LoginWeb	1782723813787	1782723820600	1940	OK
ERROR	UC01_POST_/file-upload: Failed to build request: No attribute named 'requestId' is defined 	1782723820600
ERROR	UC02_POST_/send-to-bank: Failed to build request: No attribute named 'requestId' is defined 	1782723820600
REQUEST		UC07_POST_/inform-list	1782723820408	1782723820709	OK	 
REQUEST		UC05_GET_/download/{fileid}	1782723820702	1782723820909	OK	 
ERROR	UC06_GET_/detail-with-attachments/{fflId}: Failed to build request: No attribute named 'fflId' is defined 	1782723820911
REQUEST		UC03_GET_/params	1782723820608	1782723820982	OK	 
ERROR	UC04_POST_/delete-file: Failed to build request: No attribute named 'pprbId' is defined 	1782723820983
REQUEST		UC10_POST_/mop-1-0	1782723820812	1782723821069	OK	 
REQUEST		UC09_GET_/requests-and-inform	1782723820890	1782723821142	OK	 
REQUEST		UC05_GET_/download/{fileid}	1782723821015	1782723821200	OK	 
ERROR	UC06_GET_/detail-with-attachments/{fflId}: Failed to build request: No attribute named 'fflId' is defined 	1782723821202
REQUEST		UC05_GET_/download/{fileid}	1782723821208	1782723821404	OK	 
ERROR	UC06_GET_/detail-with-attachments/{fflId}: Failed to build request: No attribute named 'fflId' is defined 	1782723821406
REQUEST		UC03_GET_/params	1782723821109	1782723821482	OK	 
ERROR	UC04_POST_/delete-file: Failed to build request: No attribute named 'pprbId' is defined 	1782723821484
REQUEST		UC09_GET_/requests-and-inform	1782723821313	1782723821547	OK	 
REQUEST		UC08_POST_/send-to-bank/{fflId}	1782723821514	1782723821697	OK	 
REQUEST		UC03_GET_/params	1782723821420	1782723821815	OK	 
ERROR	UC04_POST_/delete-file: Failed to build request: No attribute named 'pprbId' is defined 	1782723821817
REQUEST		UC07_POST_/inform-list	1782723821608	1782723821896	OK	 
REQUEST		UC05_GET_/download/{fileid}	1782723821702	1782723821904	OK	 
ERROR	UC06_GET_/detail-with-attachments/{fflId}: Failed to build request: No attribute named 'fflId' is defined 	1782723821915
REQUEST		UC11_POST_/online-control	1782723821811	1782723822078	OK	 
REQUEST		UC10_POST_/mop-1-0	1782723821889	1782723822160	OK	 
REQUEST		UC07_POST_/inform-list	1782723822015	1782723822302	OK	 
REQUEST		UC07_POST_/inform-list	1782723822109	1782723822416	OK	 
REQUEST		UC05_GET_/download/{fileid}	1782723822218	1782723822428	OK	 
ERROR	UC06_GET_/detail-with-attachments/{fflId}: Failed to build request: No attribute named 'fflId' is defined 	1782723822434
REQUEST		UC10_POST_/mop-1-0	1782723822313	1782723822584	OK	 
REQUEST		UC09_GET_/requests-and-inform	1782723822408	1782723822683	OK	 
REQUEST		UC05_GET_/download/{fileid}	1782723822515	1782723822709	OK	 
ERROR	UC06_GET_/detail-with-attachments/{fflId}: Failed to build request: No attribute named 'fflId' is defined 	1782723822710
REQUEST		UC08_POST_/send-to-bank/{fflId}	1782723822609	1782723822808	OK	 
REQUEST		UC07_POST_/inform-list	1782723822718	1782723823032	OK	 
REQUEST		UC12_GET_/rehabilitation	1782723822798	1782723823094	OK	 
REQUEST		UC11_POST_/online-control	1782723822890	1782723823157	OK	 
REQUEST		UC08_POST_/send-to-bank/{fflId}	1782723823015	1782723823217	OK	 
REQUEST		UC08_POST_/send-to-bank/{fflId}	1782723823109	1782723823333	OK	 
REQUEST		UC07_POST_/inform-list	1782723823208	1782723823512	OK	 
REQUEST		UC11_POST_/online-control	1782723823314	1782723823583	OK	 
REQUEST		UC10_POST_/mop-1-0	1782723823408	1782723823766	OK	 
REQUEST		UC07_POST_/inform-list	1782723823508	1782723823794	OK	 
REQUEST		UC09_GET_/requests-and-inform	1782723823608	1782723823852	OK	 
REQUEST		UC08_POST_/send-to-bank/{fflId}	1782723823702	1782723823921	OK	 
REQUEST		UC13_GET_/unread-tabs	1782723823812	1782723823998	OK	 
REQUEST		UC12_GET_/rehabilitation	1782723823890	1782723824171	OK	 
REQUEST		UC09_GET_/requests-and-inform	1782723824015	1782723824260	OK	 
REQUEST		UC09_GET_/requests-and-inform	1782723824109	1782723824374	OK	 
REQUEST		UC08_POST_/send-to-bank/{fflId}	1782723824218	1782723824425	OK	 
REQUEST		UC12_GET_/rehabilitation	1782723824313	1782723824620	OK	 
REQUEST		UC11_POST_/online-control	1782723824408	1782723824695	OK	 
REQUEST		UC08_POST_/send-to-bank/{fflId}	1782723824516	1782723824734	OK	 
REQUEST		UC10_POST_/mop-1-0	1782723824608	1782723824883	OK	 
REQUEST		UC09_GET_/requests-and-inform	1782723824718	1782723824958	OK	 
REQUEST		UC14_POST_/detail	1782723824827	1782723824986	OK	 
REQUEST		UC13_GET_/unread-tabs	1782723824890	1782723825067	OK	 
REQUEST		UC10_POST_/mop-1-0	1782723825015	1782723825293	OK	 
REQUEST		UC10_POST_/mop-1-0	1782723825124	1782723825418	OK	 
REQUEST		UC09_GET_/requests-and-inform	1782723825218	1782723825469	OK	 
REQUEST		UC13_GET_/unread-tabs	1782723825312	1782723825494	OK	 
REQUEST		UC12_GET_/rehabilitation	1782723825408	1782723825754	OK	 
REQUEST		UC09_GET_/requests-and-inform	1782723825515	1782723825769	OK	 
REQUEST		UC11_POST_/online-control	1782723825609	1782723825869	OK	 
REQUEST		UC15_POST_/callback	1782723825811	1782723826022	OK	 
REQUEST		UC10_POST_/mop-1-0	1782723825718	1782723826035	OK	 
REQUEST		UC14_POST_/detail	1782723825889	1782723826054	OK	 
REQUEST		UC11_POST_/online-control	1782723826014	1782723826287	OK	 
REQUEST		UC11_POST_/online-control	1782723826109	1782723826400	OK	 
REQUEST		UC14_POST_/detail	1782723826312	1782723826486	OK	 
REQUEST		UC10_POST_/mop-1-0	1782723826217	1782723826499	OK	 
REQUEST		UC13_GET_/unread-tabs	1782723826408	1782723826597	OK	 
REQUEST		UC10_POST_/mop-1-0	1782723826515	1782723826803	OK	 
REQUEST		UC16_PUT_/callback	1782723826718	1782723826876	OK	 
REQUEST		UC12_GET_/rehabilitation	1782723826608	1782723826885	OK	 
REQUEST		UC11_POST_/online-control	1782723826798	1782723827079	OK	 
REQUEST		UC15_POST_/callback	1782723826889	1782723827095	OK	 
REQUEST		UC12_GET_/rehabilitation	1782723827014	1782723827321	OK	 
REQUEST		UC12_GET_/rehabilitation	1782723827109	1782723827402	OK	 
REQUEST		UC15_POST_/callback	1782723827212	1782723827417	OK	 
REQUEST		UC14_POST_/detail	1782723827408	1782723827588	OK	 
REQUEST		UC11_POST_/online-control	1782723827312	1782723827595	OK	 
REQUEST		UC17_DELETE_/callback?taskId={taskIdCB}	1782723827609	1782723827800	OK	 
REQUEST		UC11_POST_/online-control	1782723827515	1782723827804	OK	 
REQUEST		UC13_GET_/unread-tabs	1782723827718	1782723827893	OK	 
REQUEST		UC16_PUT_/callback	1782723827893	1782723828056	OK	 
REQUEST		UC12_GET_/rehabilitation	1782723827798	1782723828123	OK	 
REQUEST		UC13_GET_/unread-tabs	1782723828018	1782723828203	OK	 
REQUEST		UC13_GET_/unread-tabs	1782723828127	1782723828324	OK	 
REQUEST		UC16_PUT_/callback	1782723828221	1782723828375	OK	 
REQUEST		UC15_POST_/callback	1782723828327	1782723828533	OK	 
REQUEST		UC18_GET_/compliance-helper	1782723828518	1782723828689	OK	 
REQUEST		UC12_GET_/rehabilitation	1782723828420	1782723828736	OK	 
REQUEST		UC14_POST_/detail	1782723828718	1782723828878	OK	 
REQUEST		UC12_GET_/rehabilitation	1782723828624	1782723828938	OK	 
REQUEST		UC17_DELETE_/callback?taskId={taskIdCB}	1782723828808	1782723829006	OK	 
REQUEST		UC13_GET_/unread-tabs	1782723828905	1782723829104	OK	 
REQUEST		UC14_POST_/detail	1782723829014	1782723829180	OK	 
REQUEST		UC14_POST_/detail	1782723829109	1782723829264	OK	 
REQUEST		UC17_DELETE_/callback?taskId={taskIdCB}	1782723829218	1782723829419	OK	 
REQUEST		UC16_PUT_/callback	1782723829312	1782723829462	OK	 
REQUEST		UC19_GET_/activation	1782723829408	1782723829559	OK	 
REQUEST		UC13_GET_/unread-tabs	1782723829515	1782723829709	OK	 
REQUEST		UC15_POST_/callback	1782723829609	1782723829802	OK	 
REQUEST		UC13_GET_/unread-tabs	1782723829718	1782723829905	OK	 
REQUEST		UC18_GET_/compliance-helper	1782723829821	1782723829991	OK	 
REQUEST		UC14_POST_/detail	1782723829874	1782723830038	OK	 
REQUEST		UC15_POST_/callback	1782723829978	1782723830177	OK	 
REQUEST		UC15_POST_/callback	1782723830078	1782723830277	OK	 
REQUEST		UC18_GET_/compliance-helper	1782723830186	1782723830362	OK	 
REQUEST		UC17_DELETE_/callback?taskId={taskIdCB}	1782723830280	1782723830491	OK	 
REQUEST		UC20_GET_/change-tariff	1782723830378	1782723830542	OK	 
REQUEST		UC14_POST_/detail	1782723830484	1782723830645	OK	 
REQUEST		UC16_PUT_/callback	1782723830578	1782723830718	OK	 
REQUEST		UC14_POST_/detail	1782723830688	1782723830868	OK	 
REQUEST		UC19_GET_/activation	1782723830798	1782723830959	OK	 
REQUEST		UC15_POST_/callback	1782723830875	1782723831077	OK	 
REQUEST		UC16_PUT_/callback	1782723830984	1782723831154	OK	 
REQUEST		UC16_PUT_/callback	1782723831088	1782723831239	OK	 
REQUEST		UC19_GET_/activation	1782723831182	1782723831353	OK	 
REQUEST		UC18_GET_/compliance-helper	1782723831278	1782723831455	OK	 
REQUEST		UC21_GET_/user-permissions	1782723831386	1782723831535	OK	 
REQUEST		UC15_POST_/callback	1782723831483	1782723831701	OK	 
REQUEST		UC17_DELETE_/callback?taskId={taskIdCB}	1782723831578	1782723831780	OK	 
REQUEST		UC15_POST_/callback	1782723831687	1782723831896	OK	 
REQUEST		UC20_GET_/change-tariff	1782723831798	1782723831968	OK	 
REQUEST		UC16_PUT_/callback	1782723831875	1782723832013	OK	 
REQUEST		UC17_DELETE_/callback?taskId={taskIdCB}	1782723831980	1782723832183	OK	 
REQUEST		UC17_DELETE_/callback?taskId={taskIdCB}	1782723832078	1782723832295	OK	 
REQUEST		UC20_GET_/change-tariff	1782723832187	1782723832343	OK	 
REQUEST		UC19_GET_/activation	1782723832281	1782723832447	OK	 
REQUEST		UC16_PUT_/callback	1782723832485	1782723832643	OK	 
REQUEST		UC22_GET_/print-form	1782723832378	1782723832724	OK	 
REQUEST		UC18_GET_/compliance-helper	1782723832578	1782723832756	OK	 
REQUEST		UC16_PUT_/callback	1782723832688	1782723832837	OK	 
REQUEST		UC21_GET_/user-permissions	1782723832798	1782723832954	OK	 
REQUEST		UC17_DELETE_/callback?taskId={taskIdCB}	1782723832874	1782723833078	OK	 
REQUEST		UC18_GET_/compliance-helper	1782723832980	1782723833153	OK	 
REQUEST		UC18_GET_/compliance-helper	1782723833078	1782723833245	OK	 
REQUEST		UC21_GET_/user-permissions	1782723833187	1782723833341	OK	 
REQUEST		UC20_GET_/change-tariff	1782723833281	1782723833424	OK	 
REQUEST		UC17_DELETE_/callback?taskId={taskIdCB}	1782723833378	1782723833575	OK	 
REQUEST		UC19_GET_/activation	1782723833588	1782723833733	OK	 
REQUEST		UC23_GET_/rejections	1782723833484	1782723833865	OK	 
REQUEST		UC17_DELETE_/callback?taskId={taskIdCB}	1782723833688	1782723833892	OK	 
REQUEST		UC18_GET_/compliance-helper	1782723833874	1782723834041	OK	 
REQUEST		UC19_GET_/activation	1782723833983	1782723834134	OK	 
REQUEST		UC22_GET_/print-form	1782723833796	1782723834154	OK	 
REQUEST		UC19_GET_/activation	1782723834078	1782723834222	OK	 
REQUEST		UC21_GET_/user-permissions	1782723834280	1782723834431	OK	 
REQUEST		UC22_GET_/print-form	1782723834187	1782723834509	OK	 
REQUEST		UC18_GET_/compliance-helper	1782723834378	1782723834558	OK	 
REQUEST		UC20_GET_/change-tariff	1782723834484	1782723834639	OK	 
REQUEST		UC24_GET_/rejection/{operationId}	1782723834598	1782723834864	OK	 
REQUEST		UC18_GET_/compliance-helper	1782723834702	1782723834879	OK	 
REQUEST		UC19_GET_/activation	1782723834795	1782723834950	OK	 
REQUEST		UC20_GET_/change-tariff	1782723834874	1782723835037	OK	 
REQUEST		UC20_GET_/change-tariff	1782723835078	1782723835230	OK	 
REQUEST		UC23_GET_/rejections	1782723834983	1782723835327	OK	 
REQUEST		UC22_GET_/print-form	1782723835178	1782723835515	OK	 
REQUEST		UC19_GET_/activation	1782723835378	1782723835523	OK	 
REQUEST		UC23_GET_/rejections	1782723835280	1782723835640	OK	 
REQUEST		UC21_GET_/user-permissions	1782723835484	1782723835646	OK	 
REQUEST		UC25_GET_/active-switchers	1782723835594	1782723835757	OK	 
REQUEST		UC19_GET_/activation	1782723835688	1782723835840	OK	 
REQUEST		UC20_GET_/change-tariff	1782723835796	1782723835955	OK	 
REQUEST		UC21_GET_/user-permissions	1782723835874	1782723836112	OK	 
REQUEST		UC21_GET_/user-permissions	1782723835983	1782723836132	OK	 
REQUEST		UC24_GET_/rejection/{operationId}	1782723836078	1782723836323	OK	 
REQUEST		UC20_GET_/change-tariff	1782723836281	1782723836442	OK	 
REQUEST		UC23_GET_/rejections	1782723836187	1782723836578	OK	 
REQUEST		UC24_GET_/rejection/{operationId}	1782723836387	1782723836642	OK	 
REQUEST		UC26_GET_/system-parameters	1782723836578	1782723836740	OK	 
REQUEST		UC22_GET_/print-form	1782723836481	1782723836841	OK	 
REQUEST		UC20_GET_/change-tariff	1782723836684	1782723836858	OK	 
REQUEST		UC21_GET_/user-permissions	1782723836795	1782723836971	OK	 
REQUEST		UC22_GET_/print-form	1782723836868	1782723837219	OK	 
REQUEST		UC25_GET_/active-switchers	1782723837088	1782723837253	OK	 
REQUEST		UC22_GET_/print-form	1782723836992	1782723837326	OK	 
REQUEST		UC21_GET_/user-permissions	1782723837195	1782723837339	OK	 
REQUEST		UC25_GET_/active-switchers	1782723837389	1782723837559	OK	 
REQUEST		UC24_GET_/rejection/{operationId}	1782723837288	1782723837624	OK	 
REQUEST		UC27_GET_/organization	1782723837488	1782723837673	OK	 
REQUEST		UC21_GET_/user-permissions	1782723837688	1782723837839	OK	 
REQUEST		UC23_GET_/rejections	1782723837592	1782723837936	OK	 
REQUEST		UC22_GET_/print-form	1782723837795	1782723838126	OK	 
REQUEST		UC26_GET_/system-parameters	1782723838015	1782723838173	OK	 
REQUEST		UC23_GET_/rejections	1782723837890	1782723838229	OK	 
REQUEST		UC26_GET_/system-parameters	1782723838313	1782723838475	OK	 
REQUEST		UC23_GET_/rejections	1782723838109	1782723838525	OK	 
REQUEST		UC22_GET_/print-form	1782723838208	1782723838547	OK	 
REQUEST		UC25_GET_/active-switchers	1782723838408	1782723838589	OK	 
REQUEST		UC28_GET_/compliance-profile/mtb	1782723838515	1782723838683	OK	 
REQUEST		UC22_GET_/print-form	1782723838609	1782723838961	OK	 
REQUEST		UC24_GET_/rejection/{operationId}	1782723838718	1782723838985	OK	 
REQUEST		UC27_GET_/organization	1782723838890	1782723839057	OK	 
REQUEST		UC23_GET_/rejections	1782723838812	1782723839208	OK	 
REQUEST		UC27_GET_/organization	1782723839109	1782723839275	OK	 
REQUEST		UC24_GET_/rejection/{operationId}	1782723839015	1782723839288	OK	 
REQUEST		UC24_GET_/rejection/{operationId}	1782723839208	1782723839552	OK	 
REQUEST		UC26_GET_/system-parameters	1782723839412	1782723839582	OK	 
REQUEST		UC29_GET_/dopInfo	1782723839515	1782723839680	OK	 
REQUEST		UC23_GET_/rejections	1782723839313	1782723839714	OK	 
REQUEST		UC25_GET_/active-switchers	1782723839702	1782723839856	OK	 
REQUEST		UC28_GET_/compliance-profile/mtb	1782723839821	1782723839999	OK	 
REQUEST		UC23_GET_/rejections	1782723839598	1782723840029	OK	 
REQUEST		UC28_GET_/compliance-profile/mtb	1782723840000	1782723840161	OK	 
REQUEST		UC24_GET_/rejection/{operationId}	1782723839888	1782723840199	OK	 
REQUEST		UC25_GET_/active-switchers	1782723840098	1782723840271	OK	 
REQUEST		UC25_GET_/active-switchers	1782723840202	1782723840386	OK	 
REQUEST		UC27_GET_/organization	1782723840298	1782723840466	OK	 
REQUEST		UC30_GET_/counterparties	1782723840406	1782723840564	OK	 
REQUEST		UC26_GET_/system-parameters	1782723840608	1782723840765	OK	 
REQUEST		UC24_GET_/rejection/{operationId}	1782723840499	1782723840800	OK	 
REQUEST		UC29_GET_/dopInfo	1782723840718	1782723840891	OK	 
REQUEST		UC29_GET_/dopInfo	1782723840878	1782723841041	OK	 
REQUEST		UC24_GET_/rejection/{operationId}	1782723840798	1782723841099	OK	 
REQUEST		UC25_GET_/active-switchers	1782723840998	1782723841170	OK	 
REQUEST		UC26_GET_/system-parameters	1782723841098	1782723841269	OK	 
REQUEST		UC26_GET_/system-parameters	1782723841203	1782723841386	OK	 
REQUEST		UC28_GET_/compliance-profile/mtb	1782723841298	1782723841469	OK	 
REQUEST		UC31_GET_/compliance-profile/contacts	1782723841407	1782723841571	OK	 
REQUEST		UC27_GET_/organization	1782723841501	1782723841677	OK	 
REQUEST		UC25_GET_/active-switchers	1782723841608	1782723841792	OK	 
REQUEST		UC30_GET_/counterparties	1782723841702	1782723841866	OK	 
REQUEST		UC30_GET_/counterparties	1782723841796	1782723841972	OK	 
REQUEST		UC25_GET_/active-switchers	1782723841890	1782723842065	OK	 
REQUEST		UC26_GET_/system-parameters	1782723842014	1782723842186	OK	 
REQUEST		UC27_GET_/organization	1782723842108	1782723842283	OK	 
REQUEST		UC27_GET_/organization	1782723842217	1782723842395	OK	 
REQUEST		UC29_GET_/dopInfo	1782723842312	1782723842468	OK	 
REQUEST		UC32_GET_/compliance-profile	1782723842408	1782723842577	OK	 
REQUEST		UC28_GET_/compliance-profile/mtb	1782723842515	1782723842675	OK	 
REQUEST		UC26_GET_/system-parameters	1782723842608	1782723842777	OK	 
REQUEST		UC31_GET_/compliance-profile/contacts	1782723842708	1782723842853	OK	 
REQUEST		UC31_GET_/compliance-profile/contacts	1782723842813	1782723842973	OK	 
REQUEST		UC26_GET_/system-parameters	1782723842891	1782723843076	OK	 
REQUEST		UC27_GET_/organization	1782723843014	1782723843188	OK	 
REQUEST		UC28_GET_/compliance-profile/mtb	1782723843108	1782723843273	OK	 
REQUEST		UC28_GET_/compliance-profile/mtb	1782723843218	1782723843406	OK	 
REQUEST		UC30_GET_/counterparties	1782723843313	1782723843482	OK	 
REQUEST		UC33_GET_/detail	1782723843408	1782723843610	OK	 
REQUEST		UC29_GET_/dopInfo	1782723843516	1782723843677	OK	 
REQUEST		UC27_GET_/organization	1782723843610	1782723843790	OK	 
REQUEST		UC32_GET_/compliance-profile	1782723843718	1782723843889	OK	 
REQUEST		UC32_GET_/compliance-profile	1782723843798	1782723843966	OK	 
REQUEST		UC27_GET_/organization	1782723843890	1782723844058	OK	 
REQUEST		UC28_GET_/compliance-profile/mtb	1782723844015	1782723844180	OK	 
REQUEST		UC29_GET_/dopInfo	1782723844109	1782723844273	OK	 
REQUEST		UC29_GET_/dopInfo	1782723844218	1782723844381	OK	 
REQUEST		UC31_GET_/compliance-profile/contacts	1782723844312	1782723844467	OK	 
REQUEST		UC34_DELETE_/alert	1782723844408	1782723844601	OK	 
REQUEST		UC30_GET_/counterparties	1782723844515	1782723844687	OK	 
REQUEST		UC28_GET_/compliance-profile/mtb	1782723844609	1782723844764	OK	 
REQUEST		UC33_GET_/detail	1782723844708	1782723844881	OK	 
REQUEST		UC33_GET_/detail	1782723844811	1782723844989	OK	 
REQUEST		UC28_GET_/compliance-profile/mtb	1782723844889	1782723845054	OK	 
REQUEST		UC29_GET_/dopInfo	1782723845014	1782723845192	OK	 
REQUEST		UC30_GET_/counterparties	1782723845108	1782723845269	OK	 
REQUEST		UC30_GET_/counterparties	1782723845218	1782723845386	OK	 
REQUEST		UC32_GET_/compliance-profile	1782723845312	1782723845477	OK	 
REQUEST		UC35_POST_/organization	1782723845408	1782723845607	OK	 
REQUEST		UC31_GET_/compliance-profile/contacts	1782723845515	1782723845688	OK	 
REQUEST		UC29_GET_/dopInfo	1782723845608	1782723845762	OK	 
REQUEST		UC34_DELETE_/alert	1782723845718	1782723845897	OK	 
REQUEST		UC34_DELETE_/alert	1782723845812	1782723845991	OK	 
REQUEST		UC29_GET_/dopInfo	1782723845890	1782723846044	OK	 
REQUEST		UC30_GET_/counterparties	1782723846015	1782723846182	OK	 
REQUEST		UC31_GET_/compliance-profile/contacts	1782723846109	1782723846276	OK	 
REQUEST		UC31_GET_/compliance-profile/contacts	1782723846208	1782723846373	OK	 
REQUEST		UC33_GET_/detail	1782723846327	1782723846545	OK	 
REQUEST		UC36_POST_/mtb	1782723846408	1782723846601	OK	 
REQUEST		UC32_GET_/compliance-profile	1782723846515	1782723846681	OK	 
REQUEST		UC30_GET_/counterparties	1782723846608	1782723846790	OK	 
REQUEST		UC35_POST_/organization	1782723846718	1782723846900	OK	 
REQUEST		UC35_POST_/organization	1782723846811	1782723847019	OK	 
REQUEST		UC30_GET_/counterparties	1782723846890	1782723847058	OK	 
REQUEST		UC31_GET_/compliance-profile/contacts	1782723847015	1782723847184	OK	 
REQUEST		UC32_GET_/compliance-profile	1782723847109	1782723847257	OK	 
REQUEST		UC32_GET_/compliance-profile	1782723847208	1782723847377	OK	 
REQUEST		UC34_DELETE_/alert	1782723847313	1782723847528	OK	 
REQUEST		UC37_POST_/dopInfo	1782723847408	1782723847591	OK	 
REQUEST		UC33_GET_/detail	1782723847514	1782723847717	OK	 
REQUEST		UC31_GET_/compliance-profile/contacts	1782723847608	1782723847763	OK	 
REQUEST		UC36_POST_/mtb	1782723847702	1782723847895	OK	 
REQUEST		UC36_POST_/mtb	1782723847811	1782723848005	OK	 
REQUEST		UC31_GET_/compliance-profile/contacts	1782723847889	1782723848066	OK	 
REQUEST		UC32_GET_/compliance-profile	1782723848014	1782723848187	OK	 
REQUEST		UC33_GET_/detail	1782723848109	1782723848315	OK	 
REQUEST		UC33_GET_/detail	1782723848218	1782723848417	OK	 
REQUEST		UC35_POST_/organization	1782723848312	1782723848507	OK	 
REQUEST		UC38_POST_/counterparties	1782723848408	1782723848602	OK	 
REQUEST		UC34_DELETE_/alert	1782723848515	1782723848711	OK	 
REQUEST		UC32_GET_/compliance-profile	1782723848608	1782723848811	OK	 
REQUEST		UC37_POST_/dopInfo	1782723848718	1782723848923	OK	 
REQUEST		UC37_POST_/dopInfo	1782723848812	1782723848992	OK	 
REQUEST		UC32_GET_/compliance-profile	1782723848890	1782723849054	OK	 
REQUEST		UC33_GET_/detail	1782723849015	1782723849227	OK	 
REQUEST		UC34_DELETE_/alert	1782723849109	1782723849290	OK	 
REQUEST		UC34_DELETE_/alert	1782723849208	1782723849496	OK	 
REQUEST		UC36_POST_/mtb	1782723849313	1782723849527	OK	 
REQUEST		UC39_POST_/contacts	1782723849408	1782723849588	OK	 
REQUEST		UC35_POST_/organization	1782723849515	1782723849730	OK	 
REQUEST		UC33_GET_/detail	1782723849608	1782723849803	OK	 
REQUEST		UC38_POST_/counterparties	1782723849717	1782723849908	OK	 
REQUEST		UC38_POST_/counterparties	1782723849808	1782723850012	OK	 
REQUEST		UC33_GET_/detail	1782723849891	1782723850110	OK	 
REQUEST		UC34_DELETE_/alert	1782723850005	1782723850212	OK	 
REQUEST		UC35_POST_/organization	1782723850108	1782723850322	OK	 
REQUEST		UC35_POST_/organization	1782723850201	1782723850407	OK	 
REQUEST		UC37_POST_/dopInfo	1782723850298	1782723850516	OK	 
REQUEST		UC40_GET_/mop2/{fflId}	1782723850405	1782723850621	OK	 
REQUEST		UC36_POST_/mtb	1782723850499	1782723850706	OK	 
REQUEST		UC34_DELETE_/alert	1782723850608	1782723850816	OK	 
REQUEST		UC39_POST_/contacts	1782723850718	1782723850925	OK	 
REQUEST		UC39_POST_/contacts	1782723850798	1782723851002	OK	 
REQUEST		UC34_DELETE_/alert	1782723850878	1782723851070	OK	 
REQUEST		UC35_POST_/organization	1782723850999	1782723851221	OK	 
REQUEST		UC36_POST_/mtb	1782723851108	1782723851291	OK	 
REQUEST		UC36_POST_/mtb	1782723851202	1782723851407	OK	 
REQUEST		UC38_POST_/counterparties	1782723851298	1782723851502	OK	 
REQUEST		UC41_GET_/onboarding/{fflId}	1782723851406	1782723851595	OK	 
USER	EFSFinmonWebDebug	END	1782723851599
USER	EFSFinmonWebDebug	START	1782723851599
REQUEST		UC37_POST_/dopInfo	1782723851500	1782723851690	OK	 
REQUEST		UC35_POST_/organization	1782723851599	1782723851808	OK	 
REQUEST		UC40_GET_/mop2/{fflId}	1782723851703	1782723851911	OK	 
REQUEST		UC40_GET_/mop2/{fflId}	1782723851798	1782723852010	OK	 
REQUEST		UC35_POST_/organization	1782723851890	1782723852100	OK	 
REQUEST		UC36_POST_/mtb	1782723852015	1782723852235	OK	 
REQUEST		UC37_POST_/dopInfo	1782723852110	1782723852298	OK	 
REQUEST		UC37_POST_/dopInfo	1782723852218	1782723852420	OK	 
REQUEST		UC39_POST_/contacts	1782723852314	1782723852508	OK	 
REQUEST	LoginWeb	first_login	1782723852408	1782723852574	OK	 
REQUEST		UC38_POST_/counterparties	1782723852518	1782723852719	OK	 
REQUEST		UC36_POST_/mtb	1782723852611	1782723852825	OK	 
REQUEST		UC41_GET_/onboarding/{fflId}	1782723852717	1782723852894	OK	 
USER	EFSFinmonWebDebug	END	1782723852898
USER	EFSFinmonWebDebug	START	1782723852898
REQUEST		UC41_GET_/onboarding/{fflId}	1782723852811	1782723853007	OK	 
USER	EFSFinmonWebDebug	END	1782723853011
USER	EFSFinmonWebDebug	START	1782723853011
REQUEST		UC36_POST_/mtb	1782723852889	1782723853080	OK	 
REQUEST		UC37_POST_/dopInfo	1782723853015	1782723853215	OK	 
REQUEST		UC38_POST_/counterparties	1782723853109	1782723853314	OK	 
REQUEST		UC38_POST_/counterparties	1782723853218	1782723853421	OK	 
REQUEST		UC40_GET_/mop2/{fflId}	1782723853312	1782723853544	OK	 
REQUEST	LoginWeb	settingsLogin	1782723853408	1782723853575	OK	 
REQUEST		UC39_POST_/contacts	1782723853515	1782723853724	OK	 
REQUEST		UC37_POST_/dopInfo	1782723853609	1782723853815	OK	 
REQUEST	LoginWeb	first_login	1782723853708	1782723853866	OK	 
REQUEST	LoginWeb	first_login	1782723853798	1782723853997	OK	 
REQUEST		UC37_POST_/dopInfo	1782723853889	1782723854101	OK	 
REQUEST		UC38_POST_/counterparties	1782723854014	1782723854200	OK	 
REQUEST		UC39_POST_/contacts	1782723854109	1782723854320	OK	 
REQUEST		UC39_POST_/contacts	1782723854218	1782723854415	OK	 
REQUEST		UC41_GET_/onboarding/{fflId}	1782723854312	1782723854499	OK	 
USER	EFSFinmonWebDebug	END	1782723854503
USER	EFSFinmonWebDebug	START	1782723854503
REQUEST	LoginWeb	newsLogin	1782723854408	1782723854601	OK	 
REQUEST		UC40_GET_/mop2/{fflId}	1782723854515	1782723854750	OK	 
REQUEST		UC38_POST_/counterparties	1782723854609	1782723854796	OK	 
REQUEST	LoginWeb	settingsLogin	1782723854718	1782723854900	OK	 
REQUEST	LoginWeb	settingsLogin	1782723854827	1782723855000	OK	 
REQUEST		UC38_POST_/counterparties	1782723854890	1782723855092	OK	 
REQUEST		UC39_POST_/contacts	1782723855014	1782723855216	OK	 
REQUEST		UC40_GET_/mop2/{fflId}	1782723855109	1782723855329	OK	 
REQUEST	LoginWeb	first_login	1782723855308	1782723855466	OK	 
REQUEST		UC40_GET_/mop2/{fflId}	1782723855218	1782723855475	OK	 
REQUEST	LoginWeb	preLogin	1782723855408	1782723855629	OK	 
REQUEST		UC41_GET_/onboarding/{fflId}	1782723855514	1782723855702	OK	 
USER	EFSFinmonWebDebug	END	1782723855706
USER	EFSFinmonWebDebug	START	1782723855706
REQUEST		UC39_POST_/contacts	1782723855608	1782723855809	OK	 
REQUEST	LoginWeb	newsLogin	1782723855701	1782723855925	OK	 
REQUEST	LoginWeb	newsLogin	1782723855811	1782723856036	OK	 
REQUEST		UC39_POST_/contacts	1782723855878	1782723856071	OK	 
REQUEST		UC40_GET_/mop2/{fflId}	1782723855999	1782723856227	OK	 
REQUEST		UC41_GET_/onboarding/{fflId}	1782723856098	1782723856297	OK	 
USER	EFSFinmonWebDebug	END	1782723856300
USER	EFSFinmonWebDebug	START	1782723856300
REQUEST	LoginWeb	settingsLogin	1782723856202	1782723856385	OK	 
REQUEST		UC41_GET_/onboarding/{fflId}	1782723856298	1782723856501	OK	 
USER	EFSFinmonWebDebug	END	1782723856505
USER	EFSFinmonWebDebug	START	1782723856506
REQUEST	LoginWeb	login	1782723856405	1782723856664	OK	 
REQUEST	LoginWeb	first_login	1782723856498	1782723856672	OK	 
REQUEST		UC40_GET_/mop2/{fflId}	1782723856608	1782723856831	OK	 
REQUEST	LoginWeb	preLogin	1782723856702	1782723856925	OK	 
REQUEST	LoginWeb	preLogin	1782723856798	1782723857038	OK	 
REQUEST		UC40_GET_/mop2/{fflId}	1782723856889	1782723857117	OK	 
REQUEST		UC41_GET_/onboarding/{fflId}	1782723857014	1782723857193	OK	 
USER	EFSFinmonWebDebug	END	1782723857197
USER	EFSFinmonWebDebug	START	1782723857197
REQUEST	LoginWeb	first_login	1782723857109	1782723857272	OK	 
REQUEST	LoginWeb	newsLogin	1782723857218	1782723857419	OK	 
REQUEST	LoginWeb	first_login	1782723857312	1782723857482	OK	 
REQUEST	LoginWeb	settingsLogin	1782723857515	1782723857707	OK	 
REQUEST		UC41_GET_/onboarding/{fflId}	1782723857609	1782723857798	OK	 
USER	EFSFinmonWebDebug	END	1782723857804
USER	EFSFinmonWebDebug	START	1782723857804
REQUEST	LoginWeb	login	1782723857718	1782723857982	OK	 
REQUEST		UC41_GET_/onboarding/{fflId}	1782723857890	1782723858077	OK	 
USER	EFSFinmonWebDebug	END	1782723858081
USER	EFSFinmonWebDebug	START	1782723858081
REQUEST	LoginWeb	login	1782723857798	1782723858081	OK	 
REQUEST	LoginWeb	create	1782723857408	1782723858187	OK	 
REQUEST	LoginWeb	first_login	1782723858014	1782723858196	OK	 
REQUEST	LoginWeb	preLogin	1782723858218	1782723858454	OK	 
REQUEST	LoginWeb	settingsLogin	1782723858312	1782723858522	OK	 
REQUEST	LoginWeb	newsLogin	1782723858408	1782723858580	OK	 
REQUEST	LoginWeb	first_login	1782723858515	1782723858717	OK	 
REQUEST	LoginWeb	first_login	1782723858718	1782723858881	OK	 
REQUEST	LoginWeb	settingsLogin	1782723858108	1782723858962	OK	 
REQUEST	LoginWeb	decrypt	1782723858890	1782723858970	OK	 
GROUP	LoginWeb	1782723851599	1782723858972	1865	OK
ERROR	UC01_POST_/file-upload: Failed to build request: No attribute named 'requestId' is defined 	1782723858972
ERROR	UC02_POST_/send-to-bank: Failed to build request: No attribute named 'requestId' is defined 	1782723858972
REQUEST	LoginWeb	settingsLogin	1782723859009	1782723859217	OK	 
REQUEST	LoginWeb	newsLogin	1782723859218	1782723859414	OK	 
REQUEST	LoginWeb	create	1782723858598	1782723859432	OK	 
REQUEST	LoginWeb	preLogin	1782723859313	1782723859537	OK	 
REQUEST	LoginWeb	settingsLogin	1782723859408	1782723859582	OK	 
REQUEST	LoginWeb	create	1782723858812	1782723859597	OK	 
REQUEST	LoginWeb	settingsLogin	1782723859515	1782723859696	OK	 
REQUEST	LoginWeb	newsLogin	1782723859608	1782723859802	OK	 
REQUEST	LoginWeb	newsLogin	1782723859820	1782723860028	OK	 
REQUEST		UC03_GET_/params	1782723859718	1782723860035	OK	 
ERROR	UC04_POST_/delete-file: Failed to build request: No attribute named 'pprbId' is defined 	1782723860036
REQUEST	LoginWeb	decrypt	1782723860007	1782723860090	OK	 
GROUP	LoginWeb	1782723852898	1782723860091	1968	OK
ERROR	UC01_POST_/file-upload: Failed to build request: No attribute named 'requestId' is defined 	1782723860091
ERROR	UC02_POST_/send-to-bank: Failed to build request: No attribute named 'requestId' is defined 	1782723860092
REQUEST	LoginWeb	preLogin	1782723859895	1782723860137	OK	 
REQUEST	LoginWeb	login	1782723859109	1782723860370	OK	 
REQUEST	LoginWeb	decrypt	1782723860298	1782723860378	OK	 
GROUP	LoginWeb	1782723853011	1782723860379	1985	OK
ERROR	UC01_POST_/file-upload: Failed to build request: No attribute named 'requestId' is defined 	1782723860379
ERROR	UC02_POST_/send-to-bank: Failed to build request: No attribute named 'requestId' is defined 	1782723860379
REQUEST	LoginWeb	newsLogin	1782723860203	1782723860414	OK	 
REQUEST	LoginWeb	newsLogin	1782723860406	1782723860602	OK	 
REQUEST	LoginWeb	preLogin	1782723860500	1782723860744	OK	 
REQUEST	LoginWeb	preLogin	1782723860618	1782723860841	OK	 
REQUEST		UC05_GET_/download/{fileid}	1782723860718	1782723860924	OK	 
ERROR	UC06_GET_/detail-with-attachments/{fflId}: Failed to build request: No attribute named 'fflId' is defined 	1782723860925
REQUEST	LoginWeb	login	1782723860100	1782723861105	OK	 
REQUEST	LoginWeb	login	1782723860874	1782723861147	OK	 
REQUEST		UC03_GET_/params	1782723860827	1782723861198	OK	 
ERROR	UC04_POST_/delete-file: Failed to build request: No attribute named 'pprbId' is defined 	1782723861199
REQUEST	LoginWeb	preLogin	1782723861187	1782723861419	OK	 
REQUEST		UC03_GET_/params	1782723861078	1782723861446	OK	 
ERROR	UC04_POST_/delete-file: Failed to build request: No attribute named 'pprbId' is defined 	1782723861447
REQUEST	LoginWeb	preLogin	1782723861281	1782723861501	OK	 
REQUEST	LoginWeb	login	1782723861378	1782723861632	OK	 
REQUEST	LoginWeb	login	1782723861484	1782723861738	OK	 
REQUEST	LoginWeb	create	1782723860983	1782723861838	OK	 
REQUEST		UC07_POST_/inform-list	1782723861590	1782723861863	OK	 
REQUEST		UC05_GET_/download/{fileid}	1782723861874	1782723862088	OK	 
ERROR	UC06_GET_/detail-with-attachments/{fflId}: Failed to build request: No attribute named 'fflId' is defined 	1782723862089
REQUEST	LoginWeb	login	1782723861983	1782723862261	OK	 
REQUEST		UC05_GET_/download/{fileid}	1782723862078	1782723862270	OK	 
ERROR	UC06_GET_/detail-with-attachments/{fflId}: Failed to build request: No attribute named 'fflId' is defined 	1782723862272
REQUEST	LoginWeb	login	1782723862187	1782723862443	OK	 
REQUEST	LoginWeb	create	1782723861688	1782723862444	OK	 
REQUEST	LoginWeb	decrypt	1782723862484	1782723862562	OK	 
GROUP	LoginWeb	1782723854503	1782723862563	2972	OK
ERROR	UC01_POST_/file-upload: Failed to build request: No attribute named 'requestId' is defined 	1782723862563
ERROR	UC02_POST_/send-to-bank: Failed to build request: No attribute named 'requestId' is defined 	1782723862563
REQUEST	LoginWeb	create	1782723861812	1782723862577	OK	 
REQUEST		UC08_POST_/send-to-bank/{fflId}	1782723862598	1782723862791	OK	 
REQUEST		UC07_POST_/inform-list	1782723862688	1782723862964	OK	 
REQUEST	LoginWeb	decrypt	1782723863078	1782723863155	OK	 
GROUP	LoginWeb	1782723855706	1782723863156	2600	OK
ERROR	UC01_POST_/file-upload: Failed to build request: No attribute named 'requestId' is defined 	1782723863156
ERROR	UC02_POST_/send-to-bank: Failed to build request: No attribute named 'requestId' is defined 	1782723863157
REQUEST		UC07_POST_/inform-list	1782723862874	1782723863164	OK	 
REQUEST	LoginWeb	create	1782723862280	1782723863216	OK	 
REQUEST	LoginWeb	create	1782723862378	1782723863239	OK	 
REQUEST	LoginWeb	decrypt	1782723863296	1782723863367	OK	 
GROUP	LoginWeb	1782723856506	1782723863369	1927	OK
ERROR	UC01_POST_/file-upload: Failed to build request: No attribute named 'requestId' is defined 	1782723863369
ERROR	UC02_POST_/send-to-bank: Failed to build request: No attribute named 'requestId' is defined 	1782723863369
REQUEST		UC03_GET_/params	1782723863187	1782723863550	OK	 
ERROR	UC04_POST_/delete-file: Failed to build request: No attribute named 'pprbId' is defined 	1782723863552
REQUEST		UC09_GET_/requests-and-inform	1782723863378	1782723863609	OK	 
REQUEST	LoginWeb	create	1782723862796	1782723863641	OK	 
REQUEST		UC08_POST_/send-to-bank/{fflId}	1782723863488	1782723863688	OK	 
REQUEST	LoginWeb	create	1782723862980	1782723863753	OK	 
REQUEST	LoginWeb	decrypt	1782723863790	1782723863877	OK	 
GROUP	LoginWeb	1782723856300	1782723863878	2732	OK
ERROR	UC01_POST_/file-upload: Failed to build request: No attribute named 'requestId' is defined 	1782723863878
ERROR	UC02_POST_/send-to-bank: Failed to build request: No attribute named 'requestId' is defined 	1782723863879
REQUEST		UC08_POST_/send-to-bank/{fflId}	1782723863688	1782723863884	OK	 
REQUEST		UC03_GET_/params	1782723863578	1782723863917	OK	 
ERROR	UC04_POST_/delete-file: Failed to build request: No attribute named 'pprbId' is defined 	1782723863918
REQUEST	LoginWeb	decrypt	1782723863874	1782723863952	OK	 
GROUP	LoginWeb	1782723857197	1782723863953	2014	OK
ERROR	UC01_POST_/file-upload: Failed to build request: No attribute named 'requestId' is defined 	1782723863953
ERROR	UC02_POST_/send-to-bank: Failed to build request: No attribute named 'requestId' is defined 	1782723863953
REQUEST		UC05_GET_/download/{fileid}	1782723864078	1782723864270	OK	 
ERROR	UC06_GET_/detail-with-attachments/{fflId}: Failed to build request: No attribute named 'fflId' is defined 	1782723864271
REQUEST		UC03_GET_/params	1782723863984	1782723864318	OK	 
ERROR	UC04_POST_/delete-file: Failed to build request: No attribute named 'pprbId' is defined 	1782723864320
REQUEST	LoginWeb	decrypt	1782723864281	1782723864351	OK	 
GROUP	LoginWeb	1782723857805	1782723864352	2012	OK
ERROR	UC01_POST_/file-upload: Failed to build request: No attribute named 'requestId' is defined 	1782723864352
ERROR	UC02_POST_/send-to-bank: Failed to build request: No attribute named 'requestId' is defined 	1782723864352
REQUEST		UC10_POST_/mop-1-0	1782723864187	1782723864447	OK	 
REQUEST	LoginWeb	decrypt	1782723864484	1782723864563	OK	 
GROUP	LoginWeb	1782723858081	1782723864565	1868	OK
ERROR	UC01_POST_/file-upload: Failed to build request: No attribute named 'requestId' is defined 	1782723864565
ERROR	UC02_POST_/send-to-bank: Failed to build request: No attribute named 'requestId' is defined 	1782723864565
REQUEST		UC09_GET_/requests-and-inform	1782723864378	1782723864633	OK	 
REQUEST		UC03_GET_/params	1782723864598	1782723864910	OK	 
ERROR	UC04_POST_/delete-file: Failed to build request: No attribute named 'pprbId' is defined 	1782723864911
REQUEST		UC09_GET_/requests-and-inform	1782723864688	1782723864949	OK	 
REQUEST		UC05_GET_/download/{fileid}	1782723864796	1782723864989	OK	 
ERROR	UC06_GET_/detail-with-attachments/{fflId}: Failed to build request: No attribute named 'fflId' is defined 	1782723864990
REQUEST		UC03_GET_/params	1782723864874	1782723865233	OK	 
ERROR	UC04_POST_/delete-file: Failed to build request: No attribute named 'pprbId' is defined 	1782723865234
REQUEST		UC05_GET_/download/{fileid}	1782723865078	1782723865268	OK	 
ERROR	UC06_GET_/detail-with-attachments/{fflId}: Failed to build request: No attribute named 'fflId' is defined 	1782723865270
REQUEST		UC07_POST_/inform-list	1782723864984	1782723865286	OK	 
REQUEST		UC03_GET_/params	1782723865187	1782723865512	OK	 
ERROR	UC04_POST_/delete-file: Failed to build request: No attribute named 'pprbId' is defined 	1782723865514
REQUEST		UC11_POST_/online-control	1782723865282	1782723865535	OK	 
REQUEST		UC10_POST_/mop-1-0	1782723865483	1782723865751	OK	 
REQUEST		UC03_GET_/params	1782723865381	1782723865755	OK	 
ERROR	UC04_POST_/delete-file: Failed to build request: No attribute named 'pprbId' is defined 	1782723865766
REQUEST		UC05_GET_/download/{fileid}	1782723865608	1782723865819	OK	 
ERROR	UC06_GET_/detail-with-attachments/{fflId}: Failed to build request: No attribute named 'fflId' is defined 	1782723865820
REQUEST		UC10_POST_/mop-1-0	1782723865702	1782723865986	OK	 
REQUEST		UC07_POST_/inform-list	1782723865798	1782723866077	OK	 
REQUEST		UC05_GET_/download/{fileid}	1782723865874	1782723866079	OK	 
ERROR	UC06_GET_/detail-with-attachments/{fflId}: Failed to build request: No attribute named 'fflId' is defined 	1782723866093
REQUEST		UC07_POST_/inform-list	1782723865983	1782723866280	OK	 
REQUEST		UC08_POST_/send-to-bank/{fflId}	1782723866078	1782723866292	OK	 
REQUEST		UC05_GET_/download/{fileid}	1782723866187	1782723866371	OK	 
ERROR	UC06_GET_/detail-with-attachments/{fflId}: Failed to build request: No attribute named 'fflId' is defined 	1782723866372
REQUEST		UC12_GET_/rehabilitation	1782723866280	1782723866550	OK	 
REQUEST		UC11_POST_/online-control	1782723866385	1782723866652	OK	 
REQUEST		UC05_GET_/download/{fileid}	1782723866483	1782723866679	OK	 
ERROR	UC06_GET_/detail-with-attachments/{fflId}: Failed to build request: No attribute named 'fflId' is defined 	1782723866680
REQUEST		UC07_POST_/inform-list	1782723866578	1782723866866	OK	 
REQUEST		UC11_POST_/online-control	1782723866688	1782723866969	OK	 
REQUEST		UC08_POST_/send-to-bank/{fflId}	1782723866809	1782723867007	OK	 
REQUEST		UC07_POST_/inform-list	1782723866872	1782723867173	OK	 
REQUEST		UC08_POST_/send-to-bank/{fflId}	1782723866999	1782723867186	OK	 
REQUEST		UC09_GET_/requests-and-inform	1782723867093	1782723867332	OK	 
REQUEST		UC07_POST_/inform-list	1782723867188	1782723867450	OK	 
REQUEST		UC13_GET_/unread-tabs	1782723867297	1782723867474	OK	 
REQUEST		UC12_GET_/rehabilitation	1782723867391	1782723867674	OK	 
REQUEST		UC08_POST_/send-to-bank/{fflId}	1782723867593	1782723867788	OK	 
REQUEST		UC07_POST_/inform-list	1782723867488	1782723867801	OK	 
REQUEST		UC09_GET_/requests-and-inform	1782723867796	1782723868040	OK	 
REQUEST		UC12_GET_/rehabilitation	1782723867703	1782723868048	OK	 
REQUEST		UC08_POST_/send-to-bank/{fflId}	1782723867878	1782723868098	OK	 
REQUEST		UC09_GET_/requests-and-inform	1782723867999	1782723868253	OK	 
REQUEST		UC10_POST_/mop-1-0	1782723868098	1782723868391	OK	 
REQUEST		UC08_POST_/send-to-bank/{fflId}	1782723868203	1782723868393	OK	 
REQUEST		UC14_POST_/detail	1782723868298	1782723868466	OK	 
REQUEST		UC13_GET_/unread-tabs	1782723868407	1782723868593	OK	 
REQUEST		UC09_GET_/requests-and-inform	1782723868501	1782723868755	OK	 
REQUEST		UC08_POST_/send-to-bank/{fflId}	1782723868608	1782723868824	OK	 
REQUEST		UC10_POST_/mop-1-0	1782723868717	1782723868998	OK	 
REQUEST		UC13_GET_/unread-tabs	1782723868795	1782723869000	OK	 
REQUEST		UC09_GET_/requests-and-inform	1782723868889	1782723869130	OK	 
REQUEST		UC10_POST_/mop-1-0	1782723869014	1782723869309	OK	 
REQUEST		UC11_POST_/online-control	1782723869125	1782723869392	OK	 
REQUEST		UC09_GET_/requests-and-inform	1782723869218	1782723869445	OK	 
REQUEST		UC15_POST_/callback	1782723869313	1782723869508	OK	 
REQUEST		UC14_POST_/detail	1782723869408	1782723869577	OK	 
REQUEST		UC10_POST_/mop-1-0	1782723869516	1782723869776	OK	 
REQUEST		UC09_GET_/requests-and-inform	1782723869610	1782723869838	OK	 
REQUEST		UC11_POST_/online-control	1782723869702	1782723869951	OK	 
REQUEST		UC14_POST_/detail	1782723869818	1782723869980	OK	 
REQUEST		UC10_POST_/mop-1-0	1782723869888	1782723870176	OK	 
REQUEST		UC11_POST_/online-control	1782723870013	1782723870277	OK	 
REQUEST		UC12_GET_/rehabilitation	1782723870102	1782723870398	OK	 
REQUEST		UC16_PUT_/callback	1782723870298	1782723870445	OK	 
REQUEST		UC10_POST_/mop-1-0	1782723870201	1782723870466	OK	 
REQUEST		UC15_POST_/callback	1782723870405	1782723870621	OK	 
REQUEST		UC11_POST_/online-control	1782723870499	1782723870773	OK	 
REQUEST		UC10_POST_/mop-1-0	1782723870608	1782723870890	OK	 
REQUEST		UC15_POST_/callback	1782723870811	1782723871034	OK	 
REQUEST		UC12_GET_/rehabilitation	1782723870717	1782723871058	OK	 
REQUEST		UC11_POST_/online-control	1782723870878	1782723871183	OK	 
REQUEST		UC13_GET_/unread-tabs	1782723871098	1782723871316	OK	 
REQUEST		UC12_GET_/rehabilitation	1782723870999	1782723871326	OK	 
REQUEST		UC17_DELETE_/callback?taskId={taskIdCB}	1782723871198	1782723871381	OK	 
REQUEST		UC11_POST_/online-control	1782723871298	1782723871537	OK	 
REQUEST		UC16_PUT_/callback	1782723871406	1782723871562	OK	 
REQUEST		UC12_GET_/rehabilitation	1782723871500	1782723871785	OK	 
REQUEST		UC16_PUT_/callback	1782723871703	1782723871872	OK	 
REQUEST		UC11_POST_/online-control	1782723871594	1782723871885	OK	 
REQUEST		UC13_GET_/unread-tabs	1782723871798	1782723871987	OK	 
REQUEST		UC14_POST_/detail	1782723872015	1782723872189	OK	 
REQUEST		UC12_GET_/rehabilitation	1782723871889	1782723872221	OK	 
REQUEST		UC13_GET_/unread-tabs	1782723872109	1782723872315	OK	 
REQUEST		UC18_GET_/compliance-helper	1782723872218	1782723872375	OK	 
REQUEST		UC12_GET_/rehabilitation	1782723872312	1782723872584	OK	 
REQUEST		UC17_DELETE_/callback?taskId={taskIdCB}	1782723872408	1782723872610	OK	 
REQUEST		UC13_GET_/unread-tabs	1782723872515	1782723872693	OK	 
REQUEST		UC17_DELETE_/callback?taskId={taskIdCB}	1782723872608	1782723872823	OK	 
REQUEST		UC14_POST_/detail	1782723872812	1782723872980	OK	 
REQUEST		UC12_GET_/rehabilitation	1782723872718	1782723873037	OK	 
REQUEST		UC15_POST_/callback	1782723872891	1782723873110	OK	 
REQUEST		UC13_GET_/unread-tabs	1782723873015	1782723873203	OK	 
REQUEST		UC14_POST_/detail	1782723873109	1782723873274	OK	 
REQUEST		UC19_GET_/activation	1782723873208	1782723873352	OK	 
REQUEST		UC13_GET_/unread-tabs	1782723873313	1782723873493	OK	 
REQUEST		UC18_GET_/compliance-helper	1782723873408	1782723873577	OK	 
REQUEST		UC14_POST_/detail	1782723873515	1782723873678	OK	 
REQUEST		UC18_GET_/compliance-helper	1782723873609	1782723873782	OK	 
REQUEST		UC15_POST_/callback	1782723873718	1782723873926	OK	 
REQUEST		UC13_GET_/unread-tabs	1782723873812	1782723874011	OK	 
REQUEST		UC16_PUT_/callback	1782723873891	1782723874052	OK	 
REQUEST		UC14_POST_/detail	1782723874015	1782723874201	OK	 
REQUEST		UC15_POST_/callback	1782723874110	1782723874303	OK	 
REQUEST		UC20_GET_/change-tariff	1782723874208	1782723874358	OK	 
REQUEST		UC14_POST_/detail	1782723874314	1782723874481	OK	 
REQUEST		UC19_GET_/activation	1782723874421	1782723874593	OK	 
REQUEST		UC15_POST_/callback	1782723874515	1782723874725	OK	 
REQUEST		UC19_GET_/activation	1782723874609	1782723874789	OK	 
REQUEST		UC16_PUT_/callback	1782723874719	1782723874872	OK	 
REQUEST		UC14_POST_/detail	1782723874798	1782723874963	OK	 
REQUEST		UC17_DELETE_/callback?taskId={taskIdCB}	1782723874890	1782723875143	OK	 
REQUEST		UC15_POST_/callback	1782723875015	1782723875214	OK	 
REQUEST		UC16_PUT_/callback	1782723875109	1782723875241	OK	 
REQUEST		UC21_GET_/user-permissions	1782723875208	1782723875365	OK	 
REQUEST		UC15_POST_/callback	1782723875313	1782723875511	OK	 
REQUEST		UC20_GET_/change-tariff	1782723875408	1782723875550	OK	 
REQUEST		UC16_PUT_/callback	1782723875514	1782723875659	OK	 
REQUEST		UC20_GET_/change-tariff	1782723875608	1782723875770	OK	 
REQUEST		UC17_DELETE_/callback?taskId={taskIdCB}	1782723875718	1782723875918	OK	 
REQUEST		UC15_POST_/callback	1782723875827	1782723876016	OK	 
REQUEST		UC18_GET_/compliance-helper	1782723875890	1782723876060	OK	 
REQUEST		UC16_PUT_/callback	1782723876015	1782723876158	OK	 
REQUEST		UC17_DELETE_/callback?taskId={taskIdCB}	1782723876109	1782723876315	OK	 
REQUEST		UC16_PUT_/callback	1782723876313	1782723876465	OK	 
REQUEST		UC22_GET_/print-form	1782723876208	1782723876544	OK	 
REQUEST		UC21_GET_/user-permissions	1782723876408	1782723876565	OK	 
REQUEST		UC17_DELETE_/callback?taskId={taskIdCB}	1782723876511	1782723876709	OK	 
REQUEST		UC21_GET_/user-permissions	1782723876608	1782723876755	OK	 
REQUEST		UC18_GET_/compliance-helper	1782723876717	1782723876878	OK	 
REQUEST		UC16_PUT_/callback	1782723876798	1782723876931	OK	 
REQUEST		UC19_GET_/activation	1782723876889	1782723877056	OK	 
REQUEST		UC17_DELETE_/callback?taskId={taskIdCB}	1782723877014	1782723877220	OK	 
REQUEST		UC18_GET_/compliance-helper	1782723877109	1782723877252	OK	 
REQUEST		UC17_DELETE_/callback?taskId={taskIdCB}	1782723877218	1782723877417	OK	 
REQUEST		UC23_GET_/rejections	1782723877313	1782723877646	OK	 
REQUEST		UC18_GET_/compliance-helper	1782723877516	1782723877671	OK	 
REQUEST		UC22_GET_/print-form	1782723877408	1782723877715	OK	 
REQUEST		UC19_GET_/activation	1782723877718	1782723877856	OK	 
REQUEST		UC22_GET_/print-form	1782723877608	1782723877967	OK	 
REQUEST		UC17_DELETE_/callback?taskId={taskIdCB}	1782723877798	1782723877999	OK	 
REQUEST		UC20_GET_/change-tariff	1782723877890	1782723878033	OK	 
REQUEST		UC18_GET_/compliance-helper	1782723878015	1782723878172	OK	 
REQUEST		UC19_GET_/activation	1782723878123	1782723878259	OK	 
REQUEST		UC18_GET_/compliance-helper	1782723878217	1782723878380	OK	 
REQUEST		UC19_GET_/activation	1782723878408	1782723878561	OK	 
REQUEST		UC24_GET_/rejection/{operationId}	1782723878312	1782723878580	OK	 
REQUEST		UC20_GET_/change-tariff	1782723878608	1782723878768	OK	 
REQUEST		UC23_GET_/rejections	1782723878515	1782723878870	OK	 
REQUEST		UC18_GET_/compliance-helper	1782723878827	1782723878993	OK	 
REQUEST		UC21_GET_/user-permissions	1782723878889	1782723879038	OK	 
REQUEST		UC23_GET_/rejections	1782723878718	1782723879116	OK	 
REQUEST		UC19_GET_/activation	1782723879014	1782723879166	OK	 
REQUEST		UC20_GET_/change-tariff	1782723879109	1782723879249	OK	 
REQUEST		UC19_GET_/activation	1782723879217	1782723879383	OK	 
REQUEST		UC20_GET_/change-tariff	1782723879312	1782723879468	OK	 
REQUEST		UC25_GET_/active-switchers	1782723879408	1782723879573	OK	 
REQUEST		UC21_GET_/user-permissions	1782723879515	1782723879658	OK	 
REQUEST		UC24_GET_/rejection/{operationId}	1782723879609	1782723879870	OK	 
REQUEST		UC19_GET_/activation	1782723879710	1782723879871	OK	 
REQUEST		UC22_GET_/print-form	1782723879809	1782723880130	OK	 
REQUEST		UC20_GET_/change-tariff	1782723880002	1782723880176	OK	 
REQUEST		UC24_GET_/rejection/{operationId}	1782723879880	1782723880184	OK	 
REQUEST		UC21_GET_/user-permissions	1782723880098	1782723880234	OK	 
REQUEST		UC20_GET_/change-tariff	1782723880202	1782723880366	OK	 
REQUEST		UC21_GET_/user-permissions	1782723880298	1782723880449	OK	 
REQUEST		UC26_GET_/system-parameters	1782723880406	1782723880564	OK	 
REQUEST		UC25_GET_/active-switchers	1782723880594	1782723880767	OK	 
REQUEST		UC20_GET_/change-tariff	1782723880688	1782723880836	OK	 
REQUEST		UC22_GET_/print-form	1782723880500	1782723880841	OK	 
REQUEST		UC21_GET_/user-permissions	1782723880890	1782723881043	OK	 
REQUEST		UC25_GET_/active-switchers	1782723881019	1782723881200	OK	 
REQUEST		UC23_GET_/rejections	1782723880798	1782723881207	OK	 
REQUEST		UC21_GET_/user-permissions	1782723881208	1782723881369	OK	 
REQUEST		UC22_GET_/print-form	1782723881109	1782723881435	OK	 
REQUEST		UC27_GET_/organization	1782723881408	1782723881574	OK	 
REQUEST		UC22_GET_/print-form	1782723881311	1782723881624	OK	 
REQUEST		UC26_GET_/system-parameters	1782723881515	1782723881663	OK	 
REQUEST		UC21_GET_/user-permissions	1782723881608	1782723881761	OK	 
REQUEST		UC26_GET_/system-parameters	1782723881890	1782723882074	OK	 
REQUEST		UC23_GET_/rejections	1782723881718	1782723882137	OK	 
REQUEST		UC22_GET_/print-form	1782723881808	1782723882146	OK	 
REQUEST		UC24_GET_/rejection/{operationId}	1782723882015	1782723882313	OK	 
REQUEST		UC22_GET_/print-form	1782723882109	1782723882422	OK	 
REQUEST		UC28_GET_/compliance-profile/mtb	1782723882313	1782723882484	OK	 
REQUEST		UC23_GET_/rejections	1782723882208	1782723882618	OK	 
REQUEST		UC27_GET_/organization	1782723882514	1782723882679	OK	 
REQUEST		UC23_GET_/rejections	1782723882408	1782723882772	OK	 
REQUEST		UC27_GET_/organization	1782723882717	1782723882902	OK	 
REQUEST		UC22_GET_/print-form	1782723882608	1782723882946	OK	 
REQUEST		UC24_GET_/rejection/{operationId}	1782723882798	1782723883092	OK	 
REQUEST		UC25_GET_/active-switchers	1782723883008	1782723883179	OK	 
REQUEST		UC23_GET_/rejections	1782723882889	1782723883296	OK	 
REQUEST		UC29_GET_/dopInfo	1782723883218	1782723883375	OK	 
REQUEST		UC23_GET_/rejections	1782723883109	1782723883452	OK	 
REQUEST		UC28_GET_/compliance-profile/mtb	1782723883411	1782723883572	OK	 
REQUEST		UC24_GET_/rejection/{operationId}	1782723883312	1782723883603	OK	 
REQUEST		UC24_GET_/rejection/{operationId}	1782723883515	1782723883768	OK	 
REQUEST		UC28_GET_/compliance-profile/mtb	1782723883598	1782723883769	OK	 
REQUEST		UC25_GET_/active-switchers	1782723883812	1782723883955	OK	 
REQUEST		UC26_GET_/system-parameters	1782723883890	1782723884042	OK	 
REQUEST		UC23_GET_/rejections	1782723883718	1782723884096	OK	 
REQUEST		UC30_GET_/counterparties	1782723884110	1782723884269	OK	 
REQUEST		UC24_GET_/rejection/{operationId}	1782723884016	1782723884293	OK	 
REQUEST		UC29_GET_/dopInfo	1782723884314	1782723884476	OK	 
REQUEST		UC24_GET_/rejection/{operationId}	1782723884208	1782723884481	OK	 
REQUEST		UC25_GET_/active-switchers	1782723884408	1782723884568	OK	 
REQUEST		UC25_GET_/active-switchers	1782723884515	1782723884667	OK	 
REQUEST		UC29_GET_/dopInfo	1782723884608	1782723884752	OK	 
REQUEST		UC26_GET_/system-parameters	1782723884702	1782723884863	OK	 
REQUEST		UC27_GET_/organization	1782723884798	1782723884959	OK	 
REQUEST		UC31_GET_/compliance-profile/contacts	1782723885015	1782723885175	OK	 
REQUEST		UC24_GET_/rejection/{operationId}	1782723884890	1782723885184	OK	 
REQUEST		UC25_GET_/active-switchers	1782723885109	1782723885288	OK	 
REQUEST		UC30_GET_/counterparties	1782723885208	1782723885365	OK	 
REQUEST		UC25_GET_/active-switchers	1782723885313	1782723885471	OK	 
REQUEST		UC26_GET_/system-parameters	1782723885408	1782723885556	OK	 
REQUEST		UC26_GET_/system-parameters	1782723885511	1782723885679	OK	 
REQUEST		UC30_GET_/counterparties	1782723885608	1782723885764	OK	 
REQUEST		UC27_GET_/organization	1782723885718	1782723885898	OK	 
REQUEST		UC28_GET_/compliance-profile/mtb	1782723885811	1782723885962	OK	 
REQUEST		UC32_GET_/compliance-profile	1782723885890	1782723886056	OK	 
REQUEST		UC25_GET_/active-switchers	1782723886015	1782723886160	OK	 
REQUEST		UC26_GET_/system-parameters	1782723886109	1782723886272	OK	 
REQUEST		UC31_GET_/compliance-profile/contacts	1782723886218	1782723886370	OK	 
REQUEST		UC26_GET_/system-parameters	1782723886313	1782723886482	OK	 
REQUEST		UC27_GET_/organization	1782723886408	1782723886556	OK	 
REQUEST		UC27_GET_/organization	1782723886516	1782723886677	OK	 
REQUEST		UC31_GET_/compliance-profile/contacts	1782723886608	1782723886750	OK	 
REQUEST		UC28_GET_/compliance-profile/mtb	1782723886702	1782723886847	OK	 
REQUEST		UC29_GET_/dopInfo	1782723886798	1782723886959	OK	 
REQUEST		UC33_GET_/detail	1782723886890	1782723887070	OK	 
REQUEST		UC26_GET_/system-parameters	1782723887015	1782723887175	OK	 
REQUEST		UC27_GET_/organization	1782723887108	1782723887275	OK	 
REQUEST		UC32_GET_/compliance-profile	1782723887217	1782723887385	OK	 
REQUEST		UC27_GET_/organization	1782723887312	1782723887458	OK	 
REQUEST		UC28_GET_/compliance-profile/mtb	1782723887408	1782723887564	OK	 
REQUEST		UC28_GET_/compliance-profile/mtb	1782723887515	1782723887658	OK	 
REQUEST		UC32_GET_/compliance-profile	1782723887609	1782723887760	OK	 
REQUEST		UC29_GET_/dopInfo	1782723887718	1782723887874	OK	 
REQUEST		UC30_GET_/counterparties	1782723887798	1782723887961	OK	 
REQUEST		UC34_DELETE_/alert	1782723887892	1782723888081	OK	 
REQUEST		UC27_GET_/organization	1782723888018	1782723888193	OK	 
REQUEST		UC28_GET_/compliance-profile/mtb	1782723888127	1782723888298	OK	 
REQUEST		UC33_GET_/detail	1782723888218	1782723888417	OK	 
REQUEST		UC28_GET_/compliance-profile/mtb	1782723888318	1782723888487	OK	 
REQUEST		UC29_GET_/dopInfo	1782723888422	1782723888578	OK	 
REQUEST		UC29_GET_/dopInfo	1782723888518	1782723888667	OK	 
REQUEST		UC33_GET_/detail	1782723888625	1782723888805	OK	 
REQUEST		UC30_GET_/counterparties	1782723888734	1782723888877	OK	 
REQUEST		UC31_GET_/compliance-profile/contacts	1782723888812	1782723888960	OK	 
REQUEST		UC35_POST_/organization	1782723888906	1782723889091	OK	 
REQUEST		UC28_GET_/compliance-profile/mtb	1782723889015	1782723889177	OK	 
REQUEST		UC29_GET_/dopInfo	1782723889110	1782723889272	OK	 
REQUEST		UC34_DELETE_/alert	1782723889208	1782723889402	OK	 
REQUEST		UC29_GET_/dopInfo	1782723889311	1782723889468	OK	 
REQUEST		UC30_GET_/counterparties	1782723889408	1782723889580	OK	 
REQUEST		UC30_GET_/counterparties	1782723889515	1782723889676	OK	 
REQUEST		UC34_DELETE_/alert	1782723889608	1782723889812	OK	 
REQUEST		UC31_GET_/compliance-profile/contacts	1782723889718	1782723889877	OK	 
REQUEST		UC32_GET_/compliance-profile	1782723889833	1782723890012	OK	 
REQUEST		UC36_POST_/mtb	1782723889870	1782723890062	OK	 
REQUEST		UC29_GET_/dopInfo	1782723889978	1782723890143	OK	 
REQUEST		UC30_GET_/counterparties	1782723890078	1782723890242	OK	 
REQUEST		UC35_POST_/organization	1782723890186	1782723890396	OK	 
REQUEST		UC30_GET_/counterparties	1782723890280	1782723890422	OK	 
REQUEST		UC31_GET_/compliance-profile/contacts	1782723890378	1782723890529	OK	 
REQUEST		UC31_GET_/compliance-profile/contacts	1782723890484	1782723890654	OK	 
REQUEST		UC35_POST_/organization	1782723890578	1782723890789	OK	 
REQUEST		UC32_GET_/compliance-profile	1782723890687	1782723890834	OK	 
REQUEST		UC33_GET_/detail	1782723890796	1782723890979	OK	 
REQUEST		UC37_POST_/dopInfo	1782723890878	1782723891070	OK	 
REQUEST		UC30_GET_/counterparties	1782723890999	1782723891155	OK	 
REQUEST		UC31_GET_/compliance-profile/contacts	1782723891098	1782723891298	OK	 
REQUEST		UC36_POST_/mtb	1782723891203	1782723891402	OK	 
REQUEST		UC31_GET_/compliance-profile/contacts	1782723891298	1782723891456	OK	 
REQUEST		UC32_GET_/compliance-profile	1782723891406	1782723891576	OK	 
REQUEST		UC32_GET_/compliance-profile	1782723891499	1782723891655	OK	 
REQUEST		UC36_POST_/mtb	1782723891598	1782723891813	OK	 
REQUEST		UC33_GET_/detail	1782723891702	1782723891891	OK	 
REQUEST		UC34_DELETE_/alert	1782723891796	1782723892022	OK	 
REQUEST		UC38_POST_/counterparties	1782723891905	1782723892111	OK	 
REQUEST		UC31_GET_/compliance-profile/contacts	1782723892014	1782723892183	OK	 
REQUEST		UC32_GET_/compliance-profile	1782723892109	1782723892290	OK	 
REQUEST		UC37_POST_/dopInfo	1782723892208	1782723892391	OK	 
REQUEST		UC32_GET_/compliance-profile	1782723892312	1782723892470	OK	 
REQUEST		UC33_GET_/detail	1782723892411	1782723892611	OK	 
REQUEST		UC33_GET_/detail	1782723892514	1782723892699	OK	 
REQUEST		UC37_POST_/dopInfo	1782723892608	1782723892822	OK	 
REQUEST		UC34_DELETE_/alert	1782723892717	1782723892911	OK	 
REQUEST		UC35_POST_/organization	1782723892828	1782723893053	OK	 
REQUEST		UC39_POST_/contacts	1782723892874	1782723893091	OK	 
REQUEST		UC32_GET_/compliance-profile	1782723892979	1782723893149	OK	 
REQUEST		UC33_GET_/detail	1782723893078	1782723893284	OK	 
REQUEST		UC38_POST_/counterparties	1782723893188	1782723893410	OK	 
REQUEST		UC33_GET_/detail	1782723893281	1782723893459	OK	 
REQUEST		UC34_DELETE_/alert	1782723893378	1782723893586	OK	 
REQUEST		UC34_DELETE_/alert	1782723893478	1782723893687	OK	 
REQUEST		UC38_POST_/counterparties	1782723893578	1782723893790	OK	 
REQUEST		UC35_POST_/organization	1782723893702	1782723893916	OK	 
REQUEST		UC36_POST_/mtb	1782723893796	1782723894021	OK	 
REQUEST		UC40_GET_/mop2/{fflId}	1782723893874	1782723894079	OK	 
REQUEST		UC33_GET_/detail	1782723893983	1782723894179	OK	 
REQUEST		UC34_DELETE_/alert	1782723894078	1782723894281	OK	 
REQUEST		UC39_POST_/contacts	1782723894187	1782723894402	OK	 
REQUEST		UC34_DELETE_/alert	1782723894281	1782723894489	OK	 
REQUEST		UC35_POST_/organization	1782723894378	1782723894588	OK	 
REQUEST		UC35_POST_/organization	1782723894485	1782723894673	OK	 
REQUEST		UC39_POST_/contacts	1782723894578	1782723894785	OK	 
REQUEST		UC36_POST_/mtb	1782723894688	1782723894890	OK	 
REQUEST		UC37_POST_/dopInfo	1782723894798	1782723895007	OK	 
REQUEST		UC41_GET_/onboarding/{fflId}	1782723894874	1782723895051	OK	 
USER	EFSFinmonWebDebug	END	1782723895056
USER	EFSFinmonWebDebug	START	1782723895056
REQUEST		UC34_DELETE_/alert	1782723894983	1782723895199	OK	 
REQUEST		UC35_POST_/organization	1782723895092	1782723895304	OK	 
REQUEST		UC40_GET_/mop2/{fflId}	1782723895186	1782723895417	OK	 
REQUEST		UC35_POST_/organization	1782723895280	1782723895475	OK	 
REQUEST		UC36_POST_/mtb	1782723895378	1782723895581	OK	 
REQUEST		UC36_POST_/mtb	1782723895484	1782723895680	OK	 
REQUEST		UC40_GET_/mop2/{fflId}	1782723895578	1782723895816	OK	 
REQUEST		UC37_POST_/dopInfo	1782723895703	1782723895904	OK	 
REQUEST		UC38_POST_/counterparties	1782723895796	1782723895993	OK	 
REQUEST	LoginWeb	first_login	1782723895874	1782723896038	OK	 
REQUEST		UC35_POST_/organization	1782723895984	1782723896202	OK	 
REQUEST		UC36_POST_/mtb	1782723896078	1782723896302	OK	 
REQUEST		UC41_GET_/onboarding/{fflId}	1782723896186	1782723896385	OK	 
USER	EFSFinmonWebDebug	END	1782723896389
USER	EFSFinmonWebDebug	START	1782723896389
REQUEST		UC36_POST_/mtb	1782723896280	1782723896497	OK	 
REQUEST		UC37_POST_/dopInfo	1782723896385	1782723896588	OK	 
REQUEST		UC37_POST_/dopInfo	1782723896479	1782723896688	OK	 
REQUEST		UC41_GET_/onboarding/{fflId}	1782723896588	1782723896771	OK	 
USER	EFSFinmonWebDebug	END	1782723896775
USER	EFSFinmonWebDebug	START	1782723896775
REQUEST		UC38_POST_/counterparties	1782723896687	1782723896895	OK	 
REQUEST		UC39_POST_/contacts	1782723896796	1782723896991	OK	 
REQUEST	LoginWeb	settingsLogin	1782723896876	1782723897039	OK	 
REQUEST		UC36_POST_/mtb	1782723896985	1782723897178	OK	 
REQUEST		UC37_POST_/dopInfo	1782723897079	1782723897280	OK	 
REQUEST	LoginWeb	first_login	1782723897178	1782723897342	OK	 
REQUEST		UC37_POST_/dopInfo	1782723897280	1782723897490	OK	 
REQUEST		UC38_POST_/counterparties	1782723897378	1782723897574	OK	 
REQUEST		UC38_POST_/counterparties	1782723897484	1782723897701	OK	 
REQUEST	LoginWeb	first_login	1782723897578	1782723897750	OK	 
REQUEST		UC39_POST_/contacts	1782723897688	1782723897891	OK	 
REQUEST		UC40_GET_/mop2/{fflId}	1782723897798	1782723898034	OK	 
REQUEST	LoginWeb	newsLogin	1782723897874	1782723898072	OK	 
REQUEST		UC37_POST_/dopInfo	1782723897983	1782723898175	OK	 
REQUEST		UC38_POST_/counterparties	1782723898078	1782723898289	OK	 
REQUEST		UC38_POST_/counterparties	1782723898281	1782723898479	OK	 
REQUEST		UC39_POST_/contacts	1782723898378	1782723898577	OK	 
REQUEST		UC39_POST_/contacts	1782723898485	1782723898674	OK	 
REQUEST	LoginWeb	settingsLogin	1782723898578	1782723898754	OK	 
REQUEST		UC40_GET_/mop2/{fflId}	1782723898703	1782723898943	OK	 
REQUEST		UC41_GET_/onboarding/{fflId}	1782723898798	1782723898999	OK	 
USER	EFSFinmonWebDebug	END	1782723899002
USER	EFSFinmonWebDebug	START	1782723899003
REQUEST	LoginWeb	preLogin	1782723898875	1782723899127	OK	 
REQUEST		UC38_POST_/counterparties	1782723898984	1782723899192	OK	 
REQUEST	LoginWeb	settingsLogin	1782723898187	1782723899196	OK	 
REQUEST		UC39_POST_/contacts	1782723899079	1782723899303	OK	 
REQUEST		UC39_POST_/contacts	1782723899188	1782723899395	OK	 
REQUEST		UC40_GET_/mop2/{fflId}	1782723899282	1782723899523	OK	 
REQUEST		UC40_GET_/mop2/{fflId}	1782723899378	1782723899618	OK	 
REQUEST	LoginWeb	newsLogin	1782723899483	1782723899696	OK	 
REQUEST		UC41_GET_/onboarding/{fflId}	1782723899608	1782723899799	OK	 
USER	EFSFinmonWebDebug	END	1782723899805
USER	EFSFinmonWebDebug	START	1782723899805
REQUEST	LoginWeb	first_login	1782723899702	1782723899851	OK	 
REQUEST	LoginWeb	login	1782723899798	1782723900055	OK	 
REQUEST		UC39_POST_/contacts	1782723899872	1782723900066	OK	 
REQUEST	LoginWeb	newsLogin	1782723899985	1782723900182	OK	 
REQUEST		UC40_GET_/mop2/{fflId}	1782723900081	1782723900322	OK	 
REQUEST		UC40_GET_/mop2/{fflId}	1782723900186	1782723900408	OK	 
REQUEST		UC41_GET_/onboarding/{fflId}	1782723900280	1782723900452	OK	 
USER	EFSFinmonWebDebug	END	1782723900456
USER	EFSFinmonWebDebug	START	1782723900456
REQUEST		UC41_GET_/onboarding/{fflId}	1782723900389	1782723900568	OK	 
USER	EFSFinmonWebDebug	END	1782723900572
USER	EFSFinmonWebDebug	START	1782723900572
REQUEST	LoginWeb	preLogin	1782723900483	1782723900701	OK	 
REQUEST	LoginWeb	first_login	1782723900578	1782723900709	OK	 
REQUEST	LoginWeb	settingsLogin	1782723900686	1782723900855	OK	 
REQUEST		UC40_GET_/mop2/{fflId}	1782723900878	1782723901122	OK	 
REQUEST	LoginWeb	preLogin	1782723900988	1782723901213	OK	 
REQUEST		UC41_GET_/onboarding/{fflId}	1782723901093	1782723901277	OK	 
USER	EFSFinmonWebDebug	END	1782723901281
USER	EFSFinmonWebDebug	START	1782723901281
REQUEST		UC41_GET_/onboarding/{fflId}	1782723901188	1782723901367	OK	 
USER	EFSFinmonWebDebug	END	1782723901371
USER	EFSFinmonWebDebug	START	1782723901371
REQUEST	LoginWeb	first_login	1782723901297	1782723901454	OK	 
REQUEST	LoginWeb	first_login	1782723901391	1782723901561	OK	 
REQUEST	LoginWeb	create	1782723900795	1782723901597	OK	 
REQUEST	LoginWeb	login	1782723901488	1782723901752	OK	 
REQUEST	LoginWeb	settingsLogin	1782723901593	1782723901804	OK	 
REQUEST	LoginWeb	newsLogin	1782723901688	1782723901890	OK	 
REQUEST		UC41_GET_/onboarding/{fflId}	1782723901798	1782723901998	OK	 
USER	EFSFinmonWebDebug	END	1782723902004
USER	EFSFinmonWebDebug	START	1782723902004
REQUEST	LoginWeb	login	1782723901878	1782723902151	OK	 
REQUEST	LoginWeb	first_login	1782723901998	1782723902176	OK	 
REQUEST	LoginWeb	first_login	1782723902108	1782723902289	OK	 
REQUEST	LoginWeb	settingsLogin	1782723902202	1782723902395	OK	 
REQUEST	LoginWeb	settingsLogin	1782723902298	1782723902477	OK	 
REQUEST	LoginWeb	decrypt	1782723902406	1782723902488	OK	 
GROUP	LoginWeb	1782723895056	1782723902490	1918	OK
ERROR	UC01_POST_/file-upload: Failed to build request: No attribute named 'requestId' is defined 	1782723902490
ERROR	UC02_POST_/send-to-bank: Failed to build request: No attribute named 'requestId' is defined 	1782723902490
REQUEST	LoginWeb	newsLogin	1782723902598	1782723902786	OK	 
REQUEST	LoginWeb	preLogin	1782723902702	1782723902932	OK	 
REQUEST	LoginWeb	first_login	1782723902798	1782723902984	OK	 
REQUEST	LoginWeb	settingsLogin	1782723903008	1782723903189	OK	 
REQUEST	LoginWeb	create	1782723902499	1782723903274	OK	 
REQUEST	LoginWeb	settingsLogin	1782723903109	1782723903297	OK	 
REQUEST	LoginWeb	newsLogin	1782723903208	1782723903410	OK	 
REQUEST	LoginWeb	newsLogin	1782723903313	1782723903516	OK	 
REQUEST	LoginWeb	create	1782723902890	1782723903663	OK	 
REQUEST	LoginWeb	preLogin	1782723903516	1782723903722	OK	 
REQUEST		UC03_GET_/params	1782723903408	1782723903803	OK	 
ERROR	UC04_POST_/delete-file: Failed to build request: No attribute named 'pprbId' is defined 	1782723903804
REQUEST	LoginWeb	login	1782723903598	1782723903840	OK	 
REQUEST	LoginWeb	settingsLogin	1782723903702	1782723903894	OK	 
REQUEST	LoginWeb	decrypt	1782723903890	1782723903964	OK	 
GROUP	LoginWeb	1782723896775	1782723903966	1892	OK
ERROR	UC01_POST_/file-upload: Failed to build request: No attribute named 'requestId' is defined 	1782723903966
ERROR	UC02_POST_/send-to-bank: Failed to build request: No attribute named 'requestId' is defined 	1782723903966
REQUEST	LoginWeb	newsLogin	1782723903812	1782723904012	OK	 
REQUEST	LoginWeb	newsLogin	1782723904015	1782723904201	OK	 
REQUEST	LoginWeb	preLogin	1782723904108	1782723904338	OK	 
REQUEST	LoginWeb	decrypt	1782723904312	1782723904394	OK	 
GROUP	LoginWeb	1782723896389	1782723904395	2723	OK
ERROR	UC01_POST_/file-upload: Failed to build request: No attribute named 'requestId' is defined 	1782723904395
ERROR	UC02_POST_/send-to-bank: Failed to build request: No attribute named 'requestId' is defined 	1782723904395
REQUEST	LoginWeb	preLogin	1782723904218	1782723904423	OK	 
REQUEST	LoginWeb	login	1782723904408	1782723904646	OK	 
REQUEST		UC05_GET_/download/{fileid}	1782723904515	1782723904707	OK	 
ERROR	UC06_GET_/detail-with-attachments/{fflId}: Failed to build request: No attribute named 'fflId' is defined 	1782723904709
REQUEST	LoginWeb	newsLogin	1782723904718	1782723904947	OK	 
REQUEST	LoginWeb	preLogin	1782723904890	1782723905125	OK	 
REQUEST		UC03_GET_/params	1782723904812	1782723905193	OK	 
ERROR	UC04_POST_/delete-file: Failed to build request: No attribute named 'pprbId' is defined 	1782723905195
REQUEST	LoginWeb	preLogin	1782723905015	1782723905237	OK	 
REQUEST	LoginWeb	login	1782723905109	1782723905362	OK	 
REQUEST	LoginWeb	create	1782723904608	1782723905375	OK	 
REQUEST	LoginWeb	login	1782723905312	1782723905560	OK	 
REQUEST		UC03_GET_/params	1782723905218	1782723905574	OK	 
ERROR	UC04_POST_/delete-file: Failed to build request: No attribute named 'pprbId' is defined 	1782723905576
REQUEST		UC07_POST_/inform-list	1782723905515	1782723905822	OK	 
REQUEST	LoginWeb	preLogin	1782723905609	1782723905846	OK	 
REQUEST	LoginWeb	login	1782723905717	1782723905992	OK	 
REQUEST		UC05_GET_/download/{fileid}	1782723905811	1782723906018	OK	 
ERROR	UC06_GET_/detail-with-attachments/{fflId}: Failed to build request: No attribute named 'fflId' is defined 	1782723906019
REQUEST	LoginWeb	login	1782723905889	1782723906138	OK	 
REQUEST	LoginWeb	decrypt	1782723906109	1782723906190	OK	 
GROUP	LoginWeb	1782723899003	1782723906192	1840	OK
ERROR	UC01_POST_/file-upload: Failed to build request: No attribute named 'requestId' is defined 	1782723906192
ERROR	UC02_POST_/send-to-bank: Failed to build request: No attribute named 'requestId' is defined 	1782723906192
REQUEST	LoginWeb	create	1782723905408	1782723906236	OK	 
REQUEST		UC05_GET_/download/{fileid}	1782723906313	1782723906502	OK	 
ERROR	UC06_GET_/detail-with-attachments/{fflId}: Failed to build request: No attribute named 'fflId' is defined 	1782723906504
REQUEST		UC08_POST_/send-to-bank/{fflId}	1782723906408	1782723906627	OK	 
REQUEST	LoginWeb	login	1782723906516	1782723906784	OK	 
REQUEST	LoginWeb	create	1782723906014	1782723906866	OK	 
REQUEST	LoginWeb	create	1782723906218	1782723906983	OK	 
REQUEST		UC07_POST_/inform-list	1782723906708	1782723907032	OK	 
REQUEST	LoginWeb	decrypt	1782723907016	1782723907096	OK	 
GROUP	LoginWeb	1782723899805	1782723907097	1882	OK
ERROR	UC01_POST_/file-upload: Failed to build request: No attribute named 'requestId' is defined 	1782723907097
ERROR	UC02_POST_/send-to-bank: Failed to build request: No attribute named 'requestId' is defined 	1782723907097
REQUEST		UC03_GET_/params	1782723906891	1782723907245	OK	 
ERROR	UC04_POST_/delete-file: Failed to build request: No attribute named 'pprbId' is defined 	1782723907247
REQUEST	LoginWeb	create	1782723906609	1782723907346	OK	 
REQUEST		UC07_POST_/inform-list	1782723907110	1782723907393	OK	 
REQUEST		UC09_GET_/requests-and-inform	1782723907208	1782723907462	OK	 
REQUEST	LoginWeb	decrypt	1782723907408	1782723907489	OK	 
GROUP	LoginWeb	1782723900456	1782723907493	1968	OK
ERROR	UC01_POST_/file-upload: Failed to build request: No attribute named 'requestId' is defined 	1782723907493
ERROR	UC02_POST_/send-to-bank: Failed to build request: No attribute named 'requestId' is defined 	1782723907493
REQUEST	LoginWeb	decrypt	1782723907499	1782723907575	OK	 
GROUP	LoginWeb	1782723900572	1782723907577	1846	OK
ERROR	UC01_POST_/file-upload: Failed to build request: No attribute named 'requestId' is defined 	1782723907577
ERROR	UC02_POST_/send-to-bank: Failed to build request: No attribute named 'requestId' is defined 	1782723907577
REQUEST	LoginWeb	create	1782723906798	1782723907637	OK	 
REQUEST		UC08_POST_/send-to-bank/{fflId}	1782723907624	1782723907821	OK	 
REQUEST	LoginWeb	decrypt	1782723907890	1782723907966	OK	 
GROUP	LoginWeb	1782723901281	1782723907967	1882	OK
ERROR	UC01_POST_/file-upload: Failed to build request: No attribute named 'requestId' is defined 	1782723907967
ERROR	UC02_POST_/send-to-bank: Failed to build request: No attribute named 'requestId' is defined 	1782723907967
REQUEST		UC05_GET_/download/{fileid}	1782723907812	1782723908004	OK	 
ERROR	UC06_GET_/detail-with-attachments/{fflId}: Failed to build request: No attribute named 'fflId' is defined 	1782723908005
REQUEST		UC03_GET_/params	1782723907702	1782723908095	OK	 
ERROR	UC04_POST_/delete-file: Failed to build request: No attribute named 'pprbId' is defined 	1782723908096
REQUEST	LoginWeb	create	1782723907312	1782723908136	OK	 
REQUEST		UC08_POST_/send-to-bank/{fflId}	1782723908015	1782723908201	OK	 
REQUEST		UC10_POST_/mop-1-0	1782723908109	1782723908385	OK	 
REQUEST	LoginWeb	decrypt	1782723908408	1782723908482	OK	 
GROUP	LoginWeb	1782723901371	1782723908483	1939	OK
ERROR	UC01_POST_/file-upload: Failed to build request: No attribute named 'requestId' is defined 	1782723908484
ERROR	UC02_POST_/send-to-bank: Failed to build request: No attribute named 'requestId' is defined 	1782723908484
REQUEST		UC03_GET_/params	1782723908208	1782723908602	OK	 
ERROR	UC04_POST_/delete-file: Failed to build request: No attribute named 'pprbId' is defined 	1782723908603
REQUEST		UC03_GET_/params	1782723908308	1782723908674	OK	 
ERROR	UC04_POST_/delete-file: Failed to build request: No attribute named 'pprbId' is defined 	1782723908676
REQUEST		UC09_GET_/requests-and-inform	1782723908515	1782723908779	OK	 
REQUEST	LoginWeb	decrypt	1782723908889	1782723908973	OK	 
GROUP	LoginWeb	1782723902005	1782723908974	2020	OK
ERROR	UC01_POST_/file-upload: Failed to build request: No attribute named 'requestId' is defined 	1782723908974
ERROR	UC02_POST_/send-to-bank: Failed to build request: No attribute named 'requestId' is defined 	1782723908974
REQUEST		UC05_GET_/download/{fileid}	1782723908798	1782723908987	OK	 
ERROR	UC06_GET_/detail-with-attachments/{fflId}: Failed to build request: No attribute named 'fflId' is defined 	1782723908989
REQUEST		UC07_POST_/inform-list	1782723908718	1782723908996	OK	 
REQUEST		UC03_GET_/params	1782723908609	1782723909005	OK	 
ERROR	UC04_POST_/delete-file: Failed to build request: No attribute named 'pprbId' is defined 	1782723909014
REQUEST		UC09_GET_/requests-and-inform	1782723909014	1782723909260	OK	 
REQUEST		UC11_POST_/online-control	1782723909111	1782723909381	OK	 
REQUEST		UC05_GET_/download/{fileid}	1782723909312	1782723909505	OK	 
ERROR	UC06_GET_/detail-with-attachments/{fflId}: Failed to build request: No attribute named 'fflId' is defined 	1782723909507
REQUEST		UC03_GET_/params	1782723909218	1782723909569	OK	 
ERROR	UC04_POST_/delete-file: Failed to build request: No attribute named 'pprbId' is defined 	1782723909571
REQUEST		UC05_GET_/download/{fileid}	1782723909408	1782723909616	OK	 
ERROR	UC06_GET_/detail-with-attachments/{fflId}: Failed to build request: No attribute named 'fflId' is defined 	1782723909618
REQUEST		UC10_POST_/mop-1-0	1782723909514	1782723909791	OK	 
REQUEST		UC03_GET_/params	1782723909608	1782723909992	OK	 
ERROR	UC04_POST_/delete-file: Failed to build request: No attribute named 'pprbId' is defined 	1782723909993
REQUEST		UC08_POST_/send-to-bank/{fflId}	1782723909799	1782723909997	OK	 
REQUEST		UC07_POST_/inform-list	1782723909718	1782723910048	OK	 
REQUEST		UC05_GET_/download/{fileid}	1782723909897	1782723910100	OK	 
ERROR	UC06_GET_/detail-with-attachments/{fflId}: Failed to build request: No attribute named 'fflId' is defined 	1782723910101
REQUEST		UC10_POST_/mop-1-0	1782723909998	1782723910293	OK	 
REQUEST		UC12_GET_/rehabilitation	1782723910108	1782723910432	OK	 
REQUEST		UC05_GET_/download/{fileid}	1782723910298	1782723910501	OK	 
ERROR	UC06_GET_/detail-with-attachments/{fflId}: Failed to build request: No attribute named 'fflId' is defined 	1782723910502
REQUEST		UC07_POST_/inform-list	1782723910202	1782723910513	OK	 
REQUEST		UC07_POST_/inform-list	1782723910406	1782723910694	OK	 
REQUEST		UC11_POST_/online-control	1782723910499	1782723910779	OK	 
REQUEST		UC05_GET_/download/{fileid}	1782723910624	1782723910828	OK	 
ERROR	UC06_GET_/detail-with-attachments/{fflId}: Failed to build request: No attribute named 'fflId' is defined 	1782723910830
REQUEST		UC09_GET_/requests-and-inform	1782723910718	1782723910962	OK	 
REQUEST		UC08_POST_/send-to-bank/{fflId}	1782723910827	1782723911052	OK	 
REQUEST		UC07_POST_/inform-list	1782723910874	1782723911199	OK	 
REQUEST		UC11_POST_/online-control	1782723910984	1782723911237	OK	 
REQUEST		UC13_GET_/unread-tabs	1782723911078	1782723911293	OK	 
REQUEST		UC08_POST_/send-to-bank/{fflId}	1782723911281	1782723911489	OK	 
REQUEST		UC07_POST_/inform-list	1782723911188	1782723911489	OK	 
REQUEST		UC08_POST_/send-to-bank/{fflId}	1782723911378	1782723911586	OK	 
REQUEST		UC12_GET_/rehabilitation	1782723911480	1782723911817	OK	 
REQUEST		UC07_POST_/inform-list	1782723911578	1782723911883	OK	 
REQUEST		UC10_POST_/mop-1-0	1782723911686	1782723911970	OK	 
REQUEST		UC09_GET_/requests-and-inform	1782723911798	1782723912051	OK	 
REQUEST		UC08_POST_/send-to-bank/{fflId}	1782723911874	1782723912087	OK	 
REQUEST		UC14_POST_/detail	1782723912078	1782723912261	OK	 
REQUEST		UC12_GET_/rehabilitation	1782723911983	1782723912303	OK	 
REQUEST		UC09_GET_/requests-and-inform	1782723912188	1782723912436	OK	 
REQUEST		UC08_POST_/send-to-bank/{fflId}	1782723912281	1782723912469	OK	 
REQUEST		UC09_GET_/requests-and-inform	1782723912378	1782723912634	OK	 
REQUEST		UC13_GET_/unread-tabs	1782723912485	1782723912682	OK	 
REQUEST		UC08_POST_/send-to-bank/{fflId}	1782723912593	1782723912814	OK	 
REQUEST		UC11_POST_/online-control	1782723912690	1782723912952	OK	 
REQUEST		UC10_POST_/mop-1-0	1782723912798	1782723913068	OK	 
REQUEST		UC09_GET_/requests-and-inform	1782723912874	1782723913126	OK	 
REQUEST		UC15_POST_/callback	1782723912983	1782723913178	OK	 
REQUEST		UC13_GET_/unread-tabs	1782723913093	1782723913295	OK	 
REQUEST		UC10_POST_/mop-1-0	1782723913187	1782723913478	OK	 
REQUEST		UC09_GET_/requests-and-inform	1782723913281	1782723913534	OK	 
REQUEST		UC10_POST_/mop-1-0	1782723913378	1782723913646	OK	 
REQUEST		UC14_POST_/detail	1782723913485	1782723913652	OK	 
REQUEST		UC09_GET_/requests-and-inform	1782723913578	1782723913835	OK	 
REQUEST		UC12_GET_/rehabilitation	1782723913686	1782723913975	OK	 
REQUEST		UC11_POST_/online-control	1782723913798	1782723914062	OK	 
REQUEST		UC16_PUT_/callback	1782723913983	1782723914138	OK	 
REQUEST		UC10_POST_/mop-1-0	1782723913874	1782723914162	OK	 
REQUEST		UC14_POST_/detail	1782723914078	1782723914256	OK	 
REQUEST		UC11_POST_/online-control	1782723914186	1782723914457	OK	 
REQUEST		UC10_POST_/mop-1-0	1782723914280	1782723914559	OK	 
REQUEST		UC11_POST_/online-control	1782723914378	1782723914627	OK	 
REQUEST		UC15_POST_/callback	1782723914484	1782723914682	OK	 
REQUEST		UC10_POST_/mop-1-0	1782723914578	1782723914859	OK	 
REQUEST		UC13_GET_/unread-tabs	1782723914703	1782723914891	OK	 
REQUEST		UC17_DELETE_/callback?taskId={taskIdCB}	1782723914875	1782723915060	OK	 
REQUEST		UC12_GET_/rehabilitation	1782723914781	1782723915123	OK	 
REQUEST		UC11_POST_/online-control	1782723914984	1782723915250	OK	 
REQUEST		UC15_POST_/callback	1782723915078	1782723915268	OK	 
REQUEST		UC12_GET_/rehabilitation	1782723915188	1782723915489	OK	 
REQUEST		UC11_POST_/online-control	1782723915280	1782723915536	OK	 
REQUEST		UC16_PUT_/callback	1782723915484	1782723915636	OK	 
REQUEST		UC12_GET_/rehabilitation	1782723915378	1782723915670	OK	 
REQUEST		UC11_POST_/online-control	1782723915578	1782723915838	OK	 
REQUEST		UC14_POST_/detail	1782723915703	1782723915859	OK	 
REQUEST		UC18_GET_/compliance-helper	1782723915796	1782723915961	OK	 
REQUEST		UC13_GET_/unread-tabs	1782723915874	1782723916077	OK	 
REQUEST		UC16_PUT_/callback	1782723916078	1782723916221	OK	 
REQUEST		UC12_GET_/rehabilitation	1782723915983	1782723916300	OK	 
REQUEST		UC13_GET_/unread-tabs	1782723916187	1782723916372	OK	 
REQUEST		UC17_DELETE_/callback?taskId={taskIdCB}	1782723916378	1782723916557	OK	 
REQUEST		UC12_GET_/rehabilitation	1782723916296	1782723916584	OK	 
REQUEST		UC13_GET_/unread-tabs	1782723916483	1782723916656	OK	 
REQUEST		UC12_GET_/rehabilitation	1782723916578	1782723916882	OK	 
REQUEST		UC15_POST_/callback	1782723916687	1782723916894	OK	 
REQUEST		UC19_GET_/activation	1782723916791	1782723916943	OK	 
REQUEST		UC14_POST_/detail	1782723916874	1782723917038	OK	 
REQUEST		UC17_DELETE_/callback?taskId={taskIdCB}	1782723916983	1782723917171	OK	 
REQUEST		UC13_GET_/unread-tabs	1782723917078	1782723917265	OK	 
REQUEST		UC14_POST_/detail	1782723917187	1782723917338	OK	 
REQUEST		UC18_GET_/compliance-helper	1782723917280	1782723917431	OK	 
REQUEST		UC13_GET_/unread-tabs	1782723917378	1782723917577	OK	 
REQUEST		UC14_POST_/detail	1782723917484	1782723917644	OK	 
REQUEST		UC13_GET_/unread-tabs	1782723917598	1782723917777	OK	 
REQUEST		UC16_PUT_/callback	1782723917688	1782723917839	OK	 
REQUEST		UC20_GET_/change-tariff	1782723917796	1782723917949	OK	 
REQUEST		UC15_POST_/callback	1782723917873	1782723918064	OK	 
REQUEST		UC18_GET_/compliance-helper	1782723917983	1782723918164	OK	 
REQUEST		UC14_POST_/detail	1782723918078	1782723918229	OK	 
REQUEST		UC15_POST_/callback	1782723918187	1782723918369	OK	 
REQUEST		UC19_GET_/activation	1782723918280	1782723918438	OK	 
REQUEST		UC14_POST_/detail	1782723918380	1782723918546	OK	 
REQUEST		UC15_POST_/callback	1782723918484	1782723918671	OK	 
REQUEST		UC14_POST_/detail	1782723918593	1782723918751	OK	 
REQUEST		UC17_DELETE_/callback?taskId={taskIdCB}	1782723918687	1782723918876	OK	 
REQUEST		UC21_GET_/user-permissions	1782723918796	1782723918943	OK	 
REQUEST		UC16_PUT_/callback	1782723918878	1782723919023	OK	 
REQUEST		UC19_GET_/activation	1782723918999	1782723919157	OK	 
REQUEST		UC15_POST_/callback	1782723919098	1782723919291	OK	 
REQUEST		UC16_PUT_/callback	1782723919203	1782723919359	OK	 
REQUEST		UC20_GET_/change-tariff	1782723919298	1782723919438	OK	 
REQUEST		UC15_POST_/callback	1782723919407	1782723919615	OK	 
REQUEST		UC16_PUT_/callback	1782723919498	1782723919640	OK	 
REQUEST		UC15_POST_/callback	1782723919608	1782723919815	OK	 
REQUEST		UC18_GET_/compliance-helper	1782723919702	1782723919864	OK	 
REQUEST		UC17_DELETE_/callback?taskId={taskIdCB}	1782723919899	1782723920082	OK	 
REQUEST		UC22_GET_/print-form	1782723919800	1782723920137	OK	 
REQUEST		UC20_GET_/change-tariff	1782723920018	1782723920179	OK	 
REQUEST		UC16_PUT_/callback	1782723920124	1782723920272	OK	 
REQUEST		UC17_DELETE_/callback?taskId={taskIdCB}	1782723920219	1782723920412	OK	 
REQUEST		UC21_GET_/user-permissions	1782723920318	1782723920477	OK	 
REQUEST		UC16_PUT_/callback	1782723920423	1782723920581	OK	 
REQUEST		UC17_DELETE_/callback?taskId={taskIdCB}	1782723920531	1782723920734	OK	 
REQUEST		UC16_PUT_/callback	1782723920625	1782723920799	OK	 
REQUEST		UC19_GET_/activation	1782723920718	1782723920873	OK	 
REQUEST		UC18_GET_/compliance-helper	1782723920828	1782723920987	OK	 
REQUEST		UC21_GET_/user-permissions	1782723921015	1782723921167	OK	 
REQUEST		UC23_GET_/rejections	1782723920890	1782723921286	OK	 
REQUEST		UC17_DELETE_/callback?taskId={taskIdCB}	1782723921109	1782723921313	OK	 
REQUEST		UC18_GET_/compliance-helper	1782723921218	1782723921389	OK	 
REQUEST		UC17_DELETE_/callback?taskId={taskIdCB}	1782723921408	1782723921609	OK	 
REQUEST		UC22_GET_/print-form	1782723921313	1782723921667	OK	 
REQUEST		UC18_GET_/compliance-helper	1782723921516	1782723921691	OK	 
REQUEST		UC17_DELETE_/callback?taskId={taskIdCB}	1782723921609	1782723921828	OK	 
REQUEST		UC20_GET_/change-tariff	1782723921718	1782723921871	OK	 
REQUEST		UC19_GET_/activation	1782723921827	1782723921966	OK	 
REQUEST		UC22_GET_/print-form	1782723921890	1782723922239	OK	 
REQUEST		UC18_GET_/compliance-helper	1782723922109	1782723922287	OK	 
REQUEST		UC24_GET_/rejection/{operationId}	1782723922015	1782723922297	OK	 
REQUEST		UC19_GET_/activation	1782723922208	1782723922362	OK	 
REQUEST		UC18_GET_/compliance-helper	1782723922313	1782723922472	OK	 
REQUEST		UC19_GET_/activation	1782723922516	1782723922672	OK	 
REQUEST		UC18_GET_/compliance-helper	1782723922610	1782723922793	OK	 
REQUEST		UC23_GET_/rejections	1782723922407	1782723922822	OK	 
REQUEST		UC21_GET_/user-permissions	1782723922718	1782723922851	OK	 
REQUEST		UC20_GET_/change-tariff	1782723922811	1782723922978	OK	 
REQUEST		UC19_GET_/activation	1782723923022	1782723923184	OK	 
REQUEST		UC23_GET_/rejections	1782723922898	1782723923251	OK	 
REQUEST		UC25_GET_/active-switchers	1782723923124	1782723923306	OK	 
REQUEST		UC20_GET_/change-tariff	1782723923218	1782723923376	OK	 
REQUEST		UC19_GET_/activation	1782723923327	1782723923486	OK	 
REQUEST		UC20_GET_/change-tariff	1782723923421	1782723923577	OK	 
REQUEST		UC19_GET_/activation	1782723923518	1782723923680	OK	 
REQUEST		UC24_GET_/rejection/{operationId}	1782723923624	1782723923929	OK	 
REQUEST		UC21_GET_/user-permissions	1782723923826	1782723923966	OK	 
REQUEST		UC22_GET_/print-form	1782723923718	1782723924060	OK	 
REQUEST		UC20_GET_/change-tariff	1782723923889	1782723924069	OK	 
REQUEST		UC26_GET_/system-parameters	1782723924109	1782723924272	OK	 
REQUEST		UC24_GET_/rejection/{operationId}	1782723924014	1782723924301	OK	 
REQUEST		UC21_GET_/user-permissions	1782723924208	1782723924356	OK	 
REQUEST		UC20_GET_/change-tariff	1782723924311	1782723924452	OK	 
REQUEST		UC21_GET_/user-permissions	1782723924408	1782723924558	OK	 
REQUEST		UC20_GET_/change-tariff	1782723924515	1782723924671	OK	 
REQUEST		UC25_GET_/active-switchers	1782723924609	1782723924780	OK	 
REQUEST		UC21_GET_/user-permissions	1782723924890	1782723925060	OK	 
REQUEST		UC22_GET_/print-form	1782723924718	1782723925058	OK	 
REQUEST		UC23_GET_/rejections	1782723924811	1782723925155	OK	 
REQUEST		UC27_GET_/organization	1782723925015	1782723925186	OK	 
REQUEST		UC25_GET_/active-switchers	1782723925109	1782723925274	OK	 
REQUEST		UC21_GET_/user-permissions	1782723925312	1782723925462	OK	 
REQUEST		UC22_GET_/print-form	1782723925208	1782723925519	OK	 
REQUEST		UC21_GET_/user-permissions	1782723925515	1782723925684	OK	 
REQUEST		UC22_GET_/print-form	1782723925408	1782723925743	OK	 
REQUEST		UC26_GET_/system-parameters	1782723925609	1782723925777	OK	 
REQUEST		UC22_GET_/print-form	1782723925719	1782723926054	OK	 
REQUEST		UC24_GET_/rejection/{operationId}	1782723925889	1782723926166	OK	 
REQUEST		UC28_GET_/compliance-profile/mtb	1782723926014	1782723926192	OK	 
REQUEST		UC23_GET_/rejections	1782723925827	1782723926251	OK	 
REQUEST		UC26_GET_/system-parameters	1782723926108	1782723926295	OK	 
REQUEST		UC22_GET_/print-form	1782723926218	1782723926547	OK	 
REQUEST		UC23_GET_/rejections	1782723926312	1782723926707	OK	 
REQUEST		UC22_GET_/print-form	1782723926409	1782723926726	OK	 
REQUEST		UC27_GET_/organization	1782723926612	1782723926775	OK	 
REQUEST		UC23_GET_/rejections	1782723926518	1782723926887	OK	 
REQUEST		UC25_GET_/active-switchers	1782723926800	1782723926964	OK	 
REQUEST		UC29_GET_/dopInfo	1782723926891	1782723927066	OK	 
REQUEST		UC23_GET_/rejections	1782723926706	1782723927112	OK	 
REQUEST		UC27_GET_/organization	1782723927109	1782723927264	OK	 
REQUEST		UC24_GET_/rejection/{operationId}	1782723927015	1782723927320	OK	 
REQUEST		UC23_GET_/rejections	1782723927208	1782723927566	OK	 
REQUEST		UC24_GET_/rejection/{operationId}	1782723927313	1782723927627	OK	 
REQUEST		UC28_GET_/compliance-profile/mtb	1782723927500	1782723927666	OK	 
REQUEST		UC23_GET_/rejections	1782723927425	1782723927848	OK	 
REQUEST		UC24_GET_/rejection/{operationId}	1782723927609	1782723927883	OK	 
REQUEST		UC26_GET_/system-parameters	1782723927703	1782723927886	OK	 
REQUEST		UC30_GET_/counterparties	1782723927813	1782723927978	OK	 
REQUEST		UC28_GET_/compliance-profile/mtb	1782723928015	1782723928173	OK	 
REQUEST		UC24_GET_/rejection/{operationId}	1782723927891	1782723928186	OK	 
REQUEST		UC25_GET_/active-switchers	1782723928109	1782723928265	OK	 
REQUEST		UC24_GET_/rejection/{operationId}	1782723928208	1782723928471	OK	 
REQUEST		UC25_GET_/active-switchers	1782723928313	1782723928479	OK	 
REQUEST		UC29_GET_/dopInfo	1782723928408	1782723928570	OK	 
REQUEST		UC24_GET_/rejection/{operationId}	1782723928514	1782723928763	OK	 
REQUEST		UC25_GET_/active-switchers	1782723928608	1782723928767	OK	 
REQUEST		UC27_GET_/organization	1782723928702	1782723928874	OK	 
REQUEST		UC31_GET_/compliance-profile/contacts	1782723928808	1782723928971	OK	 
REQUEST		UC29_GET_/dopInfo	1782723928897	1782723929070	OK	 
REQUEST		UC25_GET_/active-switchers	1782723928999	1782723929165	OK	 
REQUEST		UC26_GET_/system-parameters	1782723929098	1782723929279	OK	 
REQUEST		UC25_GET_/active-switchers	1782723929203	1782723929367	OK	 
REQUEST		UC26_GET_/system-parameters	1782723929298	1782723929465	OK	 
REQUEST		UC30_GET_/counterparties	1782723929407	1782723929585	OK	 
REQUEST		UC25_GET_/active-switchers	1782723929500	1782723929658	OK	 
REQUEST		UC26_GET_/system-parameters	1782723929608	1782723929771	OK	 
REQUEST		UC28_GET_/compliance-profile/mtb	1782723929702	1782723929861	OK	 
REQUEST		UC32_GET_/compliance-profile	1782723929831	1782723929993	OK	 
REQUEST		UC30_GET_/counterparties	1782723929884	1782723930044	OK	 
REQUEST		UC26_GET_/system-parameters	1782723929989	1782723930162	OK	 
REQUEST		UC27_GET_/organization	1782723930092	1782723930248	OK	 
REQUEST		UC26_GET_/system-parameters	1782723930188	1782723930349	OK	 
REQUEST		UC27_GET_/organization	1782723930296	1782723930476	OK	 
REQUEST		UC31_GET_/compliance-profile/contacts	1782723930390	1782723930564	OK	 
REQUEST		UC26_GET_/system-parameters	1782723930488	1782723930655	OK	 
REQUEST		UC27_GET_/organization	1782723930593	1782723930759	OK	 
REQUEST		UC29_GET_/dopInfo	1782723930688	1782723930841	OK	 
REQUEST		UC33_GET_/detail	1782723930798	1782723931015	OK	 
REQUEST		UC31_GET_/compliance-profile/contacts	1782723930874	1782723931048	OK	 
REQUEST		UC27_GET_/organization	1782723930983	1782723931157	OK	 
REQUEST		UC28_GET_/compliance-profile/mtb	1782723931078	1782723931233	OK	 
REQUEST		UC27_GET_/organization	1782723931186	1782723931353	OK	 
REQUEST		UC28_GET_/compliance-profile/mtb	1782723931280	1782723931443	OK	 
REQUEST		UC32_GET_/compliance-profile	1782723931378	1782723931549	OK	 
REQUEST		UC27_GET_/organization	1782723931484	1782723931667	OK	 
REQUEST		UC28_GET_/compliance-profile/mtb	1782723931578	1782723931724	OK	 
REQUEST		UC30_GET_/counterparties	1782723931686	1782723931832	OK	 
REQUEST		UC34_DELETE_/alert	1782723931780	1782723932002	OK	 
REQUEST		UC32_GET_/compliance-profile	1782723931874	1782723932036	OK	 
REQUEST		UC28_GET_/compliance-profile/mtb	1782723931983	1782723932155	OK	 
REQUEST		UC29_GET_/dopInfo	1782723932078	1782723932240	OK	 
REQUEST		UC28_GET_/compliance-profile/mtb	1782723932187	1782723932342	OK	 
REQUEST		UC29_GET_/dopInfo	1782723932281	1782723932433	OK	 
REQUEST		UC33_GET_/detail	1782723932378	1782723932562	OK	 
REQUEST		UC28_GET_/compliance-profile/mtb	1782723932484	1782723932657	OK	 
REQUEST		UC29_GET_/dopInfo	1782723932594	1782723932757	OK	 
REQUEST		UC31_GET_/compliance-profile/contacts	1782723932682	1782723932848	OK	 
REQUEST		UC35_POST_/organization	1782723932798	1782723933001	OK	 
REQUEST		UC33_GET_/detail	1782723932874	1782723933057	OK	 
REQUEST		UC29_GET_/dopInfo	1782723932984	1782723933139	OK	 
REQUEST		UC30_GET_/counterparties	1782723933093	1782723933260	OK	 
REQUEST		UC29_GET_/dopInfo	1782723933187	1782723933369	OK	 
REQUEST		UC30_GET_/counterparties	1782723933280	1782723933456	OK	 
REQUEST		UC34_DELETE_/alert	1782723933378	1782723933583	OK	 
REQUEST		UC29_GET_/dopInfo	1782723933484	1782723933643	OK	 
REQUEST		UC30_GET_/counterparties	1782723933578	1782723933719	OK	 
REQUEST		UC32_GET_/compliance-profile	1782723933687	1782723933842	OK	 
REQUEST		UC36_POST_/mtb	1782723933798	1782723934003	OK	 
REQUEST		UC34_DELETE_/alert	1782723933873	1782723934084	OK	 
REQUEST		UC30_GET_/counterparties	1782723933983	1782723934175	OK	 
REQUEST		UC31_GET_/compliance-profile/contacts	1782723934078	1782723934244	OK	 
REQUEST		UC30_GET_/counterparties	1782723934186	1782723934338	OK	 
REQUEST		UC31_GET_/compliance-profile/contacts	1782723934278	1782723934452	OK	 
REQUEST		UC35_POST_/organization	1782723934378	1782723934595	OK	 
REQUEST		UC30_GET_/counterparties	1782723934483	1782723934640	OK	 
REQUEST		UC31_GET_/compliance-profile/contacts	1782723934578	1782723934724	OK	 
REQUEST		UC33_GET_/detail	1782723934687	1782723934867	OK	 
REQUEST		UC37_POST_/dopInfo	1782723934796	1782723935010	OK	 
REQUEST		UC35_POST_/organization	1782723934878	1782723935075	OK	 
REQUEST		UC31_GET_/compliance-profile/contacts	1782723934999	1782723935183	OK	 
REQUEST		UC32_GET_/compliance-profile	1782723935098	1782723935275	OK	 
REQUEST		UC31_GET_/compliance-profile/contacts	1782723935203	1782723935364	OK	 
REQUEST		UC32_GET_/compliance-profile	1782723935298	1782723935452	OK	 
REQUEST		UC36_POST_/mtb	1782723935405	1782723935605	OK	 
REQUEST		UC31_GET_/compliance-profile/contacts	1782723935499	1782723935674	OK	 
REQUEST		UC32_GET_/compliance-profile	1782723935598	1782723935764	OK	 
REQUEST		UC34_DELETE_/alert	1782723935702	1782723935898	OK	 
REQUEST		UC38_POST_/counterparties	1782723935796	1782723936000	OK	 
REQUEST		UC36_POST_/mtb	1782723935890	1782723936094	OK	 
REQUEST		UC32_GET_/compliance-profile	1782723936015	1782723936194	OK	 
REQUEST		UC33_GET_/detail	1782723936109	1782723936319	OK	 
REQUEST		UC32_GET_/compliance-profile	1782723936208	1782723936369	OK	 
REQUEST		UC33_GET_/detail	1782723936313	1782723936513	OK	 
REQUEST		UC37_POST_/dopInfo	1782723936412	1782723936620	OK	 
REQUEST		UC32_GET_/compliance-profile	1782723936515	1782723936676	OK	 
REQUEST		UC33_GET_/detail	1782723936609	1782723936793	OK	 
REQUEST		UC35_POST_/organization	1782723936703	1782723936896	OK	 
REQUEST		UC39_POST_/contacts	1782723936812	1782723937030	OK	 
REQUEST		UC37_POST_/dopInfo	1782723936890	1782723937073	OK	 
REQUEST		UC33_GET_/detail	1782723937014	1782723937197	OK	 
REQUEST		UC34_DELETE_/alert	1782723937108	1782723937297	OK	 
REQUEST		UC33_GET_/detail	1782723937218	1782723937405	OK	 
REQUEST		UC34_DELETE_/alert	1782723937313	1782723937513	OK	 
REQUEST		UC38_POST_/counterparties	1782723937408	1782723937600	OK	 
REQUEST		UC33_GET_/detail	1782723937515	1782723937701	OK	 
REQUEST		UC34_DELETE_/alert	1782723937608	1782723937785	OK	 
REQUEST		UC36_POST_/mtb	1782723937718	1782723937925	OK	 
REQUEST		UC40_GET_/mop2/{fflId}	1782723937812	1782723938056	OK	 
REQUEST		UC38_POST_/counterparties	1782723937878	1782723938076	OK	 
REQUEST		UC34_DELETE_/alert	1782723937998	1782723938188	OK	 
REQUEST		UC35_POST_/organization	1782723938108	1782723938310	OK	 
REQUEST		UC34_DELETE_/alert	1782723938202	1782723938409	OK	 
REQUEST		UC35_POST_/organization	1782723938298	1782723938509	OK	 
REQUEST		UC39_POST_/contacts	1782723938406	1782723938607	OK	 
REQUEST		UC34_DELETE_/alert	1782723938500	1782723938683	OK	 
REQUEST		UC35_POST_/organization	1782723938608	1782723938798	OK	 
REQUEST		UC37_POST_/dopInfo	1782723938702	1782723938906	OK	 
REQUEST		UC41_GET_/onboarding/{fflId}	1782723938796	1782723938999	OK	 
USER	EFSFinmonWebDebug	END	1782723939003
USER	EFSFinmonWebDebug	START	1782723939003
REQUEST		UC39_POST_/contacts	1782723938889	1782723939090	OK	 
REQUEST		UC35_POST_/organization	1782723939014	1782723939222	OK	 
REQUEST		UC36_POST_/mtb	1782723939109	1782723939319	OK	 
REQUEST		UC35_POST_/organization	1782723939218	1782723939418	OK	 
REQUEST		UC36_POST_/mtb	1782723939312	1782723939522	OK	 
REQUEST		UC40_GET_/mop2/{fflId}	1782723939408	1782723939645	OK	 
REQUEST		UC35_POST_/organization	1782723939515	1782723939724	OK	 
REQUEST		UC36_POST_/mtb	1782723939608	1782723939803	OK	 
REQUEST		UC38_POST_/counterparties	1782723939718	1782723939927	OK	 
REQUEST	LoginWeb	first_login	1782723939808	1782723939958	OK	 
REQUEST		UC40_GET_/mop2/{fflId}	1782723939888	1782723940112	OK	 
REQUEST		UC36_POST_/mtb	1782723940008	1782723940226	OK	 
REQUEST		UC37_POST_/dopInfo	1782723940111	1782723940312	OK	 
REQUEST		UC36_POST_/mtb	1782723940217	1782723940424	OK	 
REQUEST		UC37_POST_/dopInfo	1782723940312	1782723940516	OK	 
REQUEST		UC41_GET_/onboarding/{fflId}	1782723940408	1782723940616	OK	 
USER	EFSFinmonWebDebug	END	1782723940620
USER	EFSFinmonWebDebug	START	1782723940621
REQUEST		UC36_POST_/mtb	1782723940515	1782723940713	OK	 
REQUEST		UC37_POST_/dopInfo	1782723940609	1782723940797	OK	 
REQUEST		UC39_POST_/contacts	1782723940702	1782723940898	OK	 
REQUEST	LoginWeb	settingsLogin	1782723940798	1782723940974	OK	 
REQUEST		UC41_GET_/onboarding/{fflId}	1782723940890	1782723941087	OK	 
USER	EFSFinmonWebDebug	END	1782723941091
USER	EFSFinmonWebDebug	START	1782723941092
REQUEST		UC37_POST_/dopInfo	1782723941015	1782723941211	OK	 
REQUEST		UC38_POST_/counterparties	1782723941108	1782723941312	OK	 
REQUEST		UC37_POST_/dopInfo	1782723941218	1782723941416	OK	 
REQUEST		UC38_POST_/counterparties	1782723941312	1782723941516	OK	 
REQUEST	LoginWeb	first_login	1782723941408	1782723941597	OK	 
REQUEST		UC37_POST_/dopInfo	1782723941516	1782723941703	OK	 
REQUEST		UC38_POST_/counterparties	1782723941609	1782723941798	OK	 
REQUEST		UC40_GET_/mop2/{fflId}	1782723941709	1782723941923	OK	 
REQUEST	LoginWeb	newsLogin	1782723941811	1782723942008	OK	 
REQUEST	LoginWeb	first_login	1782723941890	1782723942069	OK	 
REQUEST		UC38_POST_/counterparties	1782723942014	1782723942239	OK	 
REQUEST		UC39_POST_/contacts	1782723942109	1782723942302	OK	 
REQUEST		UC38_POST_/counterparties	1782723942218	1782723942411	OK	 
REQUEST		UC39_POST_/contacts	1782723942312	1782723942508	OK	 
REQUEST	LoginWeb	settingsLogin	1782723942408	1782723942597	OK	 
REQUEST		UC38_POST_/counterparties	1782723942517	1782723942731	OK	 
REQUEST		UC39_POST_/contacts	1782723942610	1782723942833	OK	 
REQUEST		UC41_GET_/onboarding/{fflId}	1782723942704	1782723942883	OK	 
USER	EFSFinmonWebDebug	END	1782723942887
USER	EFSFinmonWebDebug	START	1782723942887
REQUEST	LoginWeb	preLogin	1782723942798	1782723943021	OK	 
REQUEST	LoginWeb	settingsLogin	1782723942890	1782723943072	OK	 
REQUEST		UC39_POST_/contacts	1782723943015	1782723943233	OK	 
REQUEST		UC40_GET_/mop2/{fflId}	1782723943108	1782723943353	OK	 
REQUEST		UC39_POST_/contacts	1782723943218	1782723943410	OK	 
REQUEST		UC40_GET_/mop2/{fflId}	1782723943311	1782723943552	OK	 
REQUEST	LoginWeb	newsLogin	1782723943408	1782723943613	OK	 
REQUEST		UC39_POST_/contacts	1782723943515	1782723943714	OK	 
REQUEST		UC40_GET_/mop2/{fflId}	1782723943609	1782723943815	OK	 
REQUEST	LoginWeb	first_login	1782723943718	1782723943889	OK	 
REQUEST	LoginWeb	newsLogin	1782723943889	1782723944070	OK	 
REQUEST	LoginWeb	login	1782723943812	1782723944082	OK	 
REQUEST		UC40_GET_/mop2/{fflId}	1782723944014	1782723944265	OK	 
REQUEST		UC41_GET_/onboarding/{fflId}	1782723944109	1782723944304	OK	 
USER	EFSFinmonWebDebug	END	1782723944309
USER	EFSFinmonWebDebug	START	1782723944309
REQUEST		UC40_GET_/mop2/{fflId}	1782723944218	1782723944440	OK	 
REQUEST		UC41_GET_/onboarding/{fflId}	1782723944312	1782723944502	OK	 
USER	EFSFinmonWebDebug	END	1782723944507
USER	EFSFinmonWebDebug	START	1782723944508
REQUEST	LoginWeb	preLogin	1782723944408	1782723944618	OK	 
REQUEST		UC40_GET_/mop2/{fflId}	1782723944515	1782723944739	OK	 
REQUEST		UC41_GET_/onboarding/{fflId}	1782723944609	1782723944800	OK	 
USER	EFSFinmonWebDebug	END	1782723944804
USER	EFSFinmonWebDebug	START	1782723944804
REQUEST	LoginWeb	settingsLogin	1782723944718	1782723944922	OK	 
REQUEST	LoginWeb	preLogin	1782723944798	1782723945025	OK	 
REQUEST		UC41_GET_/onboarding/{fflId}	1782723945014	1782723945237	OK	 
USER	EFSFinmonWebDebug	END	1782723945241
USER	EFSFinmonWebDebug	START	1782723945241
REQUEST	LoginWeb	first_login	1782723945109	1782723945288	OK	 
REQUEST		UC41_GET_/onboarding/{fflId}	1782723945218	1782723945437	OK	 
USER	EFSFinmonWebDebug	END	1782723945441
USER	EFSFinmonWebDebug	START	1782723945442
REQUEST	LoginWeb	first_login	1782723945312	1782723945489	OK	 
REQUEST	LoginWeb	login	1782723945410	1782723945665	OK	 
REQUEST		UC41_GET_/onboarding/{fflId}	1782723945515	1782723945696	OK	 
USER	EFSFinmonWebDebug	END	1782723945701
USER	EFSFinmonWebDebug	START	1782723945701
REQUEST	LoginWeb	create	1782723944889	1782723945731	OK	 
REQUEST	LoginWeb	newsLogin	1782723945718	1782723945917	OK	 
REQUEST	LoginWeb	first_login	1782723945890	1782723946049	OK	 
REQUEST	LoginWeb	login	1782723945811	1782723946072	OK	 
REQUEST	LoginWeb	first_login	1782723945608	1782723946110	OK	 
REQUEST	LoginWeb	settingsLogin	1782723946015	1782723946220	OK	 
REQUEST	LoginWeb	first_login	1782723946109	1782723946279	OK	 
REQUEST	LoginWeb	settingsLogin	1782723946208	1782723946364	OK	 
REQUEST	LoginWeb	first_login	1782723946408	1782723946569	OK	 
REQUEST	LoginWeb	decrypt	1782723946514	1782723946590	OK	 
GROUP	LoginWeb	1782723939003	1782723946591	1934	OK
ERROR	UC01_POST_/file-upload: Failed to build request: No attribute named 'requestId' is defined 	1782723946591
ERROR	UC02_POST_/send-to-bank: Failed to build request: No attribute named 'requestId' is defined 	1782723946591
REQUEST	LoginWeb	preLogin	1782723946608	1782723946858	OK	 
REQUEST	LoginWeb	settingsLogin	1782723946717	1782723946898	OK	 
REQUEST	LoginWeb	settingsLogin	1782723946889	1782723947076	OK	 
REQUEST	LoginWeb	create	1782723946313	1782723947107	OK	 
REQUEST	LoginWeb	newsLogin	1782723947008	1782723947205	OK	 
REQUEST	LoginWeb	settingsLogin	1782723947109	1782723947301	OK	 
REQUEST	LoginWeb	newsLogin	1782723947208	1782723947396	OK	 
REQUEST	LoginWeb	settingsLogin	1782723947313	1782723947487	OK	 
REQUEST	LoginWeb	create	1782723946811	1782723947552	OK	 
REQUEST		UC03_GET_/params	1782723947408	1782723947757	OK	 
ERROR	UC04_POST_/delete-file: Failed to build request: No attribute named 'pprbId' is defined 	1782723947758
REQUEST	LoginWeb	newsLogin	1782723947598	1782723947800	OK	 
REQUEST	LoginWeb	decrypt	1782723947812	1782723947903	OK	 
GROUP	LoginWeb	1782723940621	1782723947904	1933	OK
ERROR	UC01_POST_/file-upload: Failed to build request: No attribute named 'requestId' is defined 	1782723947904
ERROR	UC02_POST_/send-to-bank: Failed to build request: No attribute named 'requestId' is defined 	1782723947904
REQUEST	LoginWeb	newsLogin	1782723947718	1782723947909	OK	 
REQUEST	LoginWeb	preLogin	1782723947892	1782723948144	OK	 
REQUEST	LoginWeb	newsLogin	1782723948018	1782723948226	OK	 
REQUEST	LoginWeb	preLogin	1782723948124	1782723948352	OK	 
REQUEST	LoginWeb	decrypt	1782723948328	1782723948404	OK	 
GROUP	LoginWeb	1782723941092	1782723948406	1847	OK
ERROR	UC01_POST_/file-upload: Failed to build request: No attribute named 'requestId' is defined 	1782723948406
ERROR	UC02_POST_/send-to-bank: Failed to build request: No attribute named 'requestId' is defined 	1782723948406
REQUEST	LoginWeb	newsLogin	1782723948218	1782723948427	OK	 
REQUEST		UC05_GET_/download/{fileid}	1782723948422	1782723948616	OK	 
ERROR	UC06_GET_/detail-with-attachments/{fflId}: Failed to build request: No attribute named 'fflId' is defined 	1782723948618
REQUEST	LoginWeb	preLogin	1782723948518	1782723948737	OK	 
REQUEST	LoginWeb	login	1782723947516	1782723948869	OK	 
REQUEST	LoginWeb	preLogin	1782723948719	1782723948935	OK	 
REQUEST		UC03_GET_/params	1782723948626	1782723949010	OK	 
ERROR	UC04_POST_/delete-file: Failed to build request: No attribute named 'pprbId' is defined 	1782723949011
REQUEST	LoginWeb	login	1782723948813	1782723949047	OK	 
REQUEST	LoginWeb	preLogin	1782723948907	1782723949114	OK	 
REQUEST	LoginWeb	login	1782723949016	1782723949290	OK	 
REQUEST	LoginWeb	preLogin	1782723949218	1782723949420	OK	 
REQUEST		UC03_GET_/params	1782723949110	1782723949428	OK	 
ERROR	UC04_POST_/delete-file: Failed to build request: No attribute named 'pprbId' is defined 	1782723949430
REQUEST		UC07_POST_/inform-list	1782723949312	1782723949597	OK	 
REQUEST	LoginWeb	login	1782723949408	1782723949663	OK	 
REQUEST	LoginWeb	login	1782723949625	1782723949891	OK	 
REQUEST		UC05_GET_/download/{fileid}	1782723949718	1782723949913	OK	 
ERROR	UC06_GET_/detail-with-attachments/{fflId}: Failed to build request: No attribute named 'fflId' is defined 	1782723949914
REQUEST	LoginWeb	login	1782723949884	1782723950115	OK	 
REQUEST	LoginWeb	create	1782723949515	1782723950318	OK	 
REQUEST	LoginWeb	login	1782723950093	1782723950346	OK	 
REQUEST		UC05_GET_/download/{fileid}	1782723950192	1782723950377	OK	 
ERROR	UC06_GET_/detail-with-attachments/{fflId}: Failed to build request: No attribute named 'fflId' is defined 	1782723950378
REQUEST		UC08_POST_/send-to-bank/{fflId}	1782723950297	1782723950487	OK	 
REQUEST	LoginWeb	create	1782723949840	1782723950671	OK	 
REQUEST	LoginWeb	create	1782723949994	1782723950845	OK	 
REQUEST		UC07_POST_/inform-list	1782723950594	1782723950881	OK	 
REQUEST	LoginWeb	decrypt	1782723950812	1782723950894	OK	 
GROUP	LoginWeb	1782723942887	1782723950902	3062	OK
ERROR	UC01_POST_/file-upload: Failed to build request: No attribute named 'requestId' is defined 	1782723950902
ERROR	UC02_POST_/send-to-bank: Failed to build request: No attribute named 'requestId' is defined 	1782723950902
REQUEST	LoginWeb	create	1782723950391	1782723951220	OK	 
REQUEST		UC07_POST_/inform-list	1782723950983	1782723951256	OK	 
REQUEST	LoginWeb	decrypt	1782723951187	1782723951258	OK	 
GROUP	LoginWeb	1782723944309	1782723951274	1969	OK
ERROR	UC01_POST_/file-upload: Failed to build request: No attribute named 'requestId' is defined 	1782723951274
ERROR	UC02_POST_/send-to-bank: Failed to build request: No attribute named 'requestId' is defined 	1782723951274
REQUEST	LoginWeb	create	1782723950500	1782723951326	OK	 
REQUEST		UC09_GET_/requests-and-inform	1782723951078	1782723951325	OK	 
REQUEST	LoginWeb	decrypt	1782723951280	1782723951364	OK	 
GROUP	LoginWeb	1782723944508	1782723951365	1958	OK
ERROR	UC01_POST_/file-upload: Failed to build request: No attribute named 'requestId' is defined 	1782723951365
ERROR	UC02_POST_/send-to-bank: Failed to build request: No attribute named 'requestId' is defined 	1782723951365
REQUEST	LoginWeb	create	1782723950698	1782723951519	OK	 
REQUEST		UC08_POST_/send-to-bank/{fflId}	1782723951391	1782723951600	OK	 
REQUEST	LoginWeb	decrypt	1782723951594	1782723951678	OK	 
GROUP	LoginWeb	1782723945241	1782723951679	1929	OK
ERROR	UC01_POST_/file-upload: Failed to build request: No attribute named 'requestId' is defined 	1782723951679
ERROR	UC02_POST_/send-to-bank: Failed to build request: No attribute named 'requestId' is defined 	1782723951679
REQUEST	LoginWeb	create	1782723950874	1782723951738	OK	 
REQUEST		UC03_GET_/params	1782723951488	1782723951832	OK	 
ERROR	UC04_POST_/delete-file: Failed to build request: No attribute named 'pprbId' is defined 	1782723951834
REQUEST		UC08_POST_/send-to-bank/{fflId}	1782723951703	1782723951905	OK	 
REQUEST	LoginWeb	decrypt	1782723951874	1782723951952	OK	 
GROUP	LoginWeb	1782723944804	1782723951954	2266	OK
ERROR	UC01_POST_/file-upload: Failed to build request: No attribute named 'requestId' is defined 	1782723951954
ERROR	UC02_POST_/send-to-bank: Failed to build request: No attribute named 'requestId' is defined 	1782723951954
REQUEST		UC03_GET_/params	1782723951796	1782723952128	OK	 
ERROR	UC04_POST_/delete-file: Failed to build request: No attribute named 'pprbId' is defined 	1782723952129
REQUEST		UC10_POST_/mop-1-0	1782723951983	1782723952242	OK	 
REQUEST	LoginWeb	decrypt	1782723952187	1782723952266	OK	 
GROUP	LoginWeb	1782723945442	1782723952267	1908	OK
ERROR	UC01_POST_/file-upload: Failed to build request: No attribute named 'requestId' is defined 	1782723952267
ERROR	UC02_POST_/send-to-bank: Failed to build request: No attribute named 'requestId' is defined 	1782723952268
REQUEST		UC03_GET_/params	1782723952078	1782723952402	OK	 
ERROR	UC04_POST_/delete-file: Failed to build request: No attribute named 'pprbId' is defined 	1782723952403
REQUEST		UC09_GET_/requests-and-inform	1782723952281	1782723952524	OK	 
REQUEST	LoginWeb	decrypt	1782723952483	1782723952561	OK	 
GROUP	LoginWeb	1782723945701	1782723952562	1941	OK
ERROR	UC01_POST_/file-upload: Failed to build request: No attribute named 'requestId' is defined 	1782723952562
ERROR	UC02_POST_/send-to-bank: Failed to build request: No attribute named 'requestId' is defined 	1782723952562
REQUEST		UC05_GET_/download/{fileid}	1782723952578	1782723952783	OK	 
ERROR	UC06_GET_/detail-with-attachments/{fflId}: Failed to build request: No attribute named 'fflId' is defined 	1782723952784
REQUEST		UC03_GET_/params	1782723952378	1782723952782	OK	 
ERROR	UC04_POST_/delete-file: Failed to build request: No attribute named 'pprbId' is defined 	1782723952787
REQUEST		UC09_GET_/requests-and-inform	1782723952686	1782723952969	OK	 
REQUEST		UC05_GET_/download/{fileid}	1782723952874	1782723953080	OK	 
ERROR	UC06_GET_/detail-with-attachments/{fflId}: Failed to build request: No attribute named 'fflId' is defined 	1782723953082
REQUEST		UC03_GET_/params	1782723952796	1782723953155	OK	 
ERROR	UC04_POST_/delete-file: Failed to build request: No attribute named 'pprbId' is defined 	1782723953157
REQUEST		UC11_POST_/online-control	1782723952983	1782723953228	OK	 
REQUEST		UC05_GET_/download/{fileid}	1782723953187	1782723953374	OK	 
ERROR	UC06_GET_/detail-with-attachments/{fflId}: Failed to build request: No attribute named 'fflId' is defined 	1782723953376
REQUEST		UC03_GET_/params	1782723953079	1782723953394	OK	 
ERROR	UC04_POST_/delete-file: Failed to build request: No attribute named 'pprbId' is defined 	1782723953395
REQUEST		UC10_POST_/mop-1-0	1782723953281	1782723953590	OK	 
REQUEST		UC07_POST_/inform-list	1782723953484	1782723953747	OK	 
REQUEST		UC03_GET_/params	1782723953390	1782723953753	OK	 
ERROR	UC04_POST_/delete-file: Failed to build request: No attribute named 'pprbId' is defined 	1782723953765
REQUEST		UC05_GET_/download/{fileid}	1782723953578	1782723953772	OK	 
ERROR	UC06_GET_/detail-with-attachments/{fflId}: Failed to build request: No attribute named 'fflId' is defined 	1782723953773
REQUEST		UC10_POST_/mop-1-0	1782723953703	1782723953964	OK	 
REQUEST		UC05_GET_/download/{fileid}	1782723953875	1782723954057	OK	 
ERROR	UC06_GET_/detail-with-attachments/{fflId}: Failed to build request: No attribute named 'fflId' is defined 	1782723954059
REQUEST		UC07_POST_/inform-list	1782723953798	1782723954074	OK	 
REQUEST		UC12_GET_/rehabilitation	1782723953984	1782723954268	OK	 
REQUEST		UC07_POST_/inform-list	1782723954078	1782723954344	OK	 
REQUEST		UC05_GET_/download/{fileid}	1782723954187	1782723954379	OK	 
ERROR	UC06_GET_/detail-with-attachments/{fflId}: Failed to build request: No attribute named 'fflId' is defined 	1782723954380
REQUEST		UC11_POST_/online-control	1782723954281	1782723954550	OK	 
REQUEST		UC08_POST_/send-to-bank/{fflId}	1782723954378	1782723954568	OK	 
REQUEST		UC05_GET_/download/{fileid}	1782723954483	1782723954675	OK	 
ERROR	UC06_GET_/detail-with-attachments/{fflId}: Failed to build request: No attribute named 'fflId' is defined 	1782723954676
REQUEST		UC07_POST_/inform-list	1782723954578	1782723954877	OK	 
REQUEST		UC11_POST_/online-control	1782723954688	1782723954932	OK	 
REQUEST		UC07_POST_/inform-list	1782723954796	1782723955070	OK	 
REQUEST		UC08_POST_/send-to-bank/{fflId}	1782723954874	1782723955075	OK	 
REQUEST		UC13_GET_/unread-tabs	1782723954983	1782723955163	OK	 
REQUEST		UC08_POST_/send-to-bank/{fflId}	1782723955078	1782723955268	OK	 
REQUEST		UC07_POST_/inform-list	1782723955181	1782723955434	OK	 
REQUEST		UC12_GET_/rehabilitation	1782723955278	1782723955596	OK	 
REQUEST		UC09_GET_/requests-and-inform	1782723955385	1782723955618	OK	 
REQUEST		UC07_POST_/inform-list	1782723955478	1782723955794	OK	 
REQUEST		UC08_POST_/send-to-bank/{fflId}	1782723955608	1782723955817	OK	 
REQUEST		UC12_GET_/rehabilitation	1782723955688	1782723955950	OK	 
REQUEST		UC08_POST_/send-to-bank/{fflId}	1782723955794	1782723955994	OK	 
REQUEST		UC09_GET_/requests-and-inform	1782723955872	1782723956109	OK	 
REQUEST		UC14_POST_/detail	1782723955997	1782723956162	OK	 
REQUEST		UC09_GET_/requests-and-inform	1782723956093	1782723956327	OK	 
REQUEST		UC08_POST_/send-to-bank/{fflId}	1782723956188	1782723956375	OK	 
REQUEST		UC13_GET_/unread-tabs	1782723956297	1782723956513	OK	 
REQUEST		UC10_POST_/mop-1-0	1782723956389	1782723956650	OK	 
REQUEST		UC08_POST_/send-to-bank/{fflId}	1782723956488	1782723956687	OK	 
REQUEST		UC09_GET_/requests-and-inform	1782723956593	1782723956840	OK	 
REQUEST		UC13_GET_/unread-tabs	1782723956702	1782723956875	OK	 
REQUEST		UC09_GET_/requests-and-inform	1782723956780	1782723957030	OK	 
REQUEST		UC10_POST_/mop-1-0	1782723956896	1782723957160	OK	 
REQUEST		UC15_POST_/callback	1782723957005	1782723957201	OK	 
REQUEST		UC10_POST_/mop-1-0	1782723957098	1782723957377	OK	 
REQUEST		UC09_GET_/requests-and-inform	1782723957202	1782723957431	OK	 
REQUEST		UC14_POST_/detail	1782723957298	1782723957463	OK	 
REQUEST		UC11_POST_/online-control	1782723957406	1782723957705	OK	 
REQUEST		UC09_GET_/requests-and-inform	1782723957500	1782723957760	OK	 
REQUEST		UC14_POST_/detail	1782723957702	1782723957855	OK	 
REQUEST		UC10_POST_/mop-1-0	1782723957598	1782723957900	OK	 
REQUEST		UC10_POST_/mop-1-0	1782723957827	1782723958083	OK	 
REQUEST		UC16_PUT_/callback	1782723957984	1782723958131	OK	 
REQUEST		UC11_POST_/online-control	1782723957874	1782723958134	OK	 
REQUEST		UC11_POST_/online-control	1782723958078	1782723958329	OK	 
REQUEST		UC10_POST_/mop-1-0	1782723958187	1782723958452	OK	 
REQUEST		UC15_POST_/callback	1782723958280	1782723958493	OK	 
REQUEST		UC12_GET_/rehabilitation	1782723958378	1782723958672	OK	 
REQUEST		UC15_POST_/callback	1782723958578	1782723958772	OK	 
REQUEST		UC10_POST_/mop-1-0	1782723958484	1782723958774	OK	 
REQUEST		UC11_POST_/online-control	1782723958702	1782723958978	OK	 
REQUEST		UC11_POST_/online-control	1782723958780	1782723959022	OK	 
REQUEST		UC17_DELETE_/callback?taskId={taskIdCB}	1782723958874	1782723959080	OK	 
REQUEST		UC12_GET_/rehabilitation	1782723958983	1782723959302	OK	 
REQUEST		UC12_GET_/rehabilitation	1782723959078	1782723959370	OK	 
REQUEST		UC11_POST_/online-control	1782723959182	1782723959440	OK	 
REQUEST		UC16_PUT_/callback	1782723959280	1782723959448	OK	 
REQUEST		UC13_GET_/unread-tabs	1782723959378	1782723959575	OK	 
REQUEST		UC16_PUT_/callback	1782723959484	1782723959624	OK	 
REQUEST		UC11_POST_/online-control	1782723959578	1782723959850	OK	 
REQUEST		UC12_GET_/rehabilitation	1782723959688	1782723959997	OK	 
REQUEST		UC18_GET_/compliance-helper	1782723959882	1782723960046	OK	 
REQUEST		UC12_GET_/rehabilitation	1782723959789	1782723960081	OK	 
REQUEST		UC13_GET_/unread-tabs	1782723960000	1782723960187	OK	 
REQUEST		UC13_GET_/unread-tabs	1782723960098	1782723960273	OK	 
REQUEST		UC12_GET_/rehabilitation	1782723960203	1782723960492	OK	 
REQUEST		UC17_DELETE_/callback?taskId={taskIdCB}	1782723960298	1782723960518	OK	 
REQUEST		UC14_POST_/detail	1782723960406	1782723960565	OK	 
REQUEST		UC17_DELETE_/callback?taskId={taskIdCB}	1782723960500	1782723960693	OK	 
REQUEST		UC13_GET_/unread-tabs	1782723960688	1782723960873	OK	 
REQUEST		UC12_GET_/rehabilitation	1782723960598	1782723960932	OK	 
REQUEST		UC19_GET_/activation	1782723960812	1782723960970	OK	 
REQUEST		UC13_GET_/unread-tabs	1782723960890	1782723961102	OK	 
REQUEST		UC14_POST_/detail	1782723961015	1782723961198	OK	 
REQUEST		UC14_POST_/detail	1782723961109	1782723961282	OK	 
REQUEST		UC13_GET_/unread-tabs	1782723961208	1782723961390	OK	 
REQUEST		UC18_GET_/compliance-helper	1782723961308	1782723961481	OK	 
REQUEST		UC15_POST_/callback	1782723961408	1782723961610	OK	 
REQUEST		UC18_GET_/compliance-helper	1782723961514	1782723961667	OK	 
REQUEST		UC14_POST_/detail	1782723961608	1782723961778	OK	 
REQUEST		UC13_GET_/unread-tabs	1782723961718	1782723961930	OK	 
REQUEST		UC20_GET_/change-tariff	1782723961811	1782723961970	OK	 
REQUEST		UC14_POST_/detail	1782723961890	1782723962048	OK	 
REQUEST		UC15_POST_/callback	1782723962015	1782723962215	OK	 
REQUEST		UC15_POST_/callback	1782723962109	1782723962322	OK	 
REQUEST		UC14_POST_/detail	1782723962208	1782723962375	OK	 
REQUEST		UC19_GET_/activation	1782723962313	1782723962478	OK	 
REQUEST		UC16_PUT_/callback	1782723962408	1782723962552	OK	 
REQUEST		UC19_GET_/activation	1782723962514	1782723962657	OK	 
REQUEST		UC15_POST_/callback	1782723962608	1782723962831	OK	 
REQUEST		UC14_POST_/detail	1782723962702	1782723962870	OK	 
REQUEST		UC21_GET_/user-permissions	1782723962811	1782723962970	OK	 
REQUEST		UC15_POST_/callback	1782723962889	1782723963080	OK	 
REQUEST		UC16_PUT_/callback	1782723963015	1782723963175	OK	 
REQUEST		UC16_PUT_/callback	1782723963125	1782723963296	OK	 
REQUEST		UC15_POST_/callback	1782723963208	1782723963407	OK	 
REQUEST		UC20_GET_/change-tariff	1782723963313	1782723963477	OK	 
REQUEST		UC17_DELETE_/callback?taskId={taskIdCB}	1782723963408	1782723963599	OK	 
REQUEST		UC20_GET_/change-tariff	1782723963515	1782723963671	OK	 
REQUEST		UC16_PUT_/callback	1782723963608	1782723963752	OK	 
REQUEST		UC15_POST_/callback	1782723963718	1782723963926	OK	 
REQUEST		UC16_PUT_/callback	1782723963889	1782723964046	OK	 
REQUEST		UC22_GET_/print-form	1782723963811	1782723964149	OK	 
REQUEST		UC17_DELETE_/callback?taskId={taskIdCB}	1782723964015	1782723964217	OK	 
REQUEST		UC17_DELETE_/callback?taskId={taskIdCB}	1782723964110	1782723964295	OK	 
REQUEST		UC16_PUT_/callback	1782723964208	1782723964363	OK	 
REQUEST		UC21_GET_/user-permissions	1782723964313	1782723964458	OK	 
REQUEST		UC18_GET_/compliance-helper	1782723964408	1782723964566	OK	 
REQUEST		UC21_GET_/user-permissions	1782723964516	1782723964651	OK	 
REQUEST		UC17_DELETE_/callback?taskId={taskIdCB}	1782723964609	1782723964824	OK	 
REQUEST		UC16_PUT_/callback	1782723964708	1782723964844	OK	 
REQUEST		UC17_DELETE_/callback?taskId={taskIdCB}	1782723964798	1782723965003	OK	 
REQUEST		UC18_GET_/compliance-helper	1782723965011	1782723965180	OK	 
REQUEST		UC23_GET_/rejections	1782723964891	1782723965244	OK	 
REQUEST		UC18_GET_/compliance-helper	1782723965109	1782723965277	OK	 
REQUEST		UC17_DELETE_/callback?taskId={taskIdCB}	1782723965208	1782723965408	OK	 
REQUEST		UC19_GET_/activation	1782723965408	1782723965562	OK	 
REQUEST		UC22_GET_/print-form	1782723965313	1782723965674	OK	 
REQUEST		UC18_GET_/compliance-helper	1782723965608	1782723965780	OK	 
REQUEST		UC22_GET_/print-form	1782723965516	1782723965818	OK	 
REQUEST		UC17_DELETE_/callback?taskId={taskIdCB}	1782723965717	1782723965909	OK	 
REQUEST		UC18_GET_/compliance-helper	1782723965811	1782723965972	OK	 
REQUEST		UC19_GET_/activation	1782723965889	1782723966064	OK	 
REQUEST		UC19_GET_/activation	1782723966108	1782723966280	OK	 
REQUEST		UC24_GET_/rejection/{operationId}	1782723966014	1782723966281	OK	 
REQUEST		UC18_GET_/compliance-helper	1782723966218	1782723966393	OK	 
REQUEST		UC20_GET_/change-tariff	1782723966312	1782723966475	OK	 
REQUEST		UC19_GET_/activation	1782723966500	1782723966672	OK	 
REQUEST		UC23_GET_/rejections	1782723966406	1782723966846	OK	 
REQUEST		UC18_GET_/compliance-helper	1782723966703	1782723966885	OK	 
REQUEST		UC23_GET_/rejections	1782723966608	1782723966937	OK	 
REQUEST		UC19_GET_/activation	1782723966812	1782723966963	OK	 
REQUEST		UC20_GET_/change-tariff	1782723966890	1782723967048	OK	 
REQUEST		UC20_GET_/change-tariff	1782723967015	1782723967177	OK	 
REQUEST		UC25_GET_/active-switchers	1782723967109	1782723967263	OK	 
REQUEST		UC19_GET_/activation	1782723967218	1782723967382	OK	 
REQUEST		UC21_GET_/user-permissions	1782723967312	1782723967483	OK	 
REQUEST		UC20_GET_/change-tariff	1782723967408	1782723967566	OK	 
REQUEST		UC19_GET_/activation	1782723967609	1782723967769	OK	 
REQUEST		UC24_GET_/rejection/{operationId}	1782723967515	1782723967808	OK	 
REQUEST		UC20_GET_/change-tariff	1782723967811	1782723967974	OK	 
REQUEST		UC24_GET_/rejection/{operationId}	1782723967718	1782723967985	OK	 
REQUEST		UC21_GET_/user-permissions	1782723967890	1782723968042	OK	 
REQUEST		UC21_GET_/user-permissions	1782723968015	1782723968169	OK	 
REQUEST		UC26_GET_/system-parameters	1782723968109	1782723968282	OK	 
REQUEST		UC20_GET_/change-tariff	1782723968208	1782723968377	OK	 
REQUEST		UC21_GET_/user-permissions	1782723968408	1782723968566	OK	 
REQUEST		UC22_GET_/print-form	1782723968312	1782723968622	OK	 
REQUEST		UC20_GET_/change-tariff	1782723968515	1782723968736	OK	 
REQUEST		UC25_GET_/active-switchers	1782723968609	1782723968771	OK	 
REQUEST		UC21_GET_/user-permissions	1782723968708	1782723968851	OK	 
REQUEST		UC25_GET_/active-switchers	1782723968811	1782723968957	OK	 
REQUEST		UC22_GET_/print-form	1782723968889	1782723969192	OK	 
REQUEST		UC27_GET_/organization	1782723969109	1782723969262	OK	 
REQUEST		UC22_GET_/print-form	1782723969014	1782723969356	OK	 
REQUEST		UC21_GET_/user-permissions	1782723969218	1782723969361	OK	 
REQUEST		UC22_GET_/print-form	1782723969312	1782723969647	OK	 
REQUEST		UC21_GET_/user-permissions	1782723969515	1782723969670	OK	 
REQUEST		UC23_GET_/rejections	1782723969408	1782723969766	OK	 
REQUEST		UC26_GET_/system-parameters	1782723969608	1782723969801	OK	 
REQUEST		UC26_GET_/system-parameters	1782723969810	1782723969976	OK	 
REQUEST		UC22_GET_/print-form	1782723969702	1782723970023	OK	 
REQUEST		UC28_GET_/compliance-profile/mtb	1782723970011	1782723970177	OK	 
REQUEST		UC23_GET_/rejections	1782723969890	1782723970239	OK	 
REQUEST		UC23_GET_/rejections	1782723970124	1782723970479	OK	 
REQUEST		UC22_GET_/print-form	1782723970217	1782723970568	OK	 
REQUEST		UC23_GET_/rejections	1782723970308	1782723970733	OK	 
REQUEST		UC22_GET_/print-form	1782723970408	1782723970760	OK	 
REQUEST		UC27_GET_/organization	1782723970608	1782723970772	OK	 
REQUEST		UC24_GET_/rejection/{operationId}	1782723970530	1782723970804	OK	 
REQUEST		UC27_GET_/organization	1782723970718	1782723970902	OK	 
REQUEST		UC29_GET_/dopInfo	1782723970890	1782723971055	OK	 
REQUEST		UC23_GET_/rejections	1782723970798	1782723971146	OK	 
REQUEST		UC24_GET_/rejection/{operationId}	1782723971015	1782723971283	OK	 
REQUEST		UC24_GET_/rejection/{operationId}	1782723971109	1782723971389	OK	 
REQUEST		UC23_GET_/rejections	1782723971208	1782723971564	OK	 
REQUEST		UC24_GET_/rejection/{operationId}	1782723971313	1782723971610	OK	 
REQUEST		UC28_GET_/compliance-profile/mtb	1782723971515	1782723971678	OK	 
REQUEST		UC25_GET_/active-switchers	1782723971608	1782723971766	OK	 
REQUEST		UC23_GET_/rejections	1782723971421	1782723971836	OK	 
REQUEST		UC28_GET_/compliance-profile/mtb	1782723971708	1782723971868	OK	 
REQUEST		UC30_GET_/counterparties	1782723971798	1782723971952	OK	 
REQUEST		UC24_GET_/rejection/{operationId}	1782723971891	1782723972144	OK	 
REQUEST		UC25_GET_/active-switchers	1782723972014	1782723972182	OK	 
REQUEST		UC25_GET_/active-switchers	1782723972109	1782723972292	OK	 
REQUEST		UC25_GET_/active-switchers	1782723972312	1782723972496	OK	 
REQUEST		UC24_GET_/rejection/{operationId}	1782723972218	1782723972499	OK	 
REQUEST		UC29_GET_/dopInfo	1782723972408	1782723972589	OK	 
REQUEST		UC26_GET_/system-parameters	1782723972514	1782723972684	OK	 
REQUEST		UC29_GET_/dopInfo	1782723972717	1782723972866	OK	 
REQUEST		UC24_GET_/rejection/{operationId}	1782723972608	1782723972891	OK	 
REQUEST		UC31_GET_/compliance-profile/contacts	1782723972811	1782723972985	OK	 
REQUEST		UC25_GET_/active-switchers	1782723972889	1782723973069	OK	 
REQUEST		UC26_GET_/system-parameters	1782723973014	1782723973195	OK	 
REQUEST		UC26_GET_/system-parameters	1782723973109	1782723973268	OK	 
REQUEST		UC26_GET_/system-parameters	1782723973218	1782723973386	OK	 
REQUEST		UC25_GET_/active-switchers	1782723973312	1782723973487	OK	 
REQUEST		UC30_GET_/counterparties	1782723973408	1782723973651	OK	 
REQUEST		UC27_GET_/organization	1782723973508	1782723973691	OK	 
REQUEST		UC30_GET_/counterparties	1782723973608	1782723973766	OK	 
REQUEST		UC25_GET_/active-switchers	1782723973718	1782723973881	OK	 
REQUEST		UC32_GET_/compliance-profile	1782723973827	1782723973980	OK	 
REQUEST		UC26_GET_/system-parameters	1782723973890	1782723974071	OK	 
REQUEST		UC27_GET_/organization	1782723974015	1782723974182	OK	 
REQUEST		UC27_GET_/organization	1782723974109	1782723974278	OK	 
REQUEST		UC27_GET_/organization	1782723974218	1782723974399	OK	 
REQUEST		UC26_GET_/system-parameters	1782723974313	1782723974479	OK	 
REQUEST		UC31_GET_/compliance-profile/contacts	1782723974408	1782723974583	OK	 
REQUEST		UC28_GET_/compliance-profile/mtb	1782723974516	1782723974696	OK	 
REQUEST		UC31_GET_/compliance-profile/contacts	1782723974609	1782723974783	OK	 
REQUEST		UC26_GET_/system-parameters	1782723974718	1782723974894	OK	 
REQUEST		UC33_GET_/detail	1782723974798	1782723974999	OK	 
REQUEST		UC27_GET_/organization	1782723974890	1782723975057	OK	 
REQUEST		UC28_GET_/compliance-profile/mtb	1782723975015	1782723975169	OK	 
REQUEST		UC28_GET_/compliance-profile/mtb	1782723975124	1782723975290	OK	 
REQUEST		UC28_GET_/compliance-profile/mtb	1782723975218	1782723975388	OK	 
REQUEST		UC27_GET_/organization	1782723975312	1782723975490	OK	 
REQUEST		UC32_GET_/compliance-profile	1782723975408	1782723975582	OK	 
REQUEST		UC29_GET_/dopInfo	1782723975515	1782723975690	OK	 
REQUEST		UC32_GET_/compliance-profile	1782723975610	1782723975772	OK	 
REQUEST		UC27_GET_/organization	1782723975717	1782723975895	OK	 
REQUEST		UC34_DELETE_/alert	1782723975811	1782723976019	OK	 
REQUEST		UC28_GET_/compliance-profile/mtb	1782723975889	1782723976063	OK	 
REQUEST		UC29_GET_/dopInfo	1782723976014	1782723976168	OK	 
REQUEST		UC29_GET_/dopInfo	1782723976108	1782723976287	OK	 
REQUEST		UC29_GET_/dopInfo	1782723976208	1782723976367	OK	 
REQUEST		UC28_GET_/compliance-profile/mtb	1782723976313	1782723976473	OK	 
REQUEST		UC33_GET_/detail	1782723976408	1782723976614	OK	 
REQUEST		UC30_GET_/counterparties	1782723976516	1782723976690	OK	 
REQUEST		UC33_GET_/detail	1782723976610	1782723976791	OK	 
REQUEST		UC28_GET_/compliance-profile/mtb	1782723976718	1782723976895	OK	 
REQUEST		UC35_POST_/organization	1782723976812	1782723977016	OK	 
REQUEST		UC29_GET_/dopInfo	1782723976890	1782723977045	OK	 
REQUEST		UC30_GET_/counterparties	1782723977015	1782723977179	OK	 
REQUEST		UC30_GET_/counterparties	1782723977109	1782723977282	OK	 
REQUEST		UC30_GET_/counterparties	1782723977209	1782723977364	OK	 
REQUEST		UC29_GET_/dopInfo	1782723977312	1782723977465	OK	 
REQUEST		UC34_DELETE_/alert	1782723977408	1782723977607	OK	 
REQUEST		UC31_GET_/compliance-profile/contacts	1782723977515	1782723977683	OK	 
REQUEST		UC34_DELETE_/alert	1782723977609	1782723977812	OK	 
REQUEST		UC29_GET_/dopInfo	1782723977703	1782723977867	OK	 
REQUEST		UC36_POST_/mtb	1782723977827	1782723978037	OK	 
REQUEST		UC30_GET_/counterparties	1782723977890	1782723978052	OK	 
REQUEST		UC31_GET_/compliance-profile/contacts	1782723978015	1782723978188	OK	 
REQUEST		UC31_GET_/compliance-profile/contacts	1782723978109	1782723978294	OK	 
REQUEST		UC31_GET_/compliance-profile/contacts	1782723978208	1782723978384	OK	 
REQUEST		UC30_GET_/counterparties	1782723978312	1782723978461	OK	 
REQUEST		UC35_POST_/organization	1782723978408	1782723978645	OK	 
REQUEST		UC32_GET_/compliance-profile	1782723978515	1782723978689	OK	 
REQUEST		UC35_POST_/organization	1782723978609	1782723978828	OK	 
REQUEST		UC30_GET_/counterparties	1782723978718	1782723978889	OK	 
REQUEST		UC37_POST_/dopInfo	1782723978827	1782723979039	OK	 
REQUEST		UC31_GET_/compliance-profile/contacts	1782723978889	1782723979073	OK	 
REQUEST		UC32_GET_/compliance-profile	1782723979014	1782723979180	OK	 
REQUEST		UC32_GET_/compliance-profile	1782723979109	1782723979292	OK	 
REQUEST		UC32_GET_/compliance-profile	1782723979218	1782723979395	OK	 
REQUEST		UC31_GET_/compliance-profile/contacts	1782723979312	1782723979471	OK	 
REQUEST		UC36_POST_/mtb	1782723979408	1782723979637	OK	 
REQUEST		UC33_GET_/detail	1782723979515	1782723979710	OK	 
REQUEST		UC36_POST_/mtb	1782723979608	1782723979818	OK	 
REQUEST		UC31_GET_/compliance-profile/contacts	1782723979718	1782723979900	OK	 
REQUEST		UC38_POST_/counterparties	1782723979798	1782723980029	OK	 
REQUEST		UC32_GET_/compliance-profile	1782723979882	1782723980055	OK	 
REQUEST		UC33_GET_/detail	1782723979988	1782723980182	OK	 
REQUEST		UC33_GET_/detail	1782723980094	1782723980282	OK	 
REQUEST		UC33_GET_/detail	1782723980188	1782723980387	OK	 
REQUEST		UC32_GET_/compliance-profile	1782723980298	1782723980467	OK	 
REQUEST		UC37_POST_/dopInfo	1782723980388	1782723980615	OK	 
REQUEST		UC34_DELETE_/alert	1782723980488	1782723980725	OK	 
REQUEST		UC37_POST_/dopInfo	1782723980593	1782723980768	OK	 
REQUEST		UC32_GET_/compliance-profile	1782723980719	1782723980886	OK	 
REQUEST		UC39_POST_/contacts	1782723980812	1782723981003	OK	 
REQUEST		UC33_GET_/detail	1782723980878	1782723981079	OK	 
REQUEST		UC34_DELETE_/alert	1782723980999	1782723981187	OK	 
REQUEST		UC34_DELETE_/alert	1782723981098	1782723981303	OK	 
REQUEST		UC34_DELETE_/alert	1782723981203	1782723981444	OK	 
REQUEST		UC33_GET_/detail	1782723981298	1782723981476	OK	 
REQUEST		UC38_POST_/counterparties	1782723981406	1782723981610	OK	 
REQUEST		UC35_POST_/organization	1782723981500	1782723981693	OK	 
REQUEST		UC38_POST_/counterparties	1782723981598	1782723981796	OK	 
REQUEST		UC33_GET_/detail	1782723981703	1782723981920	OK	 
REQUEST		UC40_GET_/mop2/{fflId}	1782723981798	1782723982016	OK	 
REQUEST		UC34_DELETE_/alert	1782723981890	1782723982083	OK	 
REQUEST		UC35_POST_/organization	1782723982015	1782723982199	OK	 
REQUEST		UC35_POST_/organization	1782723982109	1782723982303	OK	 
REQUEST		UC35_POST_/organization	1782723982208	1782723982430	OK	 
REQUEST		UC34_DELETE_/alert	1782723982313	1782723982493	OK	 
REQUEST		UC39_POST_/contacts	1782723982408	1782723982624	OK	 
REQUEST		UC36_POST_/mtb	1782723982511	1782723982692	OK	 
REQUEST		UC39_POST_/contacts	1782723982608	1782723982809	OK	 
REQUEST		UC34_DELETE_/alert	1782723982717	1782723982940	OK	 
REQUEST		UC41_GET_/onboarding/{fflId}	1782723982811	1782723982991	OK	 
USER	EFSFinmonWebDebug	END	1782723982995
USER	EFSFinmonWebDebug	START	1782723982995
REQUEST		UC35_POST_/organization	1782723982889	1782723983090	OK	 
REQUEST		UC36_POST_/mtb	1782723983014	1782723983206	OK	 
REQUEST		UC36_POST_/mtb	1782723983109	1782723983315	OK	 
REQUEST		UC36_POST_/mtb	1782723983218	1782723983422	OK	 
REQUEST		UC35_POST_/organization	1782723983313	1782723983510	OK	 
REQUEST		UC40_GET_/mop2/{fflId}	1782723983408	1782723983652	OK	 
REQUEST		UC37_POST_/dopInfo	1782723983516	1782723983711	OK	 
REQUEST		UC40_GET_/mop2/{fflId}	1782723983609	1782723983830	OK	 
REQUEST		UC35_POST_/organization	1782723983718	1782723983923	OK	 
REQUEST	LoginWeb	first_login	1782723983812	1782723983962	OK	 
REQUEST		UC36_POST_/mtb	1782723983890	1782723984100	OK	 
REQUEST		UC37_POST_/dopInfo	1782723984015	1782723984226	OK	 
REQUEST		UC37_POST_/dopInfo	1782723984124	1782723984328	OK	 
REQUEST		UC37_POST_/dopInfo	1782723984218	1782723984417	OK	 
REQUEST		UC36_POST_/mtb	1782723984312	1782723984494	OK	 
REQUEST		UC41_GET_/onboarding/{fflId}	1782723984408	1782723984598	OK	 
USER	EFSFinmonWebDebug	END	1782723984605
USER	EFSFinmonWebDebug	START	1782723984605
REQUEST		UC38_POST_/counterparties	1782723984515	1782723984729	OK	 
REQUEST		UC41_GET_/onboarding/{fflId}	1782723984609	1782723984799	OK	 
USER	EFSFinmonWebDebug	END	1782723984804
USER	EFSFinmonWebDebug	START	1782723984804
REQUEST		UC36_POST_/mtb	1782723984718	1782723984942	OK	 
REQUEST	LoginWeb	settingsLogin	1782723984812	1782723985007	OK	 
REQUEST		UC37_POST_/dopInfo	1782723984890	1782723985076	OK	 
REQUEST		UC38_POST_/counterparties	1782723985015	1782723985201	OK	 
REQUEST		UC38_POST_/counterparties	1782723985109	1782723985307	OK	 
REQUEST		UC38_POST_/counterparties	1782723985217	1782723985411	OK	 
REQUEST		UC37_POST_/dopInfo	1782723985312	1782723985505	OK	 
REQUEST	LoginWeb	first_login	1782723985408	1782723985600	OK	 
REQUEST		UC39_POST_/contacts	1782723985515	1782723985713	OK	 
REQUEST	LoginWeb	first_login	1782723985609	1782723985774	OK	 
REQUEST		UC37_POST_/dopInfo	1782723985718	1782723985935	OK	 
REQUEST	LoginWeb	newsLogin	1782723985812	1782723986016	OK	 
REQUEST		UC38_POST_/counterparties	1782723985890	1782723986094	OK	 
REQUEST		UC39_POST_/contacts	1782723986015	1782723986220	OK	 
REQUEST		UC39_POST_/contacts	1782723986109	1782723986296	OK	 
REQUEST		UC39_POST_/contacts	1782723986212	1782723986412	OK	 
REQUEST		UC38_POST_/counterparties	1782723986312	1782723986502	OK	 
REQUEST	LoginWeb	settingsLogin	1782723986415	1782723986626	OK	 
REQUEST		UC40_GET_/mop2/{fflId}	1782723986508	1782723986736	OK	 
REQUEST		UC38_POST_/counterparties	1782723986698	1782723986897	OK	 
REQUEST	LoginWeb	preLogin	1782723986798	1782723987014	OK	 
REQUEST		UC39_POST_/contacts	1782723986889	1782723987092	OK	 
REQUEST	LoginWeb	settingsLogin	1782723986618	1782723987124	OK	 
REQUEST		UC40_GET_/mop2/{fflId}	1782723987014	1782723987232	OK	 
REQUEST		UC40_GET_/mop2/{fflId}	1782723987108	1782723987331	OK	 
REQUEST		UC40_GET_/mop2/{fflId}	1782723987217	1782723987459	OK	 
REQUEST		UC39_POST_/contacts	1782723987312	1782723987515	OK	 
REQUEST		UC41_GET_/onboarding/{fflId}	1782723987515	1782723987684	OK	 
USER	EFSFinmonWebDebug	END	1782723987687
USER	EFSFinmonWebDebug	START	1782723987688
REQUEST		UC39_POST_/contacts	1782723987598	1782723987825	OK	 
REQUEST	LoginWeb	login	1782723987703	1782723987988	OK	 
REQUEST		UC40_GET_/mop2/{fflId}	1782723987818	1782723988036	OK	 
REQUEST	LoginWeb	newsLogin	1782723987890	1782723988104	OK	 
REQUEST		UC41_GET_/onboarding/{fflId}	1782723988015	1782723988193	OK	 
USER	EFSFinmonWebDebug	END	1782723988197
USER	EFSFinmonWebDebug	START	1782723988198
REQUEST		UC41_GET_/onboarding/{fflId}	1782723988109	1782723988298	OK	 
USER	EFSFinmonWebDebug	END	1782723988302
USER	EFSFinmonWebDebug	START	1782723988302
REQUEST		UC41_GET_/onboarding/{fflId}	1782723988208	1782723988411	OK	 
USER	EFSFinmonWebDebug	END	1782723988415
USER	EFSFinmonWebDebug	START	1782723988415
REQUEST	LoginWeb	newsLogin	1782723987408	1782723988436	OK	 
REQUEST		UC40_GET_/mop2/{fflId}	1782723988313	1782723988541	OK	 
REQUEST	LoginWeb	first_login	1782723988408	1782723988554	OK	 
REQUEST		UC40_GET_/mop2/{fflId}	1782723988514	1782723988748	OK	 
REQUEST		UC41_GET_/onboarding/{fflId}	1782723988717	1782723988894	OK	 
USER	EFSFinmonWebDebug	END	1782723988898
USER	EFSFinmonWebDebug	START	1782723988898
REQUEST	LoginWeb	preLogin	1782723988811	1782723989027	OK	 
REQUEST	LoginWeb	first_login	1782723988889	1782723989049	OK	 
REQUEST	LoginWeb	first_login	1782723989014	1782723989170	OK	 
REQUEST	LoginWeb	first_login	1782723989109	1782723989288	OK	 
REQUEST	LoginWeb	create	1782723988608	1782723989368	OK	 
REQUEST	LoginWeb	preLogin	1782723989218	1782723989442	OK	 
REQUEST		UC41_GET_/onboarding/{fflId}	1782723989313	1782723989476	OK	 
USER	EFSFinmonWebDebug	END	1782723989479
USER	EFSFinmonWebDebug	START	1782723989480
REQUEST	LoginWeb	settingsLogin	1782723989412	1782723989577	OK	 
REQUEST		UC41_GET_/onboarding/{fflId}	1782723989515	1782723989695	OK	 
USER	EFSFinmonWebDebug	END	1782723989698
USER	EFSFinmonWebDebug	START	1782723989698
REQUEST	LoginWeb	first_login	1782723989609	1782723989780	OK	 
REQUEST	LoginWeb	login	1782723989718	1782723989982	OK	 
REQUEST	LoginWeb	settingsLogin	1782723989808	1782723989986	OK	 
REQUEST	LoginWeb	settingsLogin	1782723989892	1782723990093	OK	 
REQUEST	LoginWeb	settingsLogin	1782723990013	1782723990193	OK	 
REQUEST	LoginWeb	decrypt	1782723990124	1782723990202	OK	 
GROUP	LoginWeb	1782723982995	1782723990204	1888	OK
ERROR	UC01_POST_/file-upload: Failed to build request: No attribute named 'requestId' is defined 	1782723990204
ERROR	UC02_POST_/send-to-bank: Failed to build request: No attribute named 'requestId' is defined 	1782723990204
REQUEST	LoginWeb	login	1782723990217	1782723990459	OK	 
REQUEST	LoginWeb	first_login	1782723990312	1782723990474	OK	 
REQUEST	LoginWeb	newsLogin	1782723990408	1782723990615	OK	 
REQUEST	LoginWeb	first_login	1782723990514	1782723990677	OK	 
REQUEST	LoginWeb	settingsLogin	1782723990608	1782723990778	OK	 
REQUEST	LoginWeb	newsLogin	1782723990811	1782723990998	OK	 
REQUEST	LoginWeb	newsLogin	1782723990889	1782723991084	OK	 
REQUEST	LoginWeb	newsLogin	1782723991014	1782723991216	OK	 
REQUEST		UC03_GET_/params	1782723991109	1782723991425	OK	 
ERROR	UC04_POST_/delete-file: Failed to build request: No attribute named 'pprbId' is defined 	1782723991426
REQUEST	LoginWeb	create	1782723990717	1782723991476	OK	 
REQUEST	LoginWeb	settingsLogin	1782723991312	1782723991509	OK	 
REQUEST	LoginWeb	preLogin	1782723991408	1782723991645	OK	 
REQUEST	LoginWeb	settingsLogin	1782723991511	1782723991692	OK	 
REQUEST	LoginWeb	newsLogin	1782723991609	1782723991836	OK	 
REQUEST	LoginWeb	preLogin	1782723991718	1782723991922	OK	 
REQUEST	LoginWeb	create	1782723991218	1782723992027	OK	 
REQUEST	LoginWeb	preLogin	1782723991812	1782723992071	OK	 
REQUEST	LoginWeb	preLogin	1782723991890	1782723992109	OK	 
REQUEST	LoginWeb	decrypt	1782723992109	1782723992195	OK	 
GROUP	LoginWeb	1782723984804	1782723992196	2210	OK
ERROR	UC01_POST_/file-upload: Failed to build request: No attribute named 'requestId' is defined 	1782723992196
ERROR	UC02_POST_/send-to-bank: Failed to build request: No attribute named 'requestId' is defined 	1782723992196
REQUEST		UC05_GET_/download/{fileid}	1782723992015	1782723992203	OK	 
ERROR	UC06_GET_/detail-with-attachments/{fflId}: Failed to build request: No attribute named 'fflId' is defined 	1782723992204
REQUEST	LoginWeb	newsLogin	1782723992218	1782723992399	OK	 
REQUEST	LoginWeb	login	1782723992313	1782723992587	OK	 
REQUEST	LoginWeb	newsLogin	1782723992408	1782723992605	OK	 
REQUEST	LoginWeb	preLogin	1782723992516	1782723992752	OK	 
REQUEST	LoginWeb	decrypt	1782723992708	1782723992785	OK	 
GROUP	LoginWeb	1782723984605	1782723992786	2783	OK
ERROR	UC01_POST_/file-upload: Failed to build request: No attribute named 'requestId' is defined 	1782723992786
ERROR	UC02_POST_/send-to-bank: Failed to build request: No attribute named 'requestId' is defined 	1782723992786
REQUEST	LoginWeb	login	1782723992609	1782723992854	OK	 
REQUEST	LoginWeb	login	1782723992798	1782723993051	OK	 
REQUEST	LoginWeb	login	1782723992891	1782723993134	OK	 
REQUEST		UC07_POST_/inform-list	1782723993111	1782723993371	OK	 
REQUEST		UC03_GET_/params	1782723993015	1782723993421	OK	 
ERROR	UC04_POST_/delete-file: Failed to build request: No attribute named 'pprbId' is defined 	1782723993423
REQUEST	LoginWeb	preLogin	1782723993218	1782723993437	OK	 
REQUEST	LoginWeb	preLogin	1782723993408	1782723993633	OK	 
REQUEST	LoginWeb	login	1782723993515	1782723993779	OK	 
REQUEST		UC03_GET_/params	1782723993609	1782723993998	OK	 
ERROR	UC04_POST_/delete-file: Failed to build request: No attribute named 'pprbId' is defined 	1782723994000
REQUEST	LoginWeb	create	1782723993312	1782723994164	OK	 
REQUEST		UC08_POST_/send-to-bank/{fflId}	1782723994014	1782723994193	OK	 
REQUEST		UC05_GET_/download/{fileid}	1782723994109	1782723994303	OK	 
ERROR	UC06_GET_/detail-with-attachments/{fflId}: Failed to build request: No attribute named 'fflId' is defined 	1782723994305
REQUEST	LoginWeb	login	1782723994218	1782723994455	OK	 
REQUEST	LoginWeb	create	1782723993717	1782723994497	OK	 
REQUEST	LoginWeb	login	1782723994312	1782723994554	OK	 
REQUEST	LoginWeb	create	1782723993811	1782723994654	OK	 
REQUEST	LoginWeb	decrypt	1782723994609	1782723994689	OK	 
GROUP	LoginWeb	1782723987688	1782723994690	1961	OK
ERROR	UC01_POST_/file-upload: Failed to build request: No attribute named 'requestId' is defined 	1782723994690
ERROR	UC02_POST_/send-to-bank: Failed to build request: No attribute named 'requestId' is defined 	1782723994691
REQUEST		UC05_GET_/download/{fileid}	1782723994515	1782723994704	OK	 
ERROR	UC06_GET_/detail-with-attachments/{fflId}: Failed to build request: No attribute named 'fflId' is defined 	1782723994705
REQUEST	LoginWeb	create	1782723993889	1782723994724	OK	 
REQUEST		UC09_GET_/requests-and-inform	1782723994708	1782723994928	OK	 
REQUEST	LoginWeb	decrypt	1782723995016	1782723995098	OK	 
GROUP	LoginWeb	1782723988198	1782723995099	1836	OK
ERROR	UC01_POST_/file-upload: Failed to build request: No attribute named 'requestId' is defined 	1782723995099
ERROR	UC02_POST_/send-to-bank: Failed to build request: No attribute named 'requestId' is defined 	1782723995099
REQUEST		UC07_POST_/inform-list	1782723994813	1782723995140	OK	 
REQUEST	LoginWeb	create	1782723994408	1782723995287	OK	 
REQUEST	LoginWeb	decrypt	1782723995208	1782723995289	OK	 
GROUP	LoginWeb	1782723988302	1782723995294	1988	OK
ERROR	UC01_POST_/file-upload: Failed to build request: No attribute named 'requestId' is defined 	1782723995294
ERROR	UC02_POST_/send-to-bank: Failed to build request: No attribute named 'requestId' is defined 	1782723995294
REQUEST	LoginWeb	decrypt	1782723995516	1782723995596	OK	 
GROUP	LoginWeb	1782723988415	1782723995597	1938	OK
ERROR	UC01_POST_/file-upload: Failed to build request: No attribute named 'requestId' is defined 	1782723995597
ERROR	UC02_POST_/send-to-bank: Failed to build request: No attribute named 'requestId' is defined 	1782723995598
REQUEST		UC03_GET_/params	1782723995312	1782723995630	OK	 
ERROR	UC04_POST_/delete-file: Failed to build request: No attribute named 'pprbId' is defined 	1782723995631
REQUEST		UC07_POST_/inform-list	1782723995408	1782723995691	OK	 
REQUEST	LoginWeb	create	1782723994891	1782723995757	OK	 
REQUEST		UC10_POST_/mop-1-0	1782723995598	1782723995877	OK	 
REQUEST	LoginWeb	create	1782723995110	1782723995906	OK	 
REQUEST	LoginWeb	decrypt	1782723995890	1782723995970	OK	 
GROUP	LoginWeb	1782723988898	1782723995971	2027	OK
ERROR	UC01_POST_/file-upload: Failed to build request: No attribute named 'requestId' is defined 	1782723995971
ERROR	UC02_POST_/send-to-bank: Failed to build request: No attribute named 'requestId' is defined 	1782723995971
REQUEST		UC08_POST_/send-to-bank/{fflId}	1782723995798	1782723996006	OK	 
REQUEST		UC03_GET_/params	1782723995719	1782723996097	OK	 
ERROR	UC04_POST_/delete-file: Failed to build request: No attribute named 'pprbId' is defined 	1782723996098
REQUEST		UC05_GET_/download/{fileid}	1782723996218	1782723996402	OK	 
ERROR	UC06_GET_/detail-with-attachments/{fflId}: Failed to build request: No attribute named 'fflId' is defined 	1782723996404
REQUEST		UC03_GET_/params	1782723996014	1782723996421	OK	 
ERROR	UC04_POST_/delete-file: Failed to build request: No attribute named 'pprbId' is defined 	1782723996422
REQUEST	LoginWeb	decrypt	1782723996408	1782723996482	OK	 
GROUP	LoginWeb	1782723989480	1782723996483	1936	OK
ERROR	UC01_POST_/file-upload: Failed to build request: No attribute named 'requestId' is defined 	1782723996483
ERROR	UC02_POST_/send-to-bank: Failed to build request: No attribute named 'requestId' is defined 	1782723996484
REQUEST		UC03_GET_/params	1782723996109	1782723996487	OK	 
ERROR	UC04_POST_/delete-file: Failed to build request: No attribute named 'pprbId' is defined 	1782723996499
REQUEST		UC08_POST_/send-to-bank/{fflId}	1782723996327	1782723996529	OK	 
REQUEST	LoginWeb	decrypt	1782723996624	1782723996707	OK	 
GROUP	LoginWeb	1782723989698	1782723996708	1887	OK
ERROR	UC01_POST_/file-upload: Failed to build request: No attribute named 'requestId' is defined 	1782723996708
ERROR	UC02_POST_/send-to-bank: Failed to build request: No attribute named 'requestId' is defined 	1782723996708
REQUEST		UC11_POST_/online-control	1782723996515	1782723996779	OK	 
REQUEST		UC09_GET_/requests-and-inform	1782723996812	1782723997084	OK	 
REQUEST		UC03_GET_/params	1782723996718	1782723997092	OK	 
ERROR	UC04_POST_/delete-file: Failed to build request: No attribute named 'pprbId' is defined 	1782723997113
REQUEST		UC05_GET_/download/{fileid}	1782723996891	1782723997134	OK	 
ERROR	UC06_GET_/detail-with-attachments/{fflId}: Failed to build request: No attribute named 'fflId' is defined 	1782723997135
REQUEST		UC07_POST_/inform-list	1782723997016	1782723997298	OK	 
REQUEST		UC05_GET_/download/{fileid}	1782723997110	1782723997337	OK	 
ERROR	UC06_GET_/detail-with-attachments/{fflId}: Failed to build request: No attribute named 'fflId' is defined 	1782723997338
REQUEST		UC05_GET_/download/{fileid}	1782723997314	1782723997511	OK	 
ERROR	UC06_GET_/detail-with-attachments/{fflId}: Failed to build request: No attribute named 'fflId' is defined 	1782723997513
REQUEST		UC03_GET_/params	1782723997208	1782723997584	OK	 
ERROR	UC04_POST_/delete-file: Failed to build request: No attribute named 'pprbId' is defined 	1782723997585
REQUEST		UC09_GET_/requests-and-inform	1782723997408	1782723997664	OK	 
REQUEST		UC12_GET_/rehabilitation	1782723997609	1782723997888	OK	 
REQUEST		UC03_GET_/params	1782723997515	1782723997900	OK	 
ERROR	UC04_POST_/delete-file: Failed to build request: No attribute named 'pprbId' is defined 	1782723997917
REQUEST		UC10_POST_/mop-1-0	1782723997718	1782723997996	OK	 
REQUEST		UC05_GET_/download/{fileid}	1782723997812	1782723998021	OK	 
ERROR	UC06_GET_/detail-with-attachments/{fflId}: Failed to build request: No attribute named 'fflId' is defined 	1782723998022
REQUEST		UC07_POST_/inform-list	1782723997905	1782723998198	OK	 
REQUEST		UC08_POST_/send-to-bank/{fflId}	1782723998014	1782723998221	OK	 
REQUEST		UC07_POST_/inform-list	1782723998109	1782723998417	OK	 
REQUEST		UC07_POST_/inform-list	1782723998218	1782723998507	OK	 
REQUEST		UC05_GET_/download/{fileid}	1782723998313	1782723998512	OK	 
ERROR	UC06_GET_/detail-with-attachments/{fflId}: Failed to build request: No attribute named 'fflId' is defined 	1782723998523
REQUEST		UC13_GET_/unread-tabs	1782723998531	1782723998705	OK	 
REQUEST		UC10_POST_/mop-1-0	1782723998412	1782723998706	OK	 
REQUEST		UC05_GET_/download/{fileid}	1782723998624	1782723998837	OK	 
ERROR	UC06_GET_/detail-with-attachments/{fflId}: Failed to build request: No attribute named 'fflId' is defined 	1782723998838
REQUEST		UC11_POST_/online-control	1782723998718	1782723998989	OK	 
REQUEST		UC08_POST_/send-to-bank/{fflId}	1782723998874	1782723999091	OK	 
REQUEST		UC07_POST_/inform-list	1782723998828	1782723999112	OK	 
REQUEST		UC09_GET_/requests-and-inform	1782723998984	1782723999235	OK	 
REQUEST		UC08_POST_/send-to-bank/{fflId}	1782723999078	1782723999272	OK	 
REQUEST		UC08_POST_/send-to-bank/{fflId}	1782723999187	1782723999383	OK	 
REQUEST		UC14_POST_/detail	1782723999378	1782723999538	OK	 
REQUEST		UC07_POST_/inform-list	1782723999281	1782723999584	OK	 
REQUEST		UC11_POST_/online-control	1782723999478	1782723999756	OK	 
REQUEST		UC07_POST_/inform-list	1782723999578	1782723999946	OK	 
REQUEST		UC12_GET_/rehabilitation	1782723999688	1782724000017	OK	 
REQUEST		UC09_GET_/requests-and-inform	1782723999788	1782724000060	OK	 
REQUEST		UC08_POST_/send-to-bank/{fflId}	1782723999893	1782724000096	OK	 
REQUEST		UC10_POST_/mop-1-0	1782724000000	1782724000277	OK	 
REQUEST		UC09_GET_/requests-and-inform	1782724000108	1782724000379	OK	 
REQUEST		UC09_GET_/requests-and-inform	1782724000202	1782724000440	OK	 
REQUEST		UC15_POST_/callback	1782724000298	1782724000485	OK	 
REQUEST		UC08_POST_/send-to-bank/{fflId}	1782724000405	1782724000593	OK	 
REQUEST		UC12_GET_/rehabilitation	1782724000499	1782724000808	OK	 
REQUEST		UC08_POST_/send-to-bank/{fflId}	1782724000608	1782724000833	OK	 
REQUEST		UC13_GET_/unread-tabs	1782724000718	1782724000908	OK	 
REQUEST		UC10_POST_/mop-1-0	1782724000812	1782724001124	OK	 
REQUEST		UC09_GET_/requests-and-inform	1782724000878	1782724001132	OK	 
REQUEST		UC11_POST_/online-control	1782724000999	1782724001274	OK	 
REQUEST		UC10_POST_/mop-1-0	1782724001098	1782724001394	OK	 
REQUEST		UC16_PUT_/callback	1782724001298	1782724001439	OK	 
REQUEST		UC10_POST_/mop-1-0	1782724001202	1782724001480	OK	 
REQUEST		UC09_GET_/requests-and-inform	1782724001406	1782724001638	OK	 
REQUEST		UC13_GET_/unread-tabs	1782724001500	1782724001718	OK	 
REQUEST		UC09_GET_/requests-and-inform	1782724001598	1782724001874	OK	 
REQUEST		UC14_POST_/detail	1782724001703	1782724001877	OK	 
REQUEST		UC11_POST_/online-control	1782724001798	1782724002071	OK	 
REQUEST		UC10_POST_/mop-1-0	1782724001890	1782724002161	OK	 
REQUEST		UC12_GET_/rehabilitation	1782724002015	1782724002320	OK	 
REQUEST		UC11_POST_/online-control	1782724002109	1782724002386	OK	 
REQUEST		UC17_DELETE_/callback?taskId={taskIdCB}	1782724002218	1782724002414	OK	 
REQUEST		UC11_POST_/online-control	1782724002313	1782724002576	OK	 
REQUEST		UC14_POST_/detail	1782724002515	1782724002681	OK	 
REQUEST		UC10_POST_/mop-1-0	1782724002408	1782724002681	OK	 
REQUEST		UC15_POST_/callback	1782724002702	1782724002915	OK	 
REQUEST		UC10_POST_/mop-1-0	1782724002609	1782724002919	OK	 
REQUEST		UC11_POST_/online-control	1782724002890	1782724003134	OK	 
REQUEST		UC12_GET_/rehabilitation	1782724002812	1782724003150	OK	 
REQUEST		UC13_GET_/unread-tabs	1782724003015	1782724003210	OK	 
REQUEST		UC18_GET_/compliance-helper	1782724003217	1782724003391	OK	 
REQUEST		UC12_GET_/rehabilitation	1782724003108	1782724003439	OK	 
REQUEST		UC12_GET_/rehabilitation	1782724003312	1782724003620	OK	 
REQUEST		UC15_POST_/callback	1782724003408	1782724003626	OK	 
REQUEST		UC16_PUT_/callback	1782724003609	1782724003766	OK	 
REQUEST		UC11_POST_/online-control	1782724003515	1782724003808	OK	 
REQUEST		UC11_POST_/online-control	1782724003708	1782724004007	OK	 
REQUEST		UC13_GET_/unread-tabs	1782724003889	1782724004092	OK	 
REQUEST		UC12_GET_/rehabilitation	1782724003828	1782724004117	OK	 
REQUEST		UC14_POST_/detail	1782724004014	1782724004167	OK	 
REQUEST		UC19_GET_/activation	1782724004108	1782724004273	OK	 
REQUEST		UC13_GET_/unread-tabs	1782724004218	1782724004417	OK	 
REQUEST		UC13_GET_/unread-tabs	1782724004312	1782724004490	OK	 
REQUEST		UC16_PUT_/callback	1782724004408	1782724004552	OK	 
REQUEST		UC17_DELETE_/callback?taskId={taskIdCB}	1782724004515	1782724004719	OK	 
REQUEST		UC12_GET_/rehabilitation	1782724004609	1782724004909	OK	 
REQUEST		UC14_POST_/detail	1782724004827	1782724004999	OK	 
REQUEST		UC12_GET_/rehabilitation	1782724004719	1782724005041	OK	 
REQUEST		UC13_GET_/unread-tabs	1782724004889	1782724005096	OK	 
REQUEST		UC15_POST_/callback	1782724005014	1782724005220	OK	 
REQUEST		UC20_GET_/change-tariff	1782724005109	1782724005249	OK	 
REQUEST		UC14_POST_/detail	1782724005218	1782724005399	OK	 
REQUEST		UC14_POST_/detail	1782724005326	1782724005484	OK	 
REQUEST		UC17_DELETE_/callback?taskId={taskIdCB}	1782724005408	1782724005614	OK	 
REQUEST		UC18_GET_/compliance-helper	1782724005514	1782724005691	OK	 
REQUEST		UC13_GET_/unread-tabs	1782724005608	1782724005798	OK	 
REQUEST		UC15_POST_/callback	1782724005717	1782724005933	OK	 
REQUEST		UC13_GET_/unread-tabs	1782724005811	1782724006034	OK	 
REQUEST		UC14_POST_/detail	1782724005889	1782724006051	OK	 
REQUEST		UC16_PUT_/callback	1782724006014	1782724006181	OK	 
REQUEST		UC21_GET_/user-permissions	1782724006109	1782724006255	OK	 
REQUEST		UC15_POST_/callback	1782724006218	1782724006442	OK	 
REQUEST		UC15_POST_/callback	1782724006312	1782724006518	OK	 
REQUEST		UC18_GET_/compliance-helper	1782724006408	1782724006569	OK	 
REQUEST		UC19_GET_/activation	1782724006514	1782724006685	OK	 
REQUEST		UC14_POST_/detail	1782724006608	1782724006781	OK	 
REQUEST		UC16_PUT_/callback	1782724006702	1782724006870	OK	 
REQUEST		UC14_POST_/detail	1782724006811	1782724006975	OK	 
REQUEST		UC15_POST_/callback	1782724006888	1782724007086	OK	 
REQUEST		UC17_DELETE_/callback?taskId={taskIdCB}	1782724007014	1782724007207	OK	 
REQUEST		UC16_PUT_/callback	1782724007218	1782724007383	OK	 
REQUEST		UC16_PUT_/callback	1782724007312	1782724007453	OK	 
REQUEST		UC22_GET_/print-form	1782724007109	1782724007452	OK	 
REQUEST		UC19_GET_/activation	1782724007408	1782724007568	OK	 
REQUEST		UC20_GET_/change-tariff	1782724007514	1782724007681	OK	 
REQUEST		UC15_POST_/callback	1782724007608	1782724007800	OK	 
REQUEST		UC17_DELETE_/callback?taskId={taskIdCB}	1782724007717	1782724007910	OK	 
REQUEST		UC15_POST_/callback	1782724007798	1782724007998	OK	 
REQUEST		UC16_PUT_/callback	1782724007892	1782724008057	OK	 
REQUEST		UC18_GET_/compliance-helper	1782724008014	1782724008177	OK	 
REQUEST		UC17_DELETE_/callback?taskId={taskIdCB}	1782724008109	1782724008332	OK	 
REQUEST		UC17_DELETE_/callback?taskId={taskIdCB}	1782724008218	1782724008411	OK	 
REQUEST		UC20_GET_/change-tariff	1782724008408	1782724008560	OK	 
REQUEST		UC23_GET_/rejections	1782724008312	1782724008617	OK	 
REQUEST		UC21_GET_/user-permissions	1782724008514	1782724008676	OK	 
REQUEST		UC16_PUT_/callback	1782724008608	1782724008753	OK	 
REQUEST		UC18_GET_/compliance-helper	1782724008718	1782724008892	OK	 
REQUEST		UC16_PUT_/callback	1782724008827	1782724008989	OK	 
REQUEST		UC17_DELETE_/callback?taskId={taskIdCB}	1782724008889	1782724009075	OK	 
REQUEST		UC19_GET_/activation	1782724009009	1782724009166	OK	 
REQUEST		UC18_GET_/compliance-helper	1782724009109	1782724009282	OK	 
REQUEST		UC18_GET_/compliance-helper	1782724009218	1782724009379	OK	 
REQUEST		UC21_GET_/user-permissions	1782724009312	1782724009469	OK	 
REQUEST		UC24_GET_/rejection/{operationId}	1782724009408	1782724009674	OK	 
REQUEST		UC17_DELETE_/callback?taskId={taskIdCB}	1782724009609	1782724009811	OK	 
REQUEST		UC22_GET_/print-form	1782724009516	1782724009851	OK	 
REQUEST		UC19_GET_/activation	1782724009716	1782724009873	OK	 
REQUEST		UC17_DELETE_/callback?taskId={taskIdCB}	1782724009809	1782724010019	OK	 
REQUEST		UC18_GET_/compliance-helper	1782724009888	1782724010052	OK	 
REQUEST		UC20_GET_/change-tariff	1782724010003	1782724010157	OK	 
REQUEST		UC19_GET_/activation	1782724010108	1782724010259	OK	 
REQUEST		UC19_GET_/activation	1782724010202	1782724010363	OK	 
REQUEST		UC25_GET_/active-switchers	1782724010406	1782724010562	OK	 
REQUEST		UC22_GET_/print-form	1782724010298	1782724010656	OK	 
REQUEST		UC18_GET_/compliance-helper	1782724010499	1782724010661	OK	 
REQUEST		UC20_GET_/change-tariff	1782724010708	1782724010863	OK	 
REQUEST		UC18_GET_/compliance-helper	1782724010798	1782724010977	OK	 
REQUEST		UC23_GET_/rejections	1782724010608	1782724011017	OK	 
REQUEST		UC19_GET_/activation	1782724010878	1782724011036	OK	 
REQUEST		UC21_GET_/user-permissions	1782724011000	1782724011165	OK	 
REQUEST		UC20_GET_/change-tariff	1782724011098	1782724011264	OK	 
REQUEST		UC20_GET_/change-tariff	1782724011202	1782724011358	OK	 
REQUEST		UC26_GET_/system-parameters	1782724011298	1782724011457	OK	 
REQUEST		UC19_GET_/activation	1782724011500	1782724011660	OK	 
REQUEST		UC21_GET_/user-permissions	1782724011598	1782724011763	OK	 
REQUEST		UC23_GET_/rejections	1782724011407	1782724011830	OK	 
REQUEST		UC19_GET_/activation	1782724011688	1782724011853	OK	 
REQUEST		UC20_GET_/change-tariff	1782724011889	1782724012064	OK	 
REQUEST		UC24_GET_/rejection/{operationId}	1782724011798	1782724012080	OK	 
REQUEST		UC21_GET_/user-permissions	1782724012111	1782724012273	OK	 
REQUEST		UC22_GET_/print-form	1782724012014	1782724012344	OK	 
REQUEST		UC21_GET_/user-permissions	1782724012217	1782724012385	OK	 
REQUEST		UC27_GET_/organization	1782724012317	1782724012477	OK	 
REQUEST		UC20_GET_/change-tariff	1782724012411	1782724012579	OK	 
REQUEST		UC22_GET_/print-form	1782724012508	1782724012849	OK	 
REQUEST		UC20_GET_/change-tariff	1782724012708	1782724012874	OK	 
REQUEST		UC24_GET_/rejection/{operationId}	1782724012614	1782724012914	OK	 
REQUEST		UC21_GET_/user-permissions	1782724012827	1782724012984	OK	 
REQUEST		UC25_GET_/active-switchers	1782724012890	1782724013058	OK	 
REQUEST		UC22_GET_/print-form	1782724013015	1782724013366	OK	 
REQUEST		UC23_GET_/rejections	1782724013108	1782724013459	OK	 
REQUEST		UC28_GET_/compliance-profile/mtb	1782724013308	1782724013460	OK	 
REQUEST		UC21_GET_/user-permissions	1782724013415	1782724013554	OK	 
REQUEST		UC22_GET_/print-form	1782724013218	1782724013573	OK	 
REQUEST		UC21_GET_/user-permissions	1782724013603	1782724013772	OK	 
REQUEST		UC25_GET_/active-switchers	1782724013712	1782724013898	OK	 
REQUEST		UC23_GET_/rejections	1782724013509	1782724013928	OK	 
REQUEST		UC26_GET_/system-parameters	1782724013890	1782724014060	OK	 
REQUEST		UC22_GET_/print-form	1782724013812	1782724014121	OK	 
REQUEST		UC29_GET_/dopInfo	1782724014213	1782724014367	OK	 
REQUEST		UC24_GET_/rejection/{operationId}	1782724014108	1782724014381	OK	 
REQUEST		UC23_GET_/rejections	1782724014015	1782724014413	OK	 
REQUEST		UC22_GET_/print-form	1782724014311	1782724014656	OK	 
REQUEST		UC23_GET_/rejections	1782724014408	1782724014755	OK	 
REQUEST		UC26_GET_/system-parameters	1782724014608	1782724014784	OK	 
REQUEST		UC22_GET_/print-form	1782724014514	1782724014835	OK	 
REQUEST		UC27_GET_/organization	1782724014798	1782724014967	OK	 
REQUEST		UC24_GET_/rejection/{operationId}	1782724014717	1782724015014	OK	 
REQUEST		UC30_GET_/counterparties	1782724015014	1782724015169	OK	 
REQUEST		UC23_GET_/rejections	1782724014889	1782724015252	OK	 
REQUEST		UC25_GET_/active-switchers	1782724015118	1782724015283	OK	 
REQUEST		UC24_GET_/rejection/{operationId}	1782724015212	1782724015494	OK	 
REQUEST		UC27_GET_/organization	1782724015515	1782724015699	OK	 
REQUEST		UC24_GET_/rejection/{operationId}	1782724015421	1782724015704	OK	 
REQUEST		UC23_GET_/rejections	1782724015316	1782724015705	OK	 
REQUEST		UC28_GET_/compliance-profile/mtb	1782724015718	1782724015869	OK	 
REQUEST		UC25_GET_/active-switchers	1782724015812	1782724016000	OK	 
REQUEST		UC23_GET_/rejections	1782724015609	1782724016032	OK	 
REQUEST		UC31_GET_/compliance-profile/contacts	1782724015890	1782724016041	OK	 
REQUEST		UC26_GET_/system-parameters	1782724016118	1782724016272	OK	 
REQUEST		UC24_GET_/rejection/{operationId}	1782724016014	1782724016277	OK	 
REQUEST		UC25_GET_/active-switchers	1782724016216	1782724016392	OK	 
REQUEST		UC28_GET_/compliance-profile/mtb	1782724016308	1782724016477	OK	 
REQUEST		UC25_GET_/active-switchers	1782724016410	1782724016586	OK	 
REQUEST		UC29_GET_/dopInfo	1782724016608	1782724016772	OK	 
REQUEST		UC24_GET_/rejection/{operationId}	1782724016515	1782724016806	OK	 
REQUEST		UC26_GET_/system-parameters	1782724016717	1782724016887	OK	 
REQUEST		UC32_GET_/compliance-profile	1782724016888	1782724017046	OK	 
REQUEST		UC24_GET_/rejection/{operationId}	1782724016826	1782724017131	OK	 
REQUEST		UC27_GET_/organization	1782724017014	1782724017176	OK	 
REQUEST		UC25_GET_/active-switchers	1782724017108	1782724017286	OK	 
REQUEST		UC26_GET_/system-parameters	1782724017218	1782724017392	OK	 
REQUEST		UC29_GET_/dopInfo	1782724017312	1782724017479	OK	 
REQUEST		UC26_GET_/system-parameters	1782724017408	1782724017678	OK	 
REQUEST		UC30_GET_/counterparties	1782724017515	1782724017680	OK	 
REQUEST		UC25_GET_/active-switchers	1782724017608	1782724017788	OK	 
REQUEST		UC27_GET_/organization	1782724017718	1782724017896	OK	 
REQUEST		UC33_GET_/detail	1782724017798	1782724017981	OK	 
REQUEST		UC25_GET_/active-switchers	1782724017878	1782724018065	OK	 
REQUEST		UC28_GET_/compliance-profile/mtb	1782724017999	1782724018160	OK	 
REQUEST		UC26_GET_/system-parameters	1782724018098	1782724018261	OK	 
REQUEST		UC27_GET_/organization	1782724018203	1782724018396	OK	 
REQUEST		UC30_GET_/counterparties	1782724018298	1782724018471	OK	 
REQUEST		UC27_GET_/organization	1782724018407	1782724018582	OK	 
REQUEST		UC31_GET_/compliance-profile/contacts	1782724018500	1782724018703	OK	 
REQUEST		UC26_GET_/system-parameters	1782724018608	1782724018798	OK	 
REQUEST		UC28_GET_/compliance-profile/mtb	1782724018688	1782724018860	OK	 
REQUEST		UC34_DELETE_/alert	1782724018795	1782724018982	OK	 
REQUEST		UC26_GET_/system-parameters	1782724018889	1782724019069	OK	 
REQUEST		UC29_GET_/dopInfo	1782724019014	1782724019174	OK	 
REQUEST		UC27_GET_/organization	1782724019108	1782724019260	OK	 
REQUEST		UC28_GET_/compliance-profile/mtb	1782724019217	1782724019393	OK	 
REQUEST		UC31_GET_/compliance-profile/contacts	1782724019312	1782724019500	OK	 
REQUEST		UC28_GET_/compliance-profile/mtb	1782724019408	1782724019572	OK	 
REQUEST		UC32_GET_/compliance-profile	1782724019515	1782724019677	OK	 
REQUEST		UC27_GET_/organization	1782724019608	1782724019771	OK	 
REQUEST		UC29_GET_/dopInfo	1782724019718	1782724019883	OK	 
REQUEST		UC35_POST_/organization	1782724019803	1782724019996	OK	 
REQUEST		UC27_GET_/organization	1782724019896	1782724020092	OK	 
REQUEST		UC30_GET_/counterparties	1782724019998	1782724020170	OK	 
REQUEST		UC28_GET_/compliance-profile/mtb	1782724020109	1782724020271	OK	 
REQUEST		UC29_GET_/dopInfo	1782724020202	1782724020383	OK	 
REQUEST		UC32_GET_/compliance-profile	1782724020298	1782724020468	OK	 
REQUEST		UC29_GET_/dopInfo	1782724020406	1782724020550	OK	 
REQUEST		UC33_GET_/detail	1782724020499	1782724020683	OK	 
REQUEST		UC28_GET_/compliance-profile/mtb	1782724020598	1782724020759	OK	 
REQUEST		UC30_GET_/counterparties	1782724020701	1782724020876	OK	 
REQUEST		UC36_POST_/mtb	1782724020811	1782724020990	OK	 
REQUEST		UC28_GET_/compliance-profile/mtb	1782724020873	1782724021063	OK	 
REQUEST		UC31_GET_/compliance-profile/contacts	1782724020983	1782724021152	OK	 
REQUEST		UC29_GET_/dopInfo	1782724021078	1782724021234	OK	 
REQUEST		UC30_GET_/counterparties	1782724021186	1782724021377	OK	 
REQUEST		UC33_GET_/detail	1782724021281	1782724021504	OK	 
REQUEST		UC30_GET_/counterparties	1782724021378	1782724021538	OK	 
REQUEST		UC34_DELETE_/alert	1782724021484	1782724021687	OK	 
REQUEST		UC29_GET_/dopInfo	1782724021578	1782724021722	OK	 
REQUEST		UC31_GET_/compliance-profile/contacts	1782724021703	1782724021888	OK	 
REQUEST		UC37_POST_/dopInfo	1782724021798	1782724021996	OK	 
REQUEST		UC29_GET_/dopInfo	1782724021878	1782724022073	OK	 
REQUEST		UC32_GET_/compliance-profile	1782724021999	1782724022144	OK	 
REQUEST		UC30_GET_/counterparties	1782724022098	1782724022255	OK	 
REQUEST		UC31_GET_/compliance-profile/contacts	1782724022203	1782724022390	OK	 
REQUEST		UC34_DELETE_/alert	1782724022298	1782724022522	OK	 
REQUEST		UC31_GET_/compliance-profile/contacts	1782724022406	1782724022565	OK	 
REQUEST		UC35_POST_/organization	1782724022500	1782724022721	OK	 
REQUEST		UC30_GET_/counterparties	1782724022598	1782724022764	OK	 
REQUEST		UC32_GET_/compliance-profile	1782724022688	1782724022861	OK	 
REQUEST		UC38_POST_/counterparties	1782724022802	1782724023007	OK	 
REQUEST		UC30_GET_/counterparties	1782724022889	1782724023144	OK	 
REQUEST		UC33_GET_/detail	1782724023014	1782724023200	OK	 
REQUEST		UC31_GET_/compliance-profile/contacts	1782724023109	1782724023254	OK	 
REQUEST		UC32_GET_/compliance-profile	1782724023218	1782724023378	OK	 
REQUEST		UC35_POST_/organization	1782724023308	1782724023538	OK	 
REQUEST		UC32_GET_/compliance-profile	1782724023408	1782724023560	OK	 
REQUEST		UC36_POST_/mtb	1782724023514	1782724023715	OK	 
REQUEST		UC31_GET_/compliance-profile/contacts	1782724023608	1782724023754	OK	 
REQUEST		UC33_GET_/detail	1782724023718	1782724023920	OK	 
REQUEST		UC39_POST_/contacts	1782724023811	1782724024022	OK	 
REQUEST		UC31_GET_/compliance-profile/contacts	1782724023889	1782724024043	OK	 
REQUEST		UC34_DELETE_/alert	1782724024014	1782724024208	OK	 
REQUEST		UC32_GET_/compliance-profile	1782724024109	1782724024267	OK	 
REQUEST		UC33_GET_/detail	1782724024218	1782724024417	OK	 
REQUEST		UC36_POST_/mtb	1782724024313	1782724024559	OK	 
REQUEST		UC33_GET_/detail	1782724024408	1782724024587	OK	 
REQUEST		UC37_POST_/dopInfo	1782724024514	1782724024744	OK	 
REQUEST		UC32_GET_/compliance-profile	1782724024608	1782724024766	OK	 
REQUEST		UC34_DELETE_/alert	1782724024717	1782724024930	OK	 
REQUEST		UC40_GET_/mop2/{fflId}	1782724024811	1782724025042	OK	 
REQUEST		UC32_GET_/compliance-profile	1782724024889	1782724025048	OK	 
REQUEST		UC35_POST_/organization	1782724025014	1782724025232	OK	 
REQUEST		UC33_GET_/detail	1782724025109	1782724025300	OK	 
REQUEST		UC34_DELETE_/alert	1782724025218	1782724025427	OK	 
REQUEST		UC37_POST_/dopInfo	1782724025313	1782724025534	OK	 
REQUEST		UC34_DELETE_/alert	1782724025408	1782724025606	OK	 
REQUEST		UC38_POST_/counterparties	1782724025515	1782724025751	OK	 
REQUEST		UC33_GET_/detail	1782724025608	1782724025789	OK	 
REQUEST		UC35_POST_/organization	1782724025702	1782724025922	OK	 
REQUEST		UC41_GET_/onboarding/{fflId}	1782724025798	1782724025976	OK	 
USER	EFSFinmonWebDebug	END	1782724025980
USER	EFSFinmonWebDebug	START	1782724025980
REQUEST		UC33_GET_/detail	1782724025890	1782724026087	OK	 
REQUEST		UC36_POST_/mtb	1782724026014	1782724026228	OK	 
REQUEST		UC34_DELETE_/alert	1782724026108	1782724026315	OK	 
REQUEST		UC35_POST_/organization	1782724026218	1782724026436	OK	 
REQUEST		UC38_POST_/counterparties	1782724026312	1782724026510	OK	 
REQUEST		UC35_POST_/organization	1782724026408	1782724026607	OK	 
REQUEST		UC39_POST_/contacts	1782724026508	1782724026696	OK	 
REQUEST		UC34_DELETE_/alert	1782724026608	1782724026811	OK	 
REQUEST		UC36_POST_/mtb	1782724026718	1782724026938	OK	 
REQUEST	LoginWeb	first_login	1782724026827	1782724026972	OK	 
REQUEST		UC34_DELETE_/alert	1782724026889	1782724027091	OK	 
REQUEST		UC37_POST_/dopInfo	1782724027014	1782724027205	OK	 
REQUEST		UC35_POST_/organization	1782724027109	1782724027323	OK	 
REQUEST		UC36_POST_/mtb	1782724027218	1782724027437	OK	 
REQUEST		UC39_POST_/contacts	1782724027313	1782724027517	OK	 
REQUEST		UC36_POST_/mtb	1782724027408	1782724027617	OK	 
REQUEST		UC40_GET_/mop2/{fflId}	1782724027516	1782724027747	OK	 
REQUEST		UC35_POST_/organization	1782724027608	1782724027832	OK	 
REQUEST		UC37_POST_/dopInfo	1782724027717	1782724027923	OK	 
REQUEST	LoginWeb	settingsLogin	1782724027811	1782724027978	OK	 
REQUEST		UC35_POST_/organization	1782724027889	1782724028111	OK	 
REQUEST		UC38_POST_/counterparties	1782724028014	1782724028217	OK	 
REQUEST		UC36_POST_/mtb	1782724028124	1782724028317	OK	 
REQUEST		UC37_POST_/dopInfo	1782724028218	1782724028436	OK	 
REQUEST		UC40_GET_/mop2/{fflId}	1782724028313	1782724028549	OK	 
REQUEST		UC37_POST_/dopInfo	1782724028408	1782724028603	OK	 
REQUEST		UC41_GET_/onboarding/{fflId}	1782724028516	1782724028758	OK	 
USER	EFSFinmonWebDebug	END	1782724028762
USER	EFSFinmonWebDebug	START	1782724028762
REQUEST		UC36_POST_/mtb	1782724028609	1782724028803	OK	 
REQUEST		UC38_POST_/counterparties	1782724028718	1782724028940	OK	 
REQUEST	LoginWeb	newsLogin	1782724028798	1782724029009	OK	 
REQUEST		UC36_POST_/mtb	1782724028890	1782724029113	OK	 
REQUEST		UC39_POST_/contacts	1782724029015	1782724029218	OK	 
REQUEST		UC37_POST_/dopInfo	1782724029109	1782724029295	OK	 
REQUEST		UC38_POST_/counterparties	1782724029218	1782724029432	OK	 
REQUEST		UC41_GET_/onboarding/{fflId}	1782724029312	1782724029514	OK	 
USER	EFSFinmonWebDebug	END	1782724029517
USER	EFSFinmonWebDebug	START	1782724029518
REQUEST		UC38_POST_/counterparties	1782724029408	1782724029609	OK	 
REQUEST	LoginWeb	first_login	1782724029515	1782724029705	OK	 
REQUEST		UC37_POST_/dopInfo	1782724029609	1782724029823	OK	 
REQUEST		UC39_POST_/contacts	1782724029713	1782724029929	OK	 
REQUEST	LoginWeb	preLogin	1782724029803	1782724030024	OK	 
REQUEST		UC37_POST_/dopInfo	1782724029894	1782724030092	OK	 
REQUEST		UC40_GET_/mop2/{fflId}	1782724029998	1782724030230	OK	 
REQUEST		UC38_POST_/counterparties	1782724030098	1782724030298	OK	 
REQUEST		UC39_POST_/contacts	1782724030198	1782724030403	OK	 
REQUEST	LoginWeb	first_login	1782724030298	1782724030461	OK	 
REQUEST		UC39_POST_/contacts	1782724030406	1782724030621	OK	 
REQUEST	LoginWeb	settingsLogin	1782724030499	1782724030706	OK	 
REQUEST		UC38_POST_/counterparties	1782724030598	1782724030801	OK	 
REQUEST		UC40_GET_/mop2/{fflId}	1782724030718	1782724030969	OK	 
REQUEST	LoginWeb	login	1782724030812	1782724031063	OK	 
REQUEST		UC38_POST_/counterparties	1782724030875	1782724031083	OK	 
REQUEST		UC41_GET_/onboarding/{fflId}	1782724030984	1782724031180	OK	 
USER	EFSFinmonWebDebug	END	1782724031184
USER	EFSFinmonWebDebug	START	1782724031184
REQUEST		UC39_POST_/contacts	1782724031080	1782724031281	OK	 
REQUEST		UC40_GET_/mop2/{fflId}	1782724031188	1782724031447	OK	 
REQUEST	LoginWeb	settingsLogin	1782724031296	1782724031467	OK	 
REQUEST		UC40_GET_/mop2/{fflId}	1782724031378	1782724031615	OK	 
REQUEST	LoginWeb	newsLogin	1782724031484	1782724031686	OK	 
REQUEST		UC39_POST_/contacts	1782724031578	1782724031762	OK	 
REQUEST		UC41_GET_/onboarding/{fflId}	1782724031687	1782724031878	OK	 
USER	EFSFinmonWebDebug	END	1782724031881
USER	EFSFinmonWebDebug	START	1782724031882
REQUEST		UC39_POST_/contacts	1782724031874	1782724032096	OK	 
REQUEST	LoginWeb	first_login	1782724031983	1782724032161	OK	 
REQUEST		UC40_GET_/mop2/{fflId}	1782724032078	1782724032298	OK	 
REQUEST		UC41_GET_/onboarding/{fflId}	1782724032187	1782724032378	OK	 
USER	EFSFinmonWebDebug	END	1782724032381
USER	EFSFinmonWebDebug	START	1782724032381
REQUEST	LoginWeb	newsLogin	1782724032281	1782724032481	OK	 
REQUEST		UC41_GET_/onboarding/{fflId}	1782724032378	1782724032560	OK	 
USER	EFSFinmonWebDebug	END	1782724032563
USER	EFSFinmonWebDebug	START	1782724032564
REQUEST	LoginWeb	create	1782724031801	1782724032652	OK	 
REQUEST	LoginWeb	preLogin	1782724032483	1782724032713	OK	 
REQUEST		UC40_GET_/mop2/{fflId}	1782724032578	1782724032802	OK	 
REQUEST	LoginWeb	first_login	1782724032702	1782724032876	OK	 
REQUEST		UC40_GET_/mop2/{fflId}	1782724032798	1782724033035	OK	 
REQUEST	LoginWeb	settingsLogin	1782724032869	1782724033046	OK	 
REQUEST		UC41_GET_/onboarding/{fflId}	1782724032999	1782724033187	OK	 
USER	EFSFinmonWebDebug	END	1782724033191
USER	EFSFinmonWebDebug	START	1782724033191
REQUEST	LoginWeb	first_login	1782724033098	1782724033250	OK	 
REQUEST	LoginWeb	preLogin	1782724033201	1782724033416	OK	 
REQUEST	LoginWeb	first_login	1782724033298	1782724033461	OK	 
REQUEST	LoginWeb	decrypt	1782724033398	1782724033474	OK	 
GROUP	LoginWeb	1782724025981	1782724033475	1922	OK
ERROR	UC01_POST_/file-upload: Failed to build request: No attribute named 'requestId' is defined 	1782724033475
ERROR	UC02_POST_/send-to-bank: Failed to build request: No attribute named 'requestId' is defined 	1782724033475
REQUEST	LoginWeb	login	1782724033499	1782724033766	OK	 
REQUEST		UC41_GET_/onboarding/{fflId}	1782724033608	1782724033801	OK	 
USER	EFSFinmonWebDebug	END	1782724033804
USER	EFSFinmonWebDebug	START	1782724033805
REQUEST	LoginWeb	settingsLogin	1782724033702	1782724033893	OK	 
REQUEST		UC41_GET_/onboarding/{fflId}	1782724033796	1782724033995	OK	 
USER	EFSFinmonWebDebug	END	1782724033999
USER	EFSFinmonWebDebug	START	1782724033999
REQUEST	LoginWeb	newsLogin	1782724033905	1782724034095	OK	 
REQUEST	LoginWeb	first_login	1782724034015	1782724034150	OK	 
REQUEST	LoginWeb	settingsLogin	1782724034109	1782724034289	OK	 
REQUEST	LoginWeb	login	1782724034218	1782724034512	OK	 
REQUEST	LoginWeb	settingsLogin	1782724034312	1782724034678	OK	 
REQUEST		UC03_GET_/params	1782724034408	1782724034796	OK	 
ERROR	UC04_POST_/delete-file: Failed to build request: No attribute named 'pprbId' is defined 	1782724034797
REQUEST	LoginWeb	first_login	1782724034608	1782724034809	OK	 
REQUEST	LoginWeb	newsLogin	1782724034718	1782724034907	OK	 
REQUEST	LoginWeb	first_login	1782724034828	1782724035000	OK	 
REQUEST	LoginWeb	preLogin	1782724034874	1782724035106	OK	 
REQUEST	LoginWeb	settingsLogin	1782724034978	1782724035189	OK	 
REQUEST	LoginWeb	newsLogin	1782724035078	1782724035275	OK	 
REQUEST	LoginWeb	create	1782724034515	1782724035302	OK	 
REQUEST	LoginWeb	newsLogin	1782724035281	1782724035493	OK	 
REQUEST		UC05_GET_/download/{fileid}	1782724035378	1782724035575	OK	 
ERROR	UC06_GET_/detail-with-attachments/{fflId}: Failed to build request: No attribute named 'fflId' is defined 	1782724035576
REQUEST	LoginWeb	settingsLogin	1782724035485	1782724035682	OK	 
REQUEST	LoginWeb	preLogin	1782724035598	1782724035851	OK	 
REQUEST	LoginWeb	settingsLogin	1782724035702	1782724035874	OK	 
REQUEST	LoginWeb	create	1782724035187	1782724036045	OK	 
REQUEST	LoginWeb	newsLogin	1782724035874	1782724036057	OK	 
REQUEST	LoginWeb	login	1782724035796	1782724036071	OK	 
REQUEST	LoginWeb	decrypt	1782724036078	1782724036160	OK	 
GROUP	LoginWeb	1782724028762	1782724036161	1965	OK
ERROR	UC01_POST_/file-upload: Failed to build request: No attribute named 'requestId' is defined 	1782724036162
ERROR	UC02_POST_/send-to-bank: Failed to build request: No attribute named 'requestId' is defined 	1782724036162
REQUEST	LoginWeb	preLogin	1782724035983	1782724036216	OK	 
REQUEST	LoginWeb	preLogin	1782724036187	1782724036420	OK	 
REQUEST		UC07_POST_/inform-list	1782724036281	1782724036555	OK	 
REQUEST	LoginWeb	newsLogin	1782724036378	1782724036586	OK	 
REQUEST	LoginWeb	login	1782724036484	1782724036748	OK	 
REQUEST	LoginWeb	decrypt	1782724036688	1782724036777	OK	 
GROUP	LoginWeb	1782724029518	1782724036778	1990	OK
ERROR	UC01_POST_/file-upload: Failed to build request: No attribute named 'requestId' is defined 	1782724036778
ERROR	UC02_POST_/send-to-bank: Failed to build request: No attribute named 'requestId' is defined 	1782724036778
REQUEST	LoginWeb	newsLogin	1782724036593	1782724036793	OK	 
REQUEST	LoginWeb	preLogin	1782724036796	1782724037018	OK	 
REQUEST		UC03_GET_/params	1782724036983	1782724037328	OK	 
ERROR	UC04_POST_/delete-file: Failed to build request: No attribute named 'pprbId' is defined 	1782724037329
REQUEST	LoginWeb	login	1782724037078	1782724037344	OK	 
REQUEST	LoginWeb	login	1782724037186	1782724037463	OK	 
REQUEST		UC08_POST_/send-to-bank/{fflId}	1782724037280	1782724037483	OK	 
REQUEST	LoginWeb	preLogin	1782724037378	1782724037613	OK	 
REQUEST	LoginWeb	create	1782724036874	1782724037637	OK	 
REQUEST	LoginWeb	preLogin	1782724037687	1782724037899	OK	 
REQUEST		UC03_GET_/params	1782724037578	1782724037923	OK	 
ERROR	UC04_POST_/delete-file: Failed to build request: No attribute named 'pprbId' is defined 	1782724037924
REQUEST	LoginWeb	login	1782724037798	1782724038023	OK	 
REQUEST		UC05_GET_/download/{fileid}	1782724037874	1782724038071	OK	 
ERROR	UC06_GET_/detail-with-attachments/{fflId}: Failed to build request: No attribute named 'fflId' is defined 	1782724038072
REQUEST	LoginWeb	create	1782724037483	1782724038342	OK	 
REQUEST		UC09_GET_/requests-and-inform	1782724038186	1782724038429	OK	 
REQUEST	LoginWeb	decrypt	1782724038378	1782724038455	OK	 
GROUP	LoginWeb	1782724031184	1782724038456	1892	OK
ERROR	UC01_POST_/file-upload: Failed to build request: No attribute named 'requestId' is defined 	1782724038456
ERROR	UC02_POST_/send-to-bank: Failed to build request: No attribute named 'requestId' is defined 	1782724038456
REQUEST	LoginWeb	login	1782724038280	1782724038539	OK	 
REQUEST	LoginWeb	login	1782724038488	1782724038742	OK	 
REQUEST		UC05_GET_/download/{fileid}	1782724038593	1782724038796	OK	 
ERROR	UC06_GET_/detail-with-attachments/{fflId}: Failed to build request: No attribute named 'fflId' is defined 	1782724038797
REQUEST	LoginWeb	create	1782724037983	1782724038805	OK	 
REQUEST	LoginWeb	create	1782724038078	1782724038833	OK	 
REQUEST	LoginWeb	decrypt	1782724038874	1782724038951	OK	 
GROUP	LoginWeb	1782724031882	1782724038952	2007	OK
ERROR	UC01_POST_/file-upload: Failed to build request: No attribute named 'requestId' is defined 	1782724038952
ERROR	UC02_POST_/send-to-bank: Failed to build request: No attribute named 'requestId' is defined 	1782724038952
REQUEST		UC07_POST_/inform-list	1782724038795	1782724039087	OK	 
REQUEST		UC10_POST_/mop-1-0	1782724038983	1782724039265	OK	 
REQUEST		UC03_GET_/params	1782724039078	1782724039426	OK	 
ERROR	UC04_POST_/delete-file: Failed to build request: No attribute named 'pprbId' is defined 	1782724039427
REQUEST	LoginWeb	create	1782724038692	1782724039555	OK	 
REQUEST	LoginWeb	decrypt	1782724039484	1782724039559	OK	 
GROUP	LoginWeb	1782724032382	1782724039561	1925	OK
ERROR	UC01_POST_/file-upload: Failed to build request: No attribute named 'requestId' is defined 	1782724039561
ERROR	UC02_POST_/send-to-bank: Failed to build request: No attribute named 'requestId' is defined 	1782724039561
REQUEST		UC07_POST_/inform-list	1782724039378	1782724039645	OK	 
REQUEST	LoginWeb	decrypt	1782724039578	1782724039652	OK	 
GROUP	LoginWeb	1782724032564	1782724039665	2080	OK
ERROR	UC01_POST_/file-upload: Failed to build request: No attribute named 'requestId' is defined 	1782724039665
ERROR	UC02_POST_/send-to-bank: Failed to build request: No attribute named 'requestId' is defined 	1782724039665
REQUEST		UC08_POST_/send-to-bank/{fflId}	1782724039798	1782724040014	OK	 
REQUEST		UC03_GET_/params	1782724039702	1782724040094	OK	 
ERROR	UC04_POST_/delete-file: Failed to build request: No attribute named 'pprbId' is defined 	1782724040095
REQUEST	LoginWeb	create	1782724039280	1782724040099	OK	 
REQUEST		UC11_POST_/online-control	1782724039892	1782724040142	OK	 
REQUEST	LoginWeb	create	1782724039187	1782724040158	OK	 
REQUEST	LoginWeb	decrypt	1782724040108	1782724040184	OK	 
GROUP	LoginWeb	1782724033191	1782724040185	1915	OK
ERROR	UC01_POST_/file-upload: Failed to build request: No attribute named 'requestId' is defined 	1782724040185
ERROR	UC02_POST_/send-to-bank: Failed to build request: No attribute named 'requestId' is defined 	1782724040185
REQUEST		UC05_GET_/download/{fileid}	1782724040008	1782724040218	OK	 
ERROR	UC06_GET_/detail-with-attachments/{fflId}: Failed to build request: No attribute named 'fflId' is defined 	1782724040219
REQUEST		UC08_POST_/send-to-bank/{fflId}	1782724040312	1782724040510	OK	 
REQUEST		UC03_GET_/params	1782724040218	1782724040605	OK	 
ERROR	UC04_POST_/delete-file: Failed to build request: No attribute named 'pprbId' is defined 	1782724040606
REQUEST		UC03_GET_/params	1782724040408	1782724040760	OK	 
ERROR	UC04_POST_/delete-file: Failed to build request: No attribute named 'pprbId' is defined 	1782724040761
REQUEST		UC09_GET_/requests-and-inform	1782724040515	1782724040763	OK	 
REQUEST	LoginWeb	decrypt	1782724040718	1782724040798	OK	 
GROUP	LoginWeb	1782724033999	1782724040799	1909	OK
ERROR	UC01_POST_/file-upload: Failed to build request: No attribute named 'requestId' is defined 	1782724040799
ERROR	UC02_POST_/send-to-bank: Failed to build request: No attribute named 'requestId' is defined 	1782724040799
REQUEST		UC05_GET_/download/{fileid}	1782724040624	1782724040827	OK	 
ERROR	UC06_GET_/detail-with-attachments/{fflId}: Failed to build request: No attribute named 'fflId' is defined 	1782724040828
REQUEST	LoginWeb	decrypt	1782724040878	1782724040961	OK	 
GROUP	LoginWeb	1782724033805	1782724040963	2154	OK
ERROR	UC01_POST_/file-upload: Failed to build request: No attribute named 'requestId' is defined 	1782724040963
ERROR	UC02_POST_/send-to-bank: Failed to build request: No attribute named 'requestId' is defined 	1782724040963
REQUEST		UC12_GET_/rehabilitation	1782724040798	1782724041089	OK	 
REQUEST		UC03_GET_/params	1782724040999	1782724041342	OK	 
ERROR	UC04_POST_/delete-file: Failed to build request: No attribute named 'pprbId' is defined 	1782724041343
REQUEST		UC07_POST_/inform-list	1782724041098	1782724041389	OK	 
REQUEST		UC09_GET_/requests-and-inform	1782724041203	1782724041444	OK	 
REQUEST		UC05_GET_/download/{fileid}	1782724041298	1782724041532	OK	 
ERROR	UC06_GET_/detail-with-attachments/{fflId}: Failed to build request: No attribute named 'fflId' is defined 	1782724041533
REQUEST		UC05_GET_/download/{fileid}	1782724041405	1782724041600	OK	 
ERROR	UC06_GET_/detail-with-attachments/{fflId}: Failed to build request: No attribute named 'fflId' is defined 	1782724041601
REQUEST		UC10_POST_/mop-1-0	1782724041499	1782724041785	OK	 
REQUEST		UC03_GET_/params	1782724041608	1782724041960	OK	 
ERROR	UC04_POST_/delete-file: Failed to build request: No attribute named 'pprbId' is defined 	1782724041962
REQUEST		UC07_POST_/inform-list	1782724041702	1782724042012	OK	 
REQUEST		UC13_GET_/unread-tabs	1782724041905	1782724042096	OK	 
REQUEST		UC03_GET_/params	1782724041796	1782724042172	OK	 
ERROR	UC04_POST_/delete-file: Failed to build request: No attribute named 'pprbId' is defined 	1782724042173
REQUEST		UC05_GET_/download/{fileid}	1782724042014	1782724042219	OK	 
ERROR	UC06_GET_/detail-with-attachments/{fflId}: Failed to build request: No attribute named 'fflId' is defined 	1782724042220
REQUEST		UC08_POST_/send-to-bank/{fflId}	1782724042109	1782724042305	OK	 
REQUEST		UC10_POST_/mop-1-0	1782724042218	1782724042505	OK	 
REQUEST		UC07_POST_/inform-list	1782724042313	1782724042605	OK	 
REQUEST		UC07_POST_/inform-list	1782724042412	1782724042684	OK	 
REQUEST		UC11_POST_/online-control	1782724042515	1782724042781	OK	 
REQUEST		UC05_GET_/download/{fileid}	1782724042624	1782724042813	OK	 
ERROR	UC06_GET_/detail-with-attachments/{fflId}: Failed to build request: No attribute named 'fflId' is defined 	1782724042814
REQUEST		UC08_POST_/send-to-bank/{fflId}	1782724042718	1782724042936	OK	 
REQUEST		UC14_POST_/detail	1782724042811	1782724042981	OK	 
REQUEST		UC05_GET_/download/{fileid}	1782724042874	1782724043076	OK	 
ERROR	UC06_GET_/detail-with-attachments/{fflId}: Failed to build request: No attribute named 'fflId' is defined 	1782724043077
REQUEST		UC07_POST_/inform-list	1782724042983	1782724043276	OK	 
REQUEST		UC09_GET_/requests-and-inform	1782724043078	1782724043324	OK	 
REQUEST		UC11_POST_/online-control	1782724043183	1782724043466	OK	 
REQUEST		UC08_POST_/send-to-bank/{fflId}	1782724043280	1782724043484	OK	 
REQUEST		UC08_POST_/send-to-bank/{fflId}	1782724043378	1782724043563	OK	 
REQUEST		UC12_GET_/rehabilitation	1782724043483	1782724043794	OK	 
REQUEST		UC07_POST_/inform-list	1782724043578	1782724043852	OK	 
REQUEST		UC09_GET_/requests-and-inform	1782724043688	1782724043932	OK	 
REQUEST		UC15_POST_/callback	1782724043795	1782724043979	OK	 
REQUEST		UC08_POST_/send-to-bank/{fflId}	1782724043978	1782724044178	OK	 
REQUEST		UC07_POST_/inform-list	1782724043874	1782724044185	OK	 
REQUEST		UC10_POST_/mop-1-0	1782724044078	1782724044366	OK	 
REQUEST		UC09_GET_/requests-and-inform	1782724044280	1782724044522	OK	 
REQUEST		UC12_GET_/rehabilitation	1782724044187	1782724044523	OK	 
REQUEST		UC09_GET_/requests-and-inform	1782724044378	1782724044620	OK	 
REQUEST		UC13_GET_/unread-tabs	1782724044484	1782724044672	OK	 
REQUEST		UC08_POST_/send-to-bank/{fflId}	1782724044578	1782724044761	OK	 
REQUEST		UC16_PUT_/callback	1782724044798	1782724044965	OK	 
REQUEST		UC10_POST_/mop-1-0	1782724044688	1782724045029	OK	 
REQUEST		UC09_GET_/requests-and-inform	1782724044874	1782724045126	OK	 
REQUEST		UC08_POST_/send-to-bank/{fflId}	1782724044983	1782724045200	OK	 
REQUEST		UC11_POST_/online-control	1782724045078	1782724045355	OK	 
REQUEST		UC13_GET_/unread-tabs	1782724045280	1782724045498	OK	 
REQUEST		UC10_POST_/mop-1-0	1782724045186	1782724045498	OK	 
REQUEST		UC10_POST_/mop-1-0	1782724045378	1782724045639	OK	 
REQUEST		UC14_POST_/detail	1782724045484	1782724045655	OK	 
REQUEST		UC09_GET_/requests-and-inform	1782724045578	1782724045859	OK	 
REQUEST		UC17_DELETE_/callback?taskId={taskIdCB}	1782724045686	1782724045864	OK	 
REQUEST		UC11_POST_/online-control	1782724045796	1782724046076	OK	 
REQUEST		UC10_POST_/mop-1-0	1782724045874	1782724046161	OK	 
REQUEST		UC09_GET_/requests-and-inform	1782724045983	1782724046220	OK	 
REQUEST		UC14_POST_/detail	1782724046187	1782724046350	OK	 
REQUEST		UC12_GET_/rehabilitation	1782724046078	1782724046376	OK	 
REQUEST		UC11_POST_/online-control	1782724046280	1782724046550	OK	 
REQUEST		UC11_POST_/online-control	1782724046387	1782724046647	OK	 
REQUEST		UC15_POST_/callback	1782724046480	1782724046671	OK	 
REQUEST		UC18_GET_/compliance-helper	1782724046702	1782724046879	OK	 
REQUEST		UC10_POST_/mop-1-0	1782724046606	1782724046883	OK	 
REQUEST		UC12_GET_/rehabilitation	1782724046791	1782724047126	OK	 
REQUEST		UC11_POST_/online-control	1782724046868	1782724047159	OK	 
REQUEST		UC15_POST_/callback	1782724047088	1782724047291	OK	 
REQUEST		UC10_POST_/mop-1-0	1782724046990	1782724047307	OK	 
REQUEST		UC13_GET_/unread-tabs	1782724047188	1782724047384	OK	 
REQUEST		UC12_GET_/rehabilitation	1782724047291	1782724047609	OK	 
REQUEST		UC16_PUT_/callback	1782724047494	1782724047649	OK	 
REQUEST		UC12_GET_/rehabilitation	1782724047388	1782724047681	OK	 
REQUEST		UC19_GET_/activation	1782724047588	1782724047753	OK	 
REQUEST		UC11_POST_/online-control	1782724047682	1782724047939	OK	 
REQUEST		UC13_GET_/unread-tabs	1782724047796	1782724047996	OK	 
REQUEST		UC16_PUT_/callback	1782724048014	1782724048179	OK	 
REQUEST		UC12_GET_/rehabilitation	1782724047889	1782724048222	OK	 
REQUEST		UC11_POST_/online-control	1782724048109	1782724048394	OK	 
REQUEST		UC14_POST_/detail	1782724048218	1782724048400	OK	 
REQUEST		UC13_GET_/unread-tabs	1782724048312	1782724048496	OK	 
REQUEST		UC17_DELETE_/callback?taskId={taskIdCB}	1782724048408	1782724048611	OK	 
REQUEST		UC13_GET_/unread-tabs	1782724048515	1782724048686	OK	 
REQUEST		UC20_GET_/change-tariff	1782724048609	1782724048764	OK	 
REQUEST		UC14_POST_/detail	1782724048811	1782724048989	OK	 
REQUEST		UC12_GET_/rehabilitation	1782724048708	1782724049033	OK	 
REQUEST		UC17_DELETE_/callback?taskId={taskIdCB}	1782724048889	1782724049101	OK	 
REQUEST		UC13_GET_/unread-tabs	1782724049014	1782724049218	OK	 
REQUEST		UC12_GET_/rehabilitation	1782724049108	1782724049417	OK	 
REQUEST		UC15_POST_/callback	1782724049218	1782724049450	OK	 
REQUEST		UC14_POST_/detail	1782724049311	1782724049478	OK	 
REQUEST		UC18_GET_/compliance-helper	1782724049408	1782724049572	OK	 
REQUEST		UC14_POST_/detail	1782724049515	1782724049692	OK	 
REQUEST		UC21_GET_/user-permissions	1782724049609	1782724049754	OK	 
REQUEST		UC15_POST_/callback	1782724049715	1782724049919	OK	 
REQUEST		UC13_GET_/unread-tabs	1782724049809	1782724050001	OK	 
REQUEST		UC18_GET_/compliance-helper	1782724049888	1782724050046	OK	 
REQUEST		UC14_POST_/detail	1782724050010	1782724050170	OK	 
REQUEST		UC13_GET_/unread-tabs	1782724050109	1782724050308	OK	 
REQUEST		UC16_PUT_/callback	1782724050218	1782724050388	OK	 
REQUEST		UC15_POST_/callback	1782724050313	1782724050528	OK	 
REQUEST		UC19_GET_/activation	1782724050408	1782724050569	OK	 
REQUEST		UC15_POST_/callback	1782724050515	1782724050707	OK	 
REQUEST		UC16_PUT_/callback	1782724050718	1782724050862	OK	 
REQUEST		UC22_GET_/print-form	1782724050608	1782724050966	OK	 
REQUEST		UC14_POST_/detail	1782724050811	1782724050970	OK	 
REQUEST		UC19_GET_/activation	1782724050906	1782724051064	OK	 
REQUEST		UC15_POST_/callback	1782724051015	1782724051214	OK	 
REQUEST		UC14_POST_/detail	1782724051109	1782724051278	OK	 
REQUEST		UC17_DELETE_/callback?taskId={taskIdCB}	1782724051208	1782724051411	OK	 
REQUEST		UC16_PUT_/callback	1782724051313	1782724051467	OK	 
REQUEST		UC20_GET_/change-tariff	1782724051412	1782724051570	OK	 
REQUEST		UC16_PUT_/callback	1782724051514	1782724051670	OK	 
REQUEST		UC17_DELETE_/callback?taskId={taskIdCB}	1782724051608	1782724051823	OK	 
REQUEST		UC20_GET_/change-tariff	1782724051874	1782724052020	OK	 
REQUEST		UC15_POST_/callback	1782724051827	1782724052035	OK	 
REQUEST		UC23_GET_/rejections	1782724051733	1782724052107	OK	 
REQUEST		UC16_PUT_/callback	1782724051983	1782724052142	OK	 
REQUEST		UC15_POST_/callback	1782724052078	1782724052302	OK	 
REQUEST		UC18_GET_/compliance-helper	1782724052187	1782724052363	OK	 
REQUEST		UC17_DELETE_/callback?taskId={taskIdCB}	1782724052281	1782724052474	OK	 
REQUEST		UC21_GET_/user-permissions	1782724052378	1782724052524	OK	 
REQUEST		UC17_DELETE_/callback?taskId={taskIdCB}	1782724052479	1782724052684	OK	 
REQUEST		UC18_GET_/compliance-helper	1782724052578	1782724052733	OK	 
REQUEST		UC21_GET_/user-permissions	1782724052702	1782724052843	OK	 
REQUEST		UC16_PUT_/callback	1782724052796	1782724052943	OK	 
REQUEST		UC24_GET_/rejection/{operationId}	1782724052874	1782724053137	OK	 
REQUEST		UC17_DELETE_/callback?taskId={taskIdCB}	1782724052983	1782724053199	OK	 
REQUEST		UC16_PUT_/callback	1782724053078	1782724053219	OK	 
REQUEST		UC19_GET_/activation	1782724053178	1782724053338	OK	 
REQUEST		UC18_GET_/compliance-helper	1782724053279	1782724053439	OK	 
REQUEST		UC18_GET_/compliance-helper	1782724053483	1782724053638	OK	 
REQUEST		UC19_GET_/activation	1782724053578	1782724053737	OK	 
REQUEST		UC22_GET_/print-form	1782724053378	1782724053737	OK	 
REQUEST		UC17_DELETE_/callback?taskId={taskIdCB}	1782724053796	1782724053999	OK	 
REQUEST		UC25_GET_/active-switchers	1782724053874	1782724054033	OK	 
REQUEST		UC22_GET_/print-form	1782724053687	1782724054031	OK	 
REQUEST		UC18_GET_/compliance-helper	1782724053984	1782724054167	OK	 
REQUEST		UC17_DELETE_/callback?taskId={taskIdCB}	1782724054092	1782724054295	OK	 
REQUEST		UC20_GET_/change-tariff	1782724054186	1782724054334	OK	 
REQUEST		UC19_GET_/activation	1782724054280	1782724054445	OK	 
REQUEST		UC19_GET_/activation	1782724054378	1782724054518	OK	 
REQUEST		UC20_GET_/change-tariff	1782724054484	1782724054641	OK	 
REQUEST		UC18_GET_/compliance-helper	1782724054702	1782724054859	OK	 
REQUEST		UC26_GET_/system-parameters	1782724054798	1782724054961	OK	 
REQUEST		UC23_GET_/rejections	1782724054578	1782724054982	OK	 
REQUEST		UC19_GET_/activation	1782724054983	1782724055148	OK	 
REQUEST		UC23_GET_/rejections	1782724054874	1782724055315	OK	 
REQUEST		UC18_GET_/compliance-helper	1782724055078	1782724055318	OK	 
REQUEST		UC21_GET_/user-permissions	1782724055186	1782724055333	OK	 
REQUEST		UC20_GET_/change-tariff	1782724055280	1782724055434	OK	 
REQUEST		UC20_GET_/change-tariff	1782724055378	1782724055521	OK	 
REQUEST		UC21_GET_/user-permissions	1782724055484	1782724055628	OK	 
REQUEST		UC19_GET_/activation	1782724055578	1782724055737	OK	 
REQUEST		UC27_GET_/organization	1782724055702	1782724055870	OK	 
REQUEST		UC20_GET_/change-tariff	1782724055874	1782724056038	OK	 
REQUEST		UC24_GET_/rejection/{operationId}	1782724055796	1782724056122	OK	 
REQUEST		UC19_GET_/activation	1782724056078	1782724056237	OK	 
REQUEST		UC24_GET_/rejection/{operationId}	1782724055984	1782724056272	OK	 
REQUEST		UC21_GET_/user-permissions	1782724056281	1782724056448	OK	 
REQUEST		UC21_GET_/user-permissions	1782724056378	1782724056519	OK	 
REQUEST		UC22_GET_/print-form	1782724056179	1782724056525	OK	 
REQUEST		UC20_GET_/change-tariff	1782724056578	1782724056732	OK	 
REQUEST		UC22_GET_/print-form	1782724056485	1782724056824	OK	 
REQUEST		UC28_GET_/compliance-profile/mtb	1782724056688	1782724056861	OK	 
REQUEST		UC21_GET_/user-permissions	1782724056796	1782724056941	OK	 
REQUEST		UC25_GET_/active-switchers	1782724056874	1782724057054	OK	 
REQUEST		UC20_GET_/change-tariff	1782724056983	1782724057157	OK	 
REQUEST		UC25_GET_/active-switchers	1782724057078	1782724057267	OK	 
REQUEST		UC22_GET_/print-form	1782724057187	1782724057623	OK	 
REQUEST		UC21_GET_/user-permissions	1782724057484	1782724057652	OK	 
REQUEST		UC22_GET_/print-form	1782724057280	1782724057780	OK	 
REQUEST		UC23_GET_/rejections	1782724057378	1782724057801	OK	 
REQUEST		UC29_GET_/dopInfo	1782724057703	1782724057860	OK	 
REQUEST		UC23_GET_/rejections	1782724057593	1782724058019	OK	 
REQUEST		UC26_GET_/system-parameters	1782724057874	1782724058055	OK	 
REQUEST		UC22_GET_/print-form	1782724057798	1782724058137	OK	 
REQUEST		UC21_GET_/user-permissions	1782724057983	1782724058153	OK	 
REQUEST		UC26_GET_/system-parameters	1782724058078	1782724058258	OK	 
REQUEST		UC23_GET_/rejections	1782724058187	1782724058621	OK	 
REQUEST		UC22_GET_/print-form	1782724058301	1782724058635	OK	 
REQUEST		UC23_GET_/rejections	1782724058405	1782724058745	OK	 
REQUEST		UC30_GET_/counterparties	1782724058592	1782724058777	OK	 
REQUEST		UC24_GET_/rejection/{operationId}	1782724058499	1782724058797	OK	 
REQUEST		UC27_GET_/organization	1782724058780	1782724058949	OK	 
REQUEST		UC24_GET_/rejection/{operationId}	1782724058688	1782724058985	OK	 
REQUEST		UC23_GET_/rejections	1782724058874	1782724059256	OK	 
REQUEST		UC27_GET_/organization	1782724059078	1782724059259	OK	 
REQUEST		UC22_GET_/print-form	1782724058983	1782724059345	OK	 
REQUEST		UC24_GET_/rejection/{operationId}	1782724059187	1782724059484	OK	 
REQUEST		UC23_GET_/rejections	1782724059298	1782724059634	OK	 
REQUEST		UC24_GET_/rejection/{operationId}	1782724059389	1782724059642	OK	 
REQUEST		UC31_GET_/compliance-profile/contacts	1782724059499	1782724059677	OK	 
REQUEST		UC25_GET_/active-switchers	1782724059592	1782724059779	OK	 
REQUEST		UC28_GET_/compliance-profile/mtb	1782724059702	1782724059897	OK	 
REQUEST		UC25_GET_/active-switchers	1782724059790	1782724059972	OK	 
REQUEST		UC24_GET_/rejection/{operationId}	1782724059873	1782724060171	OK	 
REQUEST		UC28_GET_/compliance-profile/mtb	1782724059992	1782724060176	OK	 
REQUEST		UC25_GET_/active-switchers	1782724060188	1782724060347	OK	 
REQUEST		UC23_GET_/rejections	1782724060093	1782724060519	OK	 
REQUEST		UC25_GET_/active-switchers	1782724060390	1782724060544	OK	 
REQUEST		UC24_GET_/rejection/{operationId}	1782724060297	1782724060572	OK	 
REQUEST		UC32_GET_/compliance-profile	1782724060488	1782724060668	OK	 
REQUEST		UC26_GET_/system-parameters	1782724060593	1782724060774	OK	 
REQUEST		UC29_GET_/dopInfo	1782724060702	1782724060875	OK	 
REQUEST		UC26_GET_/system-parameters	1782724060796	1782724060970	OK	 
REQUEST		UC25_GET_/active-switchers	1782724060890	1782724061075	OK	 
REQUEST		UC29_GET_/dopInfo	1782724061015	1782724061191	OK	 
REQUEST		UC26_GET_/system-parameters	1782724061109	1782724061283	OK	 
REQUEST		UC26_GET_/system-parameters	1782724061313	1782724061484	OK	 
REQUEST		UC24_GET_/rejection/{operationId}	1782724061218	1782724061502	OK	 
REQUEST		UC25_GET_/active-switchers	1782724061408	1782724061572	OK	 
REQUEST		UC33_GET_/detail	1782724061515	1782724061706	OK	 
REQUEST		UC27_GET_/organization	1782724061609	1782724061799	OK	 
REQUEST		UC30_GET_/counterparties	1782724061718	1782724061876	OK	 
REQUEST		UC27_GET_/organization	1782724061812	1782724061985	OK	 
REQUEST		UC26_GET_/system-parameters	1782724061890	1782724062050	OK	 
REQUEST		UC30_GET_/counterparties	1782724062010	1782724062181	OK	 
REQUEST		UC27_GET_/organization	1782724062109	1782724062275	OK	 
REQUEST		UC27_GET_/organization	1782724062218	1782724062367	OK	 
REQUEST		UC25_GET_/active-switchers	1782724062312	1782724062482	OK	 
REQUEST		UC26_GET_/system-parameters	1782724062408	1782724062581	OK	 
REQUEST		UC34_DELETE_/alert	1782724062515	1782724062726	OK	 
REQUEST		UC28_GET_/compliance-profile/mtb	1782724062608	1782724062768	OK	 
REQUEST		UC31_GET_/compliance-profile/contacts	1782724062717	1782724062878	OK	 
REQUEST		UC28_GET_/compliance-profile/mtb	1782724062798	1782724062965	OK	 
REQUEST		UC27_GET_/organization	1782724062889	1782724063060	OK	 
REQUEST		UC31_GET_/compliance-profile/contacts	1782724063014	1782724063184	OK	 
REQUEST		UC28_GET_/compliance-profile/mtb	1782724063108	1782724063285	OK	 
REQUEST		UC28_GET_/compliance-profile/mtb	1782724063208	1782724063362	OK	 
REQUEST		UC26_GET_/system-parameters	1782724063312	1782724063501	OK	 
REQUEST		UC27_GET_/organization	1782724063408	1782724063585	OK	 
REQUEST		UC35_POST_/organization	1782724063515	1782724063717	OK	 
REQUEST		UC29_GET_/dopInfo	1782724063624	1782724063789	OK	 
REQUEST		UC32_GET_/compliance-profile	1782724063718	1782724063881	OK	 
REQUEST		UC29_GET_/dopInfo	1782724063827	1782724064002	OK	 
REQUEST		UC28_GET_/compliance-profile/mtb	1782724063890	1782724064048	OK	 
REQUEST		UC32_GET_/compliance-profile	1782724064014	1782724064187	OK	 
REQUEST		UC29_GET_/dopInfo	1782724064109	1782724064297	OK	 
REQUEST		UC29_GET_/dopInfo	1782724064218	1782724064380	OK	 
REQUEST		UC27_GET_/organization	1782724064312	1782724064475	OK	 
REQUEST		UC28_GET_/compliance-profile/mtb	1782724064408	1782724064568	OK	 
REQUEST		UC36_POST_/mtb	1782724064515	1782724064730	OK	 
REQUEST		UC30_GET_/counterparties	1782724064609	1782724064784	OK	 
REQUEST		UC33_GET_/detail	1782724064718	1782724064915	OK	 
REQUEST		UC30_GET_/counterparties	1782724064812	1782724064997	OK	 
REQUEST		UC29_GET_/dopInfo	1782724064890	1782724065055	OK	 
REQUEST		UC33_GET_/detail	1782724065015	1782724065213	OK	 
REQUEST		UC30_GET_/counterparties	1782724065109	1782724065317	OK	 
REQUEST		UC30_GET_/counterparties	1782724065219	1782724065395	OK	 
REQUEST		UC28_GET_/compliance-profile/mtb	1782724065313	1782724065471	OK	 
REQUEST		UC29_GET_/dopInfo	1782724065408	1782724065564	OK	 
REQUEST		UC37_POST_/dopInfo	1782724065516	1782724065715	OK	 
REQUEST		UC31_GET_/compliance-profile/contacts	1782724065610	1782724065770	OK	 
REQUEST		UC34_DELETE_/alert	1782724065708	1782724065922	OK	 
REQUEST		UC31_GET_/compliance-profile/contacts	1782724065811	1782724065964	OK	 
REQUEST		UC30_GET_/counterparties	1782724065889	1782724066086	OK	 
REQUEST		UC34_DELETE_/alert	1782724066014	1782724066220	OK	 
REQUEST		UC31_GET_/compliance-profile/contacts	1782724066109	1782724066259	OK	 
REQUEST		UC31_GET_/compliance-profile/contacts	1782724066218	1782724066368	OK	 
REQUEST		UC29_GET_/dopInfo	1782724066313	1782724066480	OK	 
REQUEST		UC30_GET_/counterparties	1782724066408	1782724066572	OK	 
REQUEST		UC38_POST_/counterparties	1782724066516	1782724066715	OK	 
REQUEST		UC32_GET_/compliance-profile	1782724066610	1782724066768	OK	 
REQUEST		UC35_POST_/organization	1782724066708	1782724066911	OK	 
REQUEST		UC32_GET_/compliance-profile	1782724066811	1782724066977	OK	 
REQUEST		UC31_GET_/compliance-profile/contacts	1782724066889	1782724067069	OK	 
REQUEST		UC35_POST_/organization	1782724067014	1782724067221	OK	 
REQUEST		UC32_GET_/compliance-profile	1782724067109	1782724067272	OK	 
REQUEST		UC32_GET_/compliance-profile	1782724067218	1782724067387	OK	 
REQUEST		UC30_GET_/counterparties	1782724067308	1782724067465	OK	 
REQUEST		UC31_GET_/compliance-profile/contacts	1782724067408	1782724067586	OK	 
REQUEST		UC39_POST_/contacts	1782724067515	1782724067717	OK	 
REQUEST		UC33_GET_/detail	1782724067608	1782724067815	OK	 
REQUEST		UC36_POST_/mtb	1782724067718	1782724067910	OK	 
REQUEST		UC33_GET_/detail	1782724067811	1782724068028	OK	 
REQUEST		UC32_GET_/compliance-profile	1782724067890	1782724068069	OK	 
REQUEST		UC36_POST_/mtb	1782724068015	1782724068220	OK	 
REQUEST		UC33_GET_/detail	1782724068110	1782724068307	OK	 
REQUEST		UC33_GET_/detail	1782724068208	1782724068403	OK	 
REQUEST		UC31_GET_/compliance-profile/contacts	1782724068313	1782724068488	OK	 
REQUEST		UC32_GET_/compliance-profile	1782724068408	1782724068576	OK	 
REQUEST		UC40_GET_/mop2/{fflId}	1782724068515	1782724068757	OK	 
REQUEST		UC34_DELETE_/alert	1782724068608	1782724068820	OK	 
REQUEST		UC37_POST_/dopInfo	1782724068717	1782724068928	OK	 
REQUEST		UC34_DELETE_/alert	1782724068811	1782724069034	OK	 
REQUEST		UC33_GET_/detail	1782724068889	1782724069100	OK	 
REQUEST		UC37_POST_/dopInfo	1782724069014	1782724069219	OK	 
REQUEST		UC34_DELETE_/alert	1782724069109	1782724069326	OK	 
REQUEST		UC34_DELETE_/alert	1782724069218	1782724069420	OK	 
REQUEST		UC32_GET_/compliance-profile	1782724069313	1782724069482	OK	 
REQUEST		UC33_GET_/detail	1782724069408	1782724069608	OK	 
REQUEST		UC41_GET_/onboarding/{fflId}	1782724069515	1782724069699	OK	 
USER	EFSFinmonWebDebug	END	1782724069705
USER	EFSFinmonWebDebug	START	1782724069705
REQUEST		UC35_POST_/organization	1782724069608	1782724069823	OK	 
REQUEST		UC38_POST_/counterparties	1782724069718	1782724069931	OK	 
REQUEST		UC35_POST_/organization	1782724069808	1782724070019	OK	 
REQUEST		UC34_DELETE_/alert	1782724069885	1782724070102	OK	 
REQUEST		UC38_POST_/counterparties	1782724069994	1782724070206	OK	 
REQUEST		UC35_POST_/organization	1782724070091	1782724070307	OK	 
REQUEST		UC35_POST_/organization	1782724070188	1782724070372	OK	 
REQUEST		UC33_GET_/detail	1782724070297	1782724070528	OK	 
REQUEST		UC34_DELETE_/alert	1782724070390	1782724070598	OK	 
REQUEST	LoginWeb	first_login	1782724070489	1782724070660	OK	 
REQUEST		UC36_POST_/mtb	1782724070592	1782724070799	OK	 
REQUEST		UC39_POST_/contacts	1782724070718	1782724070928	OK	 
REQUEST		UC36_POST_/mtb	1782724070798	1782724071025	OK	 
REQUEST		UC35_POST_/organization	1782724070874	1782724071078	OK	 
REQUEST		UC39_POST_/contacts	1782724070983	1782724071200	OK	 
REQUEST		UC36_POST_/mtb	1782724071078	1782724071289	OK	 
REQUEST		UC36_POST_/mtb	1782724071187	1782724071381	OK	 
REQUEST		UC34_DELETE_/alert	1782724071281	1782724071500	OK	 
REQUEST		UC35_POST_/organization	1782724071378	1782724071583	OK	 
REQUEST	LoginWeb	settingsLogin	1782724071484	1782724071664	OK	 
REQUEST		UC37_POST_/dopInfo	1782724071578	1782724071779	OK	 
REQUEST		UC40_GET_/mop2/{fflId}	1782724071688	1782724071925	OK	 
REQUEST		UC37_POST_/dopInfo	1782724071796	1782724071994	OK	 
REQUEST		UC36_POST_/mtb	1782724071874	1782724072078	OK	 
REQUEST		UC40_GET_/mop2/{fflId}	1782724071983	1782724072221	OK	 
REQUEST		UC37_POST_/dopInfo	1782724072082	1782724072297	OK	 
REQUEST		UC37_POST_/dopInfo	1782724072186	1782724072386	OK	 
REQUEST		UC35_POST_/organization	1782724072280	1782724072478	OK	 
REQUEST		UC36_POST_/mtb	1782724072378	1782724072589	OK	 
REQUEST	LoginWeb	newsLogin	1782724072483	1782724072688	OK	 
REQUEST		UC38_POST_/counterparties	1782724072578	1782724072781	OK	 
REQUEST		UC41_GET_/onboarding/{fflId}	1782724072703	1782724072914	OK	 
USER	EFSFinmonWebDebug	END	1782724072918
USER	EFSFinmonWebDebug	START	1782724072918
REQUEST		UC38_POST_/counterparties	1782724072796	1782724072997	OK	 
REQUEST		UC37_POST_/dopInfo	1782724072874	1782724073075	OK	 
REQUEST		UC41_GET_/onboarding/{fflId}	1782724072983	1782724073180	OK	 
USER	EFSFinmonWebDebug	END	1782724073184
USER	EFSFinmonWebDebug	START	1782724073184
REQUEST		UC38_POST_/counterparties	1782724073078	1782724073274	OK	 
REQUEST		UC38_POST_/counterparties	1782724073186	1782724073374	OK	 
REQUEST		UC36_POST_/mtb	1782724073281	1782724073493	OK	 
REQUEST		UC37_POST_/dopInfo	1782724073378	1782724073580	OK	 
REQUEST	LoginWeb	preLogin	1782724073485	1782724073727	OK	 
REQUEST		UC39_POST_/contacts	1782724073578	1782724073778	OK	 
REQUEST	LoginWeb	first_login	1782724073702	1782724073877	OK	 
REQUEST		UC39_POST_/contacts	1782724073796	1782724074001	OK	 
REQUEST		UC38_POST_/counterparties	1782724073874	1782724074078	OK	 
REQUEST	LoginWeb	first_login	1782724073984	1782724074156	OK	 
REQUEST		UC39_POST_/contacts	1782724074078	1782724074281	OK	 
REQUEST		UC39_POST_/contacts	1782724074187	1782724074393	OK	 
REQUEST		UC37_POST_/dopInfo	1782724074280	1782724074475	OK	 
REQUEST		UC38_POST_/counterparties	1782724074378	1782724074575	OK	 
REQUEST	LoginWeb	login	1782724074484	1782724074750	OK	 
REQUEST		UC40_GET_/mop2/{fflId}	1782724074578	1782724074819	OK	 
REQUEST	LoginWeb	settingsLogin	1782724074703	1782724074912	OK	 
REQUEST		UC40_GET_/mop2/{fflId}	1782724074798	1782724075039	OK	 
REQUEST		UC39_POST_/contacts	1782724074875	1782724075084	OK	 
REQUEST	LoginWeb	settingsLogin	1782724074984	1782724075174	OK	 
REQUEST		UC40_GET_/mop2/{fflId}	1782724075079	1782724075312	OK	 
REQUEST		UC40_GET_/mop2/{fflId}	1782724075188	1782724075404	OK	 
REQUEST		UC38_POST_/counterparties	1782724075296	1782724075502	OK	 
REQUEST		UC39_POST_/contacts	1782724075378	1782724075588	OK	 
REQUEST		UC41_GET_/onboarding/{fflId}	1782724075578	1782724075756	OK	 
USER	EFSFinmonWebDebug	END	1782724075764
USER	EFSFinmonWebDebug	START	1782724075764
REQUEST	LoginWeb	newsLogin	1782724075688	1782724075875	OK	 
REQUEST		UC41_GET_/onboarding/{fflId}	1782724075792	1782724075981	OK	 
USER	EFSFinmonWebDebug	END	1782724075987
USER	EFSFinmonWebDebug	START	1782724075987
REQUEST		UC40_GET_/mop2/{fflId}	1782724075874	1782724076122	OK	 
REQUEST	LoginWeb	newsLogin	1782724075983	1782724076192	OK	 
REQUEST	LoginWeb	create	1782724075484	1782724076226	OK	 
REQUEST		UC41_GET_/onboarding/{fflId}	1782724076078	1782724076271	OK	 
USER	EFSFinmonWebDebug	END	1782724076275
USER	EFSFinmonWebDebug	START	1782724076275
REQUEST		UC41_GET_/onboarding/{fflId}	1782724076187	1782724076368	OK	 
USER	EFSFinmonWebDebug	END	1782724076372
USER	EFSFinmonWebDebug	START	1782724076373
REQUEST		UC39_POST_/contacts	1782724076281	1782724076500	OK	 
REQUEST		UC40_GET_/mop2/{fflId}	1782724076378	1782724076584	OK	 
REQUEST	LoginWeb	first_login	1782724076484	1782724076623	OK	 
REQUEST	LoginWeb	preLogin	1782724076578	1782724076782	OK	 
REQUEST	LoginWeb	first_login	1782724076687	1782724076845	OK	 
REQUEST		UC41_GET_/onboarding/{fflId}	1782724076792	1782724076979	OK	 
USER	EFSFinmonWebDebug	END	1782724076982
USER	EFSFinmonWebDebug	START	1782724076983
REQUEST	LoginWeb	decrypt	1782724076984	1782724077072	OK	 
GROUP	LoginWeb	1782724069705	1782724077073	1894	OK
ERROR	UC01_POST_/file-upload: Failed to build request: No attribute named 'requestId' is defined 	1782724077073
ERROR	UC02_POST_/send-to-bank: Failed to build request: No attribute named 'requestId' is defined 	1782724077074
REQUEST	LoginWeb	preLogin	1782724076875	1782724077092	OK	 
REQUEST	LoginWeb	first_login	1782724077078	1782724077258	OK	 
REQUEST	LoginWeb	first_login	1782724077188	1782724077355	OK	 
REQUEST		UC40_GET_/mop2/{fflId}	1782724077281	1782724077509	OK	 
REQUEST		UC41_GET_/onboarding/{fflId}	1782724077378	1782724077569	OK	 
USER	EFSFinmonWebDebug	END	1782724077573
USER	EFSFinmonWebDebug	START	1782724077574
REQUEST	LoginWeb	settingsLogin	1782724077483	1782724077688	OK	 
REQUEST	LoginWeb	login	1782724077578	1782724077834	OK	 
REQUEST	LoginWeb	settingsLogin	1782724077686	1782724077844	OK	 
REQUEST	LoginWeb	first_login	1782724077788	1782724077943	OK	 
REQUEST		UC03_GET_/params	1782724077868	1782724078193	OK	 
ERROR	UC04_POST_/delete-file: Failed to build request: No attribute named 'pprbId' is defined 	1782724078194
REQUEST	LoginWeb	login	1782724077988	1782724078247	OK	 
REQUEST	LoginWeb	settingsLogin	1782724078094	1782724078278	OK	 
REQUEST	LoginWeb	settingsLogin	1782724078188	1782724078346	OK	 
REQUEST		UC41_GET_/onboarding/{fflId}	1782724078298	1782724078482	OK	 
USER	EFSFinmonWebDebug	END	1782724078485
USER	EFSFinmonWebDebug	START	1782724078486
REQUEST	LoginWeb	first_login	1782724078391	1782724078571	OK	 
REQUEST	LoginWeb	newsLogin	1782724078488	1782724078682	OK	 
REQUEST	LoginWeb	newsLogin	1782724078688	1782724078903	OK	 
REQUEST	LoginWeb	settingsLogin	1782724078796	1782724078963	OK	 
REQUEST		UC05_GET_/download/{fileid}	1782724078889	1782724079080	OK	 
ERROR	UC06_GET_/detail-with-attachments/{fflId}: Failed to build request: No attribute named 'fflId' is defined 	1782724079081
REQUEST	LoginWeb	newsLogin	1782724079109	1782724079304	OK	 
REQUEST	LoginWeb	newsLogin	1782724079218	1782724079407	OK	 
REQUEST	LoginWeb	create	1782724078593	1782724079456	OK	 
REQUEST	LoginWeb	first_login	1782724079313	1782724079481	OK	 
REQUEST	LoginWeb	settingsLogin	1782724079408	1782724079601	OK	 
REQUEST	LoginWeb	preLogin	1782724079508	1782724079715	OK	 
REQUEST	LoginWeb	preLogin	1782724079608	1782724079838	OK	 
REQUEST	LoginWeb	create	1782724079014	1782724079870	OK	 
REQUEST	LoginWeb	newsLogin	1782724079716	1782724079891	OK	 
REQUEST		UC07_POST_/inform-list	1782724079808	1782724080100	OK	 
REQUEST	LoginWeb	preLogin	1782724079889	1782724080124	OK	 
REQUEST	LoginWeb	decrypt	1782724080109	1782724080192	OK	 
GROUP	LoginWeb	1782724072918	1782724080194	1977	OK
ERROR	UC01_POST_/file-upload: Failed to build request: No attribute named 'requestId' is defined 	1782724080194
ERROR	UC02_POST_/send-to-bank: Failed to build request: No attribute named 'requestId' is defined 	1782724080195
REQUEST	LoginWeb	preLogin	1782724080012	1782724080226	OK	 
REQUEST	LoginWeb	settingsLogin	1782724080218	1782724080404	OK	 
REQUEST	LoginWeb	newsLogin	1782724080312	1782724080535	OK	 
REQUEST	LoginWeb	login	1782724080408	1782724080664	OK	 
REQUEST	LoginWeb	decrypt	1782724080608	1782724080682	OK	 
GROUP	LoginWeb	1782724073184	1782724080684	1977	OK
ERROR	UC01_POST_/file-upload: Failed to build request: No attribute named 'requestId' is defined 	1782724080684
ERROR	UC02_POST_/send-to-bank: Failed to build request: No attribute named 'requestId' is defined 	1782724080684
REQUEST	LoginWeb	login	1782724080515	1782724080775	OK	 
REQUEST	LoginWeb	preLogin	1782724080717	1782724080936	OK	 
REQUEST		UC08_POST_/send-to-bank/{fflId}	1782724080811	1782724081020	OK	 
REQUEST	LoginWeb	login	1782724080889	1782724081154	OK	 
REQUEST	LoginWeb	login	1782724081124	1782724081362	OK	 
REQUEST		UC03_GET_/params	1782724081014	1782724081377	OK	 
ERROR	UC04_POST_/delete-file: Failed to build request: No attribute named 'pprbId' is defined 	1782724081378
REQUEST	LoginWeb	newsLogin	1782724081217	1782724081412	OK	 
REQUEST	LoginWeb	preLogin	1782724081312	1782724081521	OK	 
REQUEST		UC03_GET_/params	1782724081515	1782724081870	OK	 
ERROR	UC04_POST_/delete-file: Failed to build request: No attribute named 'pprbId' is defined 	1782724081871
REQUEST	LoginWeb	login	1782724081702	1782724081997	OK	 
REQUEST		UC09_GET_/requests-and-inform	1782724081812	1782724082078	OK	 
REQUEST	LoginWeb	create	1782724081408	1782724082207	OK	 
REQUEST		UC05_GET_/download/{fileid}	1782724082109	1782724082319	OK	 
ERROR	UC06_GET_/detail-with-attachments/{fflId}: Failed to build request: No attribute named 'fflId' is defined 	1782724082320
REQUEST	LoginWeb	preLogin	1782724082218	1782724082437	OK	 
REQUEST	LoginWeb	create	1782724081609	1782724082447	OK	 
REQUEST	LoginWeb	login	1782724082312	1782724082578	OK	 
REQUEST		UC05_GET_/download/{fileid}	1782724082408	1782724082600	OK	 
ERROR	UC06_GET_/detail-with-attachments/{fflId}: Failed to build request: No attribute named 'fflId' is defined 	1782724082601
REQUEST	LoginWeb	create	1782724081890	1782724082665	OK	 
REQUEST	LoginWeb	decrypt	1782724082702	1782724082781	OK	 
GROUP	LoginWeb	1782724075764	1782724082783	1879	OK
ERROR	UC01_POST_/file-upload: Failed to build request: No attribute named 'requestId' is defined 	1782724082783
ERROR	UC02_POST_/send-to-bank: Failed to build request: No attribute named 'requestId' is defined 	1782724082783
REQUEST	LoginWeb	create	1782724082015	1782724082784	OK	 
REQUEST		UC10_POST_/mop-1-0	1782724082609	1782724082886	OK	 
REQUEST		UC07_POST_/inform-list	1782724082798	1782724083070	OK	 
REQUEST	LoginWeb	decrypt	1782724083014	1782724083089	OK	 
GROUP	LoginWeb	1782724075987	1782724083092	1934	OK
ERROR	UC01_POST_/file-upload: Failed to build request: No attribute named 'requestId' is defined 	1782724083092
ERROR	UC02_POST_/send-to-bank: Failed to build request: No attribute named 'requestId' is defined 	1782724083092
REQUEST	LoginWeb	login	1782724082889	1782724083137	OK	 
REQUEST	LoginWeb	create	1782724082518	1782724083298	OK	 
REQUEST	LoginWeb	decrypt	1782724083312	1782724083398	OK	 
GROUP	LoginWeb	1782724076275	1782724083399	1920	OK
ERROR	UC01_POST_/file-upload: Failed to build request: No attribute named 'requestId' is defined 	1782724083399
ERROR	UC02_POST_/send-to-bank: Failed to build request: No attribute named 'requestId' is defined 	1782724083399
REQUEST		UC07_POST_/inform-list	1782724083209	1782724083499	OK	 
REQUEST	LoginWeb	decrypt	1782724083515	1782724083596	OK	 
GROUP	LoginWeb	1782724076373	1782724083597	1816	OK
ERROR	UC01_POST_/file-upload: Failed to build request: No attribute named 'requestId' is defined 	1782724083597
ERROR	UC02_POST_/send-to-bank: Failed to build request: No attribute named 'requestId' is defined 	1782724083598
REQUEST		UC03_GET_/params	1782724083408	1782724083744	OK	 
ERROR	UC04_POST_/delete-file: Failed to build request: No attribute named 'pprbId' is defined 	1782724083745
REQUEST		UC11_POST_/online-control	1782724083609	1782724083870	OK	 
REQUEST	LoginWeb	create	1782724083109	1782724083892	OK	 
REQUEST		UC08_POST_/send-to-bank/{fflId}	1782724083718	1782724083929	OK	 
REQUEST	LoginWeb	decrypt	1782724083999	1782724084075	OK	 
GROUP	LoginWeb	1782724076983	1782724084076	1867	OK
ERROR	UC01_POST_/file-upload: Failed to build request: No attribute named 'requestId' is defined 	1782724084076
ERROR	UC02_POST_/send-to-bank: Failed to build request: No attribute named 'requestId' is defined 	1782724084076
REQUEST		UC03_GET_/params	1782724083798	1782724084159	OK	 
ERROR	UC04_POST_/delete-file: Failed to build request: No attribute named 'pprbId' is defined 	1782724084160
REQUEST		UC08_POST_/send-to-bank/{fflId}	1782724084202	1782724084401	OK	 
REQUEST		UC03_GET_/params	1782724084098	1782724084417	OK	 
ERROR	UC04_POST_/delete-file: Failed to build request: No attribute named 'pprbId' is defined 	1782724084419
REQUEST		UC05_GET_/download/{fileid}	1782724084406	1782724084594	OK	 
ERROR	UC06_GET_/detail-with-attachments/{fflId}: Failed to build request: No attribute named 'fflId' is defined 	1782724084595
REQUEST	LoginWeb	decrypt	1782724084598	1782724084673	OK	 
GROUP	LoginWeb	1782724077574	1782724084675	1929	OK
ERROR	UC01_POST_/file-upload: Failed to build request: No attribute named 'requestId' is defined 	1782724084675
ERROR	UC02_POST_/send-to-bank: Failed to build request: No attribute named 'requestId' is defined 	1782724084675
REQUEST		UC03_GET_/params	1782724084298	1782724084691	OK	 
ERROR	UC04_POST_/delete-file: Failed to build request: No attribute named 'pprbId' is defined 	1782724084692
REQUEST	LoginWeb	create	1782724083878	1782724084740	OK	 
REQUEST		UC12_GET_/rehabilitation	1782724084499	1782724084770	OK	 
REQUEST		UC09_GET_/requests-and-inform	1782724084688	1782724084937	OK	 
REQUEST		UC05_GET_/download/{fileid}	1782724084889	1782724085094	OK	 
ERROR	UC06_GET_/detail-with-attachments/{fflId}: Failed to build request: No attribute named 'fflId' is defined 	1782724085096
REQUEST		UC03_GET_/params	1782724084791	1782724085144	OK	 
ERROR	UC04_POST_/delete-file: Failed to build request: No attribute named 'pprbId' is defined 	1782724085145
REQUEST		UC09_GET_/requests-and-inform	1782724085014	1782724085265	OK	 
REQUEST		UC05_GET_/download/{fileid}	1782724085109	1782724085293	OK	 
ERROR	UC06_GET_/detail-with-attachments/{fflId}: Failed to build request: No attribute named 'fflId' is defined 	1782724085295
REQUEST		UC07_POST_/inform-list	1782724085218	1782724085507	OK	 
REQUEST		UC05_GET_/download/{fileid}	1782724085408	1782724085588	OK	 
ERROR	UC06_GET_/detail-with-attachments/{fflId}: Failed to build request: No attribute named 'fflId' is defined 	1782724085589
REQUEST	LoginWeb	decrypt	1782724085515	1782724085596	OK	 
GROUP	LoginWeb	1782724078486	1782724085597	1959	OK
ERROR	UC01_POST_/file-upload: Failed to build request: No attribute named 'requestId' is defined 	1782724085597
ERROR	UC02_POST_/send-to-bank: Failed to build request: No attribute named 'requestId' is defined 	1782724085597
REQUEST		UC03_GET_/params	1782724085312	1782724085683	OK	 
ERROR	UC04_POST_/delete-file: Failed to build request: No attribute named 'pprbId' is defined 	1782724085684
REQUEST		UC13_GET_/unread-tabs	1782724085608	1782724085790	OK	 
REQUEST		UC10_POST_/mop-1-0	1782724085702	1782724085997	OK	 
REQUEST		UC07_POST_/inform-list	1782724085798	1782724086066	OK	 
REQUEST		UC05_GET_/download/{fileid}	1782724085890	1782724086067	OK	 
ERROR	UC06_GET_/detail-with-attachments/{fflId}: Failed to build request: No attribute named 'fflId' is defined 	1782724086085
REQUEST		UC10_POST_/mop-1-0	1782724086015	1782724086274	OK	 
REQUEST		UC07_POST_/inform-list	1782724086109	1782724086392	OK	 
REQUEST		UC08_POST_/send-to-bank/{fflId}	1782724086208	1782724086425	OK	 
REQUEST		UC07_POST_/inform-list	1782724086313	1782724086594	OK	 
REQUEST		UC05_GET_/download/{fileid}	1782724086514	1782724086713	OK	 
ERROR	UC06_GET_/detail-with-attachments/{fflId}: Failed to build request: No attribute named 'fflId' is defined 	1782724086715
REQUEST		UC03_GET_/params	1782724086421	1782724086780	OK	 
ERROR	UC04_POST_/delete-file: Failed to build request: No attribute named 'pprbId' is defined 	1782724086782
REQUEST		UC14_POST_/detail	1782724086608	1782724086789	OK	 
REQUEST		UC11_POST_/online-control	1782724086702	1782724086963	OK	 
REQUEST		UC08_POST_/send-to-bank/{fflId}	1782724086811	1782724087022	OK	 
REQUEST		UC07_POST_/inform-list	1782724086890	1782724087150	OK	 
REQUEST		UC11_POST_/online-control	1782724087014	1782724087270	OK	 
REQUEST		UC08_POST_/send-to-bank/{fflId}	1782724087108	1782724087305	OK	 
REQUEST		UC09_GET_/requests-and-inform	1782724087218	1782724087485	OK	 
REQUEST		UC08_POST_/send-to-bank/{fflId}	1782724087312	1782724087522	OK	 
REQUEST		UC07_POST_/inform-list	1782724087408	1782724087717	OK	 
REQUEST		UC05_GET_/download/{fileid}	1782724087515	1782724087720	OK	 
ERROR	UC06_GET_/detail-with-attachments/{fflId}: Failed to build request: No attribute named 'fflId' is defined 	1782724087739
REQUEST		UC15_POST_/callback	1782724087609	1782724087809	OK	 
REQUEST		UC12_GET_/rehabilitation	1782724087718	1782724088007	OK	 
REQUEST		UC09_GET_/requests-and-inform	1782724087812	1782724088058	OK	 
REQUEST		UC08_POST_/send-to-bank/{fflId}	1782724087890	1782724088074	OK	 
REQUEST		UC12_GET_/rehabilitation	1782724088014	1782724088295	OK	 
REQUEST		UC09_GET_/requests-and-inform	1782724088109	1782724088353	OK	 
REQUEST		UC10_POST_/mop-1-0	1782724088219	1782724088488	OK	 
REQUEST		UC09_GET_/requests-and-inform	1782724088312	1782724088582	OK	 
REQUEST		UC08_POST_/send-to-bank/{fflId}	1782724088408	1782724088616	OK	 
REQUEST		UC16_PUT_/callback	1782724088608	1782724088757	OK	 
REQUEST		UC07_POST_/inform-list	1782724088511	1782724088834	OK	 
REQUEST		UC13_GET_/unread-tabs	1782724088718	1782724088902	OK	 
REQUEST		UC09_GET_/requests-and-inform	1782724088890	1782724089112	OK	 
REQUEST		UC10_POST_/mop-1-0	1782724088811	1782724089128	OK	 
REQUEST		UC13_GET_/unread-tabs	1782724089014	1782724089182	OK	 
REQUEST		UC10_POST_/mop-1-0	1782724089109	1782724089367	OK	 
REQUEST		UC11_POST_/online-control	1782724089218	1782724089479	OK	 
REQUEST		UC10_POST_/mop-1-0	1782724089313	1782724089618	OK	 
REQUEST		UC09_GET_/requests-and-inform	1782724089408	1782724089708	OK	 
REQUEST		UC17_DELETE_/callback?taskId={taskIdCB}	1782724089516	1782724089722	OK	 
REQUEST		UC08_POST_/send-to-bank/{fflId}	1782724089608	1782724089827	OK	 
REQUEST		UC14_POST_/detail	1782724089702	1782724089852	OK	 
REQUEST		UC10_POST_/mop-1-0	1782724089812	1782724090071	OK	 
REQUEST		UC11_POST_/online-control	1782724089899	1782724090174	OK	 
REQUEST		UC14_POST_/detail	1782724090008	1782724090179	OK	 
REQUEST		UC11_POST_/online-control	1782724090124	1782724090376	OK	 
REQUEST		UC12_GET_/rehabilitation	1782724090218	1782724090536	OK	 
REQUEST		UC11_POST_/online-control	1782724090313	1782724090588	OK	 
REQUEST		UC18_GET_/compliance-helper	1782724090516	1782724090679	OK	 
REQUEST		UC10_POST_/mop-1-0	1782724090408	1782724090712	OK	 
REQUEST		UC09_GET_/requests-and-inform	1782724090609	1782724090890	OK	 
REQUEST		UC15_POST_/callback	1782724090717	1782724090918	OK	 
REQUEST		UC11_POST_/online-control	1782724090827	1782724091064	OK	 
REQUEST		UC12_GET_/rehabilitation	1782724090878	1782724091185	OK	 
REQUEST		UC15_POST_/callback	1782724090999	1782724091215	OK	 
REQUEST		UC13_GET_/unread-tabs	1782724091202	1782724091393	OK	 
REQUEST		UC12_GET_/rehabilitation	1782724091098	1782724091404	OK	 
REQUEST		UC19_GET_/activation	1782724091406	1782724091572	OK	 
REQUEST		UC12_GET_/rehabilitation	1782724091298	1782724091605	OK	 
REQUEST		UC11_POST_/online-control	1782724091499	1782724091784	OK	 
REQUEST		UC16_PUT_/callback	1782724091693	1782724091858	OK	 
REQUEST		UC10_POST_/mop-1-0	1782724091598	1782724091912	OK	 
REQUEST		UC12_GET_/rehabilitation	1782724091796	1782724092071	OK	 
REQUEST		UC13_GET_/unread-tabs	1782724091890	1782724092103	OK	 
REQUEST		UC16_PUT_/callback	1782724092015	1782724092173	OK	 
REQUEST		UC14_POST_/detail	1782724092109	1782724092277	OK	 
REQUEST		UC13_GET_/unread-tabs	1782724092214	1782724092399	OK	 
REQUEST		UC20_GET_/change-tariff	1782724092312	1782724092465	OK	 
REQUEST		UC13_GET_/unread-tabs	1782724092408	1782724092607	OK	 
REQUEST		UC17_DELETE_/callback?taskId={taskIdCB}	1782724092609	1782724092801	OK	 
REQUEST		UC12_GET_/rehabilitation	1782724092515	1782724092831	OK	 
REQUEST		UC11_POST_/online-control	1782724092708	1782724092986	OK	 
REQUEST		UC13_GET_/unread-tabs	1782724092798	1782724092993	OK	 
REQUEST		UC14_POST_/detail	1782724092889	1782724093057	OK	 
REQUEST		UC17_DELETE_/callback?taskId={taskIdCB}	1782724093014	1782724093208	OK	 
REQUEST		UC15_POST_/callback	1782724093109	1782724093310	OK	 
REQUEST		UC14_POST_/detail	1782724093215	1782724093365	OK	 
REQUEST		UC21_GET_/user-permissions	1782724093312	1782724093474	OK	 
REQUEST		UC14_POST_/detail	1782724093408	1782724093588	OK	 
REQUEST		UC18_GET_/compliance-helper	1782724093515	1782724093664	OK	 
REQUEST		UC13_GET_/unread-tabs	1782724093609	1782724093807	OK	 
REQUEST		UC14_POST_/detail	1782724093809	1782724093978	OK	 
REQUEST		UC12_GET_/rehabilitation	1782724093718	1782724094039	OK	 
REQUEST		UC15_POST_/callback	1782724093890	1782724094110	OK	 
REQUEST		UC18_GET_/compliance-helper	1782724094015	1782724094170	OK	 
REQUEST		UC16_PUT_/callback	1782724094109	1782724094280	OK	 
REQUEST		UC15_POST_/callback	1782724094218	1782724094425	OK	 
REQUEST		UC15_POST_/callback	1782724094408	1782724094618	OK	 
REQUEST		UC22_GET_/print-form	1782724094313	1782724094648	OK	 
REQUEST		UC19_GET_/activation	1782724094515	1782724094670	OK	 
REQUEST		UC14_POST_/detail	1782724094609	1782724094789	OK	 
REQUEST		UC15_POST_/callback	1782724094703	1782724094911	OK	 
REQUEST		UC13_GET_/unread-tabs	1782724094812	1782724095009	OK	 
REQUEST		UC16_PUT_/callback	1782724094891	1782724095065	OK	 
REQUEST		UC19_GET_/activation	1782724095016	1782724095187	OK	 
REQUEST		UC17_DELETE_/callback?taskId={taskIdCB}	1782724095110	1782724095321	OK	 
REQUEST		UC16_PUT_/callback	1782724095208	1782724095376	OK	 
REQUEST		UC16_PUT_/callback	1782724095314	1782724095483	OK	 
REQUEST		UC20_GET_/change-tariff	1782724095499	1782724095655	OK	 
REQUEST		UC23_GET_/rejections	1782724095421	1782724095768	OK	 
REQUEST		UC15_POST_/callback	1782724095609	1782724095824	OK	 
REQUEST		UC16_PUT_/callback	1782724095718	1782724095867	OK	 
REQUEST		UC14_POST_/detail	1782724095798	1782724095976	OK	 
REQUEST		UC17_DELETE_/callback?taskId={taskIdCB}	1782724095890	1782724096096	OK	 
REQUEST		UC20_GET_/change-tariff	1782724096014	1782724096159	OK	 
REQUEST		UC18_GET_/compliance-helper	1782724096109	1782724096277	OK	 
REQUEST		UC17_DELETE_/callback?taskId={taskIdCB}	1782724096218	1782724096430	OK	 
REQUEST		UC17_DELETE_/callback?taskId={taskIdCB}	1782724096313	1782724096510	OK	 
REQUEST		UC21_GET_/user-permissions	1782724096408	1782724096575	OK	 
REQUEST		UC16_PUT_/callback	1782724096608	1782724096766	OK	 
REQUEST		UC24_GET_/rejection/{operationId}	1782724096514	1782724096782	OK	 
REQUEST		UC17_DELETE_/callback?taskId={taskIdCB}	1782724096717	1782724096926	OK	 
REQUEST		UC15_POST_/callback	1782724096811	1782724097013	OK	 
REQUEST		UC18_GET_/compliance-helper	1782724096889	1782724097069	OK	 
REQUEST		UC21_GET_/user-permissions	1782724097014	1782724097178	OK	 
REQUEST		UC19_GET_/activation	1782724097109	1782724097280	OK	 
REQUEST		UC18_GET_/compliance-helper	1782724097218	1782724097385	OK	 
REQUEST		UC18_GET_/compliance-helper	1782724097312	1782724097487	OK	 
REQUEST		UC17_DELETE_/callback?taskId={taskIdCB}	1782724097511	1782724097708	OK	 
REQUEST		UC22_GET_/print-form	1782724097408	1782724097739	OK	 
REQUEST		UC25_GET_/active-switchers	1782724097608	1782724097777	OK	 
REQUEST		UC18_GET_/compliance-helper	1782724097718	1782724097868	OK	 
REQUEST		UC16_PUT_/callback	1782724097798	1782724097943	OK	 
REQUEST		UC19_GET_/activation	1782724097890	1782724098044	OK	 
REQUEST		UC20_GET_/change-tariff	1782724098108	1782724098262	OK	 
REQUEST		UC22_GET_/print-form	1782724098015	1782724098318	OK	 
REQUEST		UC19_GET_/activation	1782724098217	1782724098383	OK	 
REQUEST		UC19_GET_/activation	1782724098312	1782724098469	OK	 
REQUEST		UC18_GET_/compliance-helper	1782724098408	1782724098563	OK	 
REQUEST		UC26_GET_/system-parameters	1782724098608	1782724098771	OK	 
REQUEST		UC19_GET_/activation	1782724098702	1782724098867	OK	 
REQUEST		UC23_GET_/rejections	1782724098515	1782724098873	OK	 
REQUEST		UC17_DELETE_/callback?taskId={taskIdCB}	1782724098798	1782724098999	OK	 
REQUEST		UC20_GET_/change-tariff	1782724098889	1782724099054	OK	 
REQUEST		UC21_GET_/user-permissions	1782724099014	1782724099165	OK	 
REQUEST		UC20_GET_/change-tariff	1782724099218	1782724099369	OK	 
REQUEST		UC23_GET_/rejections	1782724099109	1782724099453	OK	 
REQUEST		UC20_GET_/change-tariff	1782724099312	1782724099461	OK	 
REQUEST		UC19_GET_/activation	1782724099408	1782724099566	OK	 
REQUEST		UC27_GET_/organization	1782724099515	1782724099672	OK	 
REQUEST		UC20_GET_/change-tariff	1782724099609	1782724099747	OK	 
REQUEST		UC18_GET_/compliance-helper	1782724099808	1782724099979	OK	 
REQUEST		UC24_GET_/rejection/{operationId}	1782724099718	1782724099987	OK	 
REQUEST		UC21_GET_/user-permissions	1782724099890	1782724100041	OK	 
REQUEST		UC21_GET_/user-permissions	1782724100109	1782724100248	OK	 
REQUEST		UC22_GET_/print-form	1782724100008	1782724100340	OK	 
REQUEST		UC21_GET_/user-permissions	1782724100312	1782724100454	OK	 
REQUEST		UC24_GET_/rejection/{operationId}	1782724100218	1782724100498	OK	 
REQUEST		UC20_GET_/change-tariff	1782724100408	1782724100581	OK	 
REQUEST		UC28_GET_/compliance-profile/mtb	1782724100516	1782724100683	OK	 
REQUEST		UC21_GET_/user-permissions	1782724100609	1782724100762	OK	 
REQUEST		UC19_GET_/activation	1782724100709	1782724100871	OK	 
REQUEST		UC25_GET_/active-switchers	1782724100811	1782724100980	OK	 
REQUEST		UC22_GET_/print-form	1782724100889	1782724101243	OK	 
REQUEST		UC22_GET_/print-form	1782724101014	1782724101341	OK	 
REQUEST		UC25_GET_/active-switchers	1782724101312	1782724101463	OK	 
REQUEST		UC23_GET_/rejections	1782724101109	1782724101480	OK	 
REQUEST		UC22_GET_/print-form	1782724101218	1782724101538	OK	 
REQUEST		UC21_GET_/user-permissions	1782724101408	1782724101576	OK	 
REQUEST		UC29_GET_/dopInfo	1782724101516	1782724101687	OK	 
REQUEST		UC20_GET_/change-tariff	1782724101708	1782724101854	OK	 
REQUEST		UC22_GET_/print-form	1782724101609	1782724101939	OK	 
REQUEST		UC26_GET_/system-parameters	1782724101798	1782724101971	OK	 
REQUEST		UC26_GET_/system-parameters	1782724102109	1782724102270	OK	 
REQUEST		UC23_GET_/rejections	1782724101890	1782724102298	OK	 
REQUEST		UC23_GET_/rejections	1782724102015	1782724102366	OK	 
REQUEST		UC24_GET_/rejection/{operationId}	1782724102208	1782724102468	OK	 
REQUEST		UC30_GET_/counterparties	1782724102514	1782724102671	OK	 
REQUEST		UC23_GET_/rejections	1782724102326	1782724102761	OK	 
REQUEST		UC22_GET_/print-form	1782724102408	1782724102763	OK	 
REQUEST		UC21_GET_/user-permissions	1782724102608	1782724102788	OK	 
REQUEST		UC27_GET_/organization	1782724102821	1782724102988	OK	 
REQUEST		UC27_GET_/organization	1782724102889	1782724103053	OK	 
REQUEST		UC23_GET_/rejections	1782724102701	1782724103070	OK	 
REQUEST		UC24_GET_/rejection/{operationId}	1782724103014	1782724103282	OK	 
REQUEST		UC24_GET_/rejection/{operationId}	1782724103109	1782724103372	OK	 
REQUEST		UC25_GET_/active-switchers	1782724103218	1782724103393	OK	 
REQUEST		UC31_GET_/compliance-profile/contacts	1782724103312	1782724103470	OK	 
REQUEST		UC24_GET_/rejection/{operationId}	1782724103408	1782724103709	OK	 
REQUEST		UC28_GET_/compliance-profile/mtb	1782724103717	1782724103883	OK	 
REQUEST		UC23_GET_/rejections	1782724103514	1782724103939	OK	 
REQUEST		UC22_GET_/print-form	1782724103608	1782724103951	OK	 
REQUEST		UC28_GET_/compliance-profile/mtb	1782724103798	1782724103955	OK	 
REQUEST		UC24_GET_/rejection/{operationId}	1782724103888	1782724104157	OK	 
REQUEST		UC25_GET_/active-switchers	1782724104016	1782724104176	OK	 
REQUEST		UC25_GET_/active-switchers	1782724104110	1782724104272	OK	 
REQUEST		UC26_GET_/system-parameters	1782724104208	1782724104375	OK	 
REQUEST		UC32_GET_/compliance-profile	1782724104314	1782724104482	OK	 
REQUEST		UC25_GET_/active-switchers	1782724104412	1782724104582	OK	 
REQUEST		UC29_GET_/dopInfo	1782724104515	1782724104688	OK	 
REQUEST		UC24_GET_/rejection/{operationId}	1782724104608	1782724104887	OK	 
REQUEST		UC29_GET_/dopInfo	1782724104827	1782724104977	OK	 
REQUEST		UC25_GET_/active-switchers	1782724104889	1782724105064	OK	 
REQUEST		UC23_GET_/rejections	1782724104717	1782724105133	OK	 
REQUEST		UC26_GET_/system-parameters	1782724105015	1782724105180	OK	 
REQUEST		UC26_GET_/system-parameters	1782724105109	1782724105275	OK	 
REQUEST		UC27_GET_/organization	1782724105208	1782724105376	OK	 
REQUEST		UC33_GET_/detail	1782724105314	1782724105500	OK	 
REQUEST		UC26_GET_/system-parameters	1782724105408	1782724105575	OK	 
REQUEST		UC30_GET_/counterparties	1782724105514	1782724105672	OK	 
REQUEST		UC25_GET_/active-switchers	1782724105608	1782724105761	OK	 
REQUEST		UC30_GET_/counterparties	1782724105717	1782724105873	OK	 
REQUEST		UC26_GET_/system-parameters	1782724105827	1782724105979	OK	 
REQUEST		UC24_GET_/rejection/{operationId}	1782724105890	1782724106179	OK	 
REQUEST		UC27_GET_/organization	1782724106008	1782724106182	OK	 
REQUEST		UC27_GET_/organization	1782724106109	1782724106272	OK	 
REQUEST		UC28_GET_/compliance-profile/mtb	1782724106218	1782724106384	OK	 
REQUEST		UC34_DELETE_/alert	1782724106313	1782724106507	OK	 
REQUEST		UC27_GET_/organization	1782724106408	1782724106576	OK	 
REQUEST		UC31_GET_/compliance-profile/contacts	1782724106512	1782724106684	OK	 
REQUEST		UC26_GET_/system-parameters	1782724106608	1782724106762	OK	 
REQUEST		UC31_GET_/compliance-profile/contacts	1782724106718	1782724106876	OK	 
REQUEST		UC27_GET_/organization	1782724106798	1782724106943	OK	 
REQUEST		UC25_GET_/active-switchers	1782724106885	1782724107062	OK	 
REQUEST		UC28_GET_/compliance-profile/mtb	1782724106995	1782724107158	OK	 
REQUEST		UC28_GET_/compliance-profile/mtb	1782724107093	1782724107264	OK	 
REQUEST		UC29_GET_/dopInfo	1782724107188	1782724107337	OK	 
REQUEST		UC35_POST_/organization	1782724107297	1782724107481	OK	 
REQUEST		UC28_GET_/compliance-profile/mtb	1782724107391	1782724107564	OK	 
REQUEST		UC32_GET_/compliance-profile	1782724107488	1782724107665	OK	 
REQUEST		UC27_GET_/organization	1782724107589	1782724107761	OK	 
REQUEST		UC32_GET_/compliance-profile	1782724107688	1782724107836	OK	 
REQUEST		UC28_GET_/compliance-profile/mtb	1782724107792	1782724107939	OK	 
REQUEST		UC26_GET_/system-parameters	1782724107871	1782724108056	OK	 
REQUEST		UC29_GET_/dopInfo	1782724107995	1782724108180	OK	 
REQUEST		UC29_GET_/dopInfo	1782724108090	1782724108250	OK	 
REQUEST		UC30_GET_/counterparties	1782724108188	1782724108343	OK	 
REQUEST		UC36_POST_/mtb	1782724108289	1782724108475	OK	 
REQUEST		UC29_GET_/dopInfo	1782724108388	1782724108556	OK	 
REQUEST		UC33_GET_/detail	1782724108492	1782724108690	OK	 
REQUEST		UC28_GET_/compliance-profile/mtb	1782724108588	1782724108765	OK	 
REQUEST		UC33_GET_/detail	1782724108688	1782724108881	OK	 
REQUEST		UC29_GET_/dopInfo	1782724108796	1782724108954	OK	 
REQUEST		UC27_GET_/organization	1782724108890	1782724109065	OK	 
REQUEST		UC30_GET_/counterparties	1782724109015	1782724109174	OK	 
REQUEST		UC30_GET_/counterparties	1782724109109	1782724109266	OK	 
REQUEST		UC31_GET_/compliance-profile/contacts	1782724109218	1782724109386	OK	 
REQUEST		UC37_POST_/dopInfo	1782724109312	1782724109499	OK	 
REQUEST		UC30_GET_/counterparties	1782724109408	1782724109583	OK	 
REQUEST		UC34_DELETE_/alert	1782724109515	1782724109701	OK	 
REQUEST		UC29_GET_/dopInfo	1782724109609	1782724109780	OK	 
REQUEST		UC34_DELETE_/alert	1782724109708	1782724109902	OK	 
REQUEST		UC30_GET_/counterparties	1782724109808	1782724109968	OK	 
REQUEST		UC28_GET_/compliance-profile/mtb	1782724109898	1782724110073	OK	 
REQUEST		UC31_GET_/compliance-profile/contacts	1782724110021	1782724110168	OK	 
REQUEST		UC31_GET_/compliance-profile/contacts	1782724110124	1782724110285	OK	 
REQUEST		UC32_GET_/compliance-profile	1782724110218	1782724110376	OK	 
REQUEST		UC38_POST_/counterparties	1782724110328	1782724110524	OK	 
REQUEST		UC31_GET_/compliance-profile/contacts	1782724110421	1782724110575	OK	 
REQUEST		UC35_POST_/organization	1782724110518	1782724110732	OK	 
REQUEST		UC30_GET_/counterparties	1782724110624	1782724110804	OK	 
REQUEST		UC35_POST_/organization	1782724110718	1782724110910	OK	 
REQUEST		UC31_GET_/compliance-profile/contacts	1782724110811	1782724110974	OK	 
REQUEST		UC29_GET_/dopInfo	1782724110890	1782724111058	OK	 
REQUEST		UC32_GET_/compliance-profile	1782724111015	1782724111170	OK	 
REQUEST		UC32_GET_/compliance-profile	1782724111109	1782724111260	OK	 
REQUEST		UC33_GET_/detail	1782724111208	1782724111404	OK	 
REQUEST		UC39_POST_/contacts	1782724111327	1782724111538	OK	 
REQUEST		UC32_GET_/compliance-profile	1782724111408	1782724111575	OK	 
REQUEST		UC36_POST_/mtb	1782724111514	1782724111716	OK	 
REQUEST		UC31_GET_/compliance-profile/contacts	1782724111608	1782724111760	OK	 
REQUEST		UC36_POST_/mtb	1782724111717	1782724111901	OK	 
REQUEST		UC32_GET_/compliance-profile	1782724111811	1782724111981	OK	 
REQUEST		UC30_GET_/counterparties	1782724111889	1782724112061	OK	 
REQUEST		UC33_GET_/detail	1782724112014	1782724112198	OK	 
REQUEST		UC33_GET_/detail	1782724112109	1782724112301	OK	 
REQUEST		UC34_DELETE_/alert	1782724112218	1782724112417	OK	 
REQUEST		UC40_GET_/mop2/{fflId}	1782724112313	1782724112555	OK	 
REQUEST		UC33_GET_/detail	1782724112408	1782724112611	OK	 
REQUEST		UC37_POST_/dopInfo	1782724112514	1782724112702	OK	 
REQUEST		UC32_GET_/compliance-profile	1782724112609	1782724112767	OK	 
REQUEST		UC37_POST_/dopInfo	1782724112701	1782724112895	OK	 
REQUEST		UC33_GET_/detail	1782724112798	1782724112997	OK	 
REQUEST		UC31_GET_/compliance-profile/contacts	1782724112878	1782724113042	OK	 
REQUEST		UC34_DELETE_/alert	1782724112988	1782724113178	OK	 
REQUEST		UC34_DELETE_/alert	1782724113093	1782724113288	OK	 
REQUEST		UC35_POST_/organization	1782724113188	1782724113386	OK	 
REQUEST		UC41_GET_/onboarding/{fflId}	1782724113296	1782724113480	OK	 
USER	EFSFinmonWebDebug	END	1782724113484
USER	EFSFinmonWebDebug	START	1782724113484
REQUEST		UC34_DELETE_/alert	1782724113390	1782724113598	OK	 
REQUEST		UC38_POST_/counterparties	1782724113488	1782724113676	OK	 
REQUEST		UC33_GET_/detail	1782724113592	1782724113788	OK	 
REQUEST		UC38_POST_/counterparties	1782724113688	1782724113889	OK	 
REQUEST		UC34_DELETE_/alert	1782724113796	1782724113988	OK	 
REQUEST		UC32_GET_/compliance-profile	1782724113878	1782724114027	OK	 
REQUEST		UC35_POST_/organization	1782724113999	1782724114198	OK	 
REQUEST		UC35_POST_/organization	1782724114098	1782724114313	OK	 
REQUEST		UC36_POST_/mtb	1782724114203	1782724114404	OK	 
REQUEST	LoginWeb	first_login	1782724114298	1782724114458	OK	 
REQUEST		UC35_POST_/organization	1782724114406	1782724114628	OK	 
REQUEST		UC39_POST_/contacts	1782724114514	1782724114718	OK	 
REQUEST		UC34_DELETE_/alert	1782724114608	1782724114816	OK	 
REQUEST		UC39_POST_/contacts	1782724114702	1782724114885	OK	 
REQUEST		UC35_POST_/organization	1782724114798	1782724114994	OK	 
REQUEST		UC33_GET_/detail	1782724114890	1782724115094	OK	 
REQUEST		UC36_POST_/mtb	1782724115010	1782724115218	OK	 
REQUEST		UC36_POST_/mtb	1782724115109	1782724115313	OK	 
REQUEST		UC37_POST_/dopInfo	1782724115208	1782724115401	OK	 
REQUEST	LoginWeb	settingsLogin	1782724115313	1782724115487	OK	 
REQUEST		UC36_POST_/mtb	1782724115408	1782724115612	OK	 
REQUEST		UC40_GET_/mop2/{fflId}	1782724115516	1782724115747	OK	 
REQUEST		UC35_POST_/organization	1782724115608	1782724115813	OK	 
REQUEST		UC40_GET_/mop2/{fflId}	1782724115718	1782724115952	OK	 
REQUEST		UC36_POST_/mtb	1782724115813	1782724116002	OK	 
REQUEST		UC34_DELETE_/alert	1782724115890	1782724116096	OK	 
REQUEST		UC37_POST_/dopInfo	1782724116015	1782724116230	OK	 
REQUEST		UC37_POST_/dopInfo	1782724116108	1782724116305	OK	 
REQUEST		UC38_POST_/counterparties	1782724116218	1782724116413	OK	 
REQUEST	LoginWeb	newsLogin	1782724116312	1782724116497	OK	 
REQUEST		UC37_POST_/dopInfo	1782724116408	1782724116608	OK	 
REQUEST		UC41_GET_/onboarding/{fflId}	1782724116515	1782724116713	OK	 
USER	EFSFinmonWebDebug	END	1782724116717
USER	EFSFinmonWebDebug	START	1782724116717
REQUEST		UC36_POST_/mtb	1782724116624	1782724116827	OK	 
REQUEST		UC41_GET_/onboarding/{fflId}	1782724116718	1782724116900	OK	 
USER	EFSFinmonWebDebug	END	1782724116904
USER	EFSFinmonWebDebug	START	1782724116904
REQUEST		UC37_POST_/dopInfo	1782724116811	1782724117012	OK	 
REQUEST		UC35_POST_/organization	1782724116889	1782724117113	OK	 
REQUEST		UC38_POST_/counterparties	1782724117014	1782724117211	OK	 
REQUEST		UC38_POST_/counterparties	1782724117109	1782724117315	OK	 
REQUEST		UC39_POST_/contacts	1782724117218	1782724117427	OK	 
REQUEST	LoginWeb	preLogin	1782724117312	1782724117537	OK	 
REQUEST		UC38_POST_/counterparties	1782724117408	1782724117617	OK	 
REQUEST	LoginWeb	first_login	1782724117516	1782724117704	OK	 
REQUEST		UC37_POST_/dopInfo	1782724117609	1782724117817	OK	 
REQUEST	LoginWeb	first_login	1782724117702	1782724117871	OK	 
REQUEST		UC38_POST_/counterparties	1782724117798	1782724117989	OK	 
REQUEST		UC36_POST_/mtb	1782724117890	1782724118133	OK	 
REQUEST		UC39_POST_/contacts	1782724118015	1782724118214	OK	 
REQUEST		UC39_POST_/contacts	1782724118109	1782724118301	OK	 
REQUEST		UC40_GET_/mop2/{fflId}	1782724118218	1782724118458	OK	 
REQUEST	LoginWeb	login	1782724118312	1782724118584	OK	 
REQUEST		UC39_POST_/contacts	1782724118408	1782724118616	OK	 
REQUEST	LoginWeb	settingsLogin	1782724118516	1782724118707	OK	 
REQUEST		UC38_POST_/counterparties	1782724118609	1782724118812	OK	 
REQUEST	LoginWeb	settingsLogin	1782724118708	1782724118886	OK	 
REQUEST		UC39_POST_/contacts	1782724118813	1782724119004	OK	 
REQUEST		UC37_POST_/dopInfo	1782724118878	1782724119092	OK	 
REQUEST		UC40_GET_/mop2/{fflId}	1782724119001	1782724119239	OK	 
REQUEST		UC40_GET_/mop2/{fflId}	1782724119098	1782724119336	OK	 
REQUEST		UC41_GET_/onboarding/{fflId}	1782724119204	1782724119404	OK	 
USER	EFSFinmonWebDebug	END	1782724119409
USER	EFSFinmonWebDebug	START	1782724119410
REQUEST		UC40_GET_/mop2/{fflId}	1782724119405	1782724119646	OK	 
REQUEST	LoginWeb	newsLogin	1782724119499	1782724119676	OK	 
REQUEST		UC39_POST_/contacts	1782724119598	1782724119787	OK	 
REQUEST	LoginWeb	newsLogin	1782724119688	1782724119885	OK	 
REQUEST		UC40_GET_/mop2/{fflId}	1782724119800	1782724120019	OK	 
REQUEST		UC38_POST_/counterparties	1782724119908	1782724120123	OK	 
REQUEST	LoginWeb	create	1782724119298	1782724120128	OK	 
REQUEST		UC41_GET_/onboarding/{fflId}	1782724120025	1782724120212	OK	 
USER	EFSFinmonWebDebug	END	1782724120217
USER	EFSFinmonWebDebug	START	1782724120217
REQUEST		UC41_GET_/onboarding/{fflId}	1782724120124	1782724120305	OK	 
USER	EFSFinmonWebDebug	END	1782724120310
USER	EFSFinmonWebDebug	START	1782724120310
REQUEST	LoginWeb	first_login	1782724120218	1782724120369	OK	 
REQUEST		UC41_GET_/onboarding/{fflId}	1782724120319	1782724120504	OK	 
USER	EFSFinmonWebDebug	END	1782724120509
USER	EFSFinmonWebDebug	START	1782724120510
REQUEST	LoginWeb	preLogin	1782724120421	1782724120648	OK	 
REQUEST		UC40_GET_/mop2/{fflId}	1782724120518	1782724120749	OK	 
REQUEST	LoginWeb	preLogin	1782724120628	1782724120838	OK	 
REQUEST		UC41_GET_/onboarding/{fflId}	1782724120733	1782724120907	OK	 
USER	EFSFinmonWebDebug	END	1782724120912
USER	EFSFinmonWebDebug	START	1782724120912
REQUEST	LoginWeb	decrypt	1782724120878	1782724120958	OK	 
GROUP	LoginWeb	1782724113485	1782724120959	1926	OK
ERROR	UC01_POST_/file-upload: Failed to build request: No attribute named 'requestId' is defined 	1782724120959
ERROR	UC02_POST_/send-to-bank: Failed to build request: No attribute named 'requestId' is defined 	1782724120959
REQUEST		UC39_POST_/contacts	1782724120827	1782724121039	OK	 
REQUEST	LoginWeb	first_login	1782724120998	1782724121163	OK	 
REQUEST	LoginWeb	first_login	1782724121098	1782724121253	OK	 
REQUEST	LoginWeb	settingsLogin	1782724121202	1782724121400	OK	 
REQUEST	LoginWeb	first_login	1782724121298	1782724121489	OK	 
REQUEST	LoginWeb	login	1782724121405	1782724121688	OK	 
REQUEST		UC41_GET_/onboarding/{fflId}	1782724121499	1782724121700	OK	 
USER	EFSFinmonWebDebug	END	1782724121704
USER	EFSFinmonWebDebug	START	1782724121704
REQUEST	LoginWeb	login	1782724121598	1782724121853	OK	 
REQUEST	LoginWeb	first_login	1782724121702	1782724121866	OK	 
REQUEST		UC40_GET_/mop2/{fflId}	1782724121878	1782724122116	OK	 
REQUEST		UC03_GET_/params	1782724121796	1782724122161	OK	 
ERROR	UC04_POST_/delete-file: Failed to build request: No attribute named 'pprbId' is defined 	1782724122162
REQUEST	LoginWeb	settingsLogin	1782724121998	1782724122171	OK	 
REQUEST	LoginWeb	settingsLogin	1782724122108	1782724122289	OK	 
REQUEST	LoginWeb	newsLogin	1782724122202	1782724122388	OK	 
REQUEST	LoginWeb	first_login	1782724122499	1782724122665	OK	 
REQUEST	LoginWeb	settingsLogin	1782724122702	1782724122886	OK	 
REQUEST		UC41_GET_/onboarding/{fflId}	1782724122798	1782724123000	OK	 
USER	EFSFinmonWebDebug	END	1782724123004
USER	EFSFinmonWebDebug	START	1782724123004
REQUEST	LoginWeb	settingsLogin	1782724122298	1782724123066	OK	 
REQUEST		UC05_GET_/download/{fileid}	1782724122890	1782724123105	OK	 
ERROR	UC06_GET_/detail-with-attachments/{fflId}: Failed to build request: No attribute named 'fflId' is defined 	1782724123107
REQUEST	LoginWeb	newsLogin	1782724123014	1782724123215	OK	 
REQUEST	LoginWeb	create	1782724122406	1782724123219	OK	 
REQUEST	LoginWeb	newsLogin	1782724123109	1782724123298	OK	 
REQUEST	LoginWeb	create	1782724122608	1782724123444	OK	 
REQUEST	LoginWeb	preLogin	1782724123218	1782724123452	OK	 
REQUEST	LoginWeb	settingsLogin	1782724123311	1782724123477	OK	 
REQUEST	LoginWeb	newsLogin	1782724123408	1782724123613	OK	 
REQUEST	LoginWeb	first_login	1782724123515	1782724123687	OK	 
REQUEST	LoginWeb	newsLogin	1782724123609	1782724123821	OK	 
REQUEST	LoginWeb	decrypt	1782724123891	1782724123965	OK	 
GROUP	LoginWeb	1782724116717	1782724123967	1953	OK
ERROR	UC01_POST_/file-upload: Failed to build request: No attribute named 'requestId' is defined 	1782724123967
ERROR	UC02_POST_/send-to-bank: Failed to build request: No attribute named 'requestId' is defined 	1782724123967
REQUEST	LoginWeb	preLogin	1782724123812	1782724124012	OK	 
REQUEST		UC07_POST_/inform-list	1782724123708	1782724124028	OK	 
REQUEST	LoginWeb	decrypt	1782724124109	1782724124183	OK	 
GROUP	LoginWeb	1782724116904	1782724124184	1919	OK
ERROR	UC01_POST_/file-upload: Failed to build request: No attribute named 'requestId' is defined 	1782724124184
ERROR	UC02_POST_/send-to-bank: Failed to build request: No attribute named 'requestId' is defined 	1782724124185
REQUEST	LoginWeb	preLogin	1782724124011	1782724124243	OK	 
REQUEST	LoginWeb	login	1782724124219	1782724124464	OK	 
REQUEST	LoginWeb	newsLogin	1782724124313	1782724124533	OK	 
REQUEST	LoginWeb	preLogin	1782724124408	1782724124643	OK	 
REQUEST	LoginWeb	settingsLogin	1782724124516	1782724124704	OK	 
REQUEST	LoginWeb	preLogin	1782724124611	1782724124859	OK	 
REQUEST		UC03_GET_/params	1782724124717	1782724125059	OK	 
ERROR	UC04_POST_/delete-file: Failed to build request: No attribute named 'pprbId' is defined 	1782724125060
REQUEST	LoginWeb	login	1782724124811	1782724125078	OK	 
REQUEST		UC08_POST_/send-to-bank/{fflId}	1782724124889	1782724125114	OK	 
REQUEST		UC03_GET_/params	1782724125014	1782724125369	OK	 
ERROR	UC04_POST_/delete-file: Failed to build request: No attribute named 'pprbId' is defined 	1782724125372
REQUEST	LoginWeb	login	1782724125109	1782724125371	OK	 
REQUEST	LoginWeb	preLogin	1782724125312	1782724125544	OK	 
REQUEST	LoginWeb	login	1782724125408	1782724125669	OK	 
REQUEST	LoginWeb	newsLogin	1782724125516	1782724125721	OK	 
REQUEST	LoginWeb	login	1782724125609	1782724125838	OK	 
REQUEST		UC05_GET_/download/{fileid}	1782724125702	1782724125898	OK	 
ERROR	UC06_GET_/detail-with-attachments/{fflId}: Failed to build request: No attribute named 'fflId' is defined 	1782724125899
REQUEST	LoginWeb	create	1782724125218	1782724126037	OK	 
REQUEST		UC09_GET_/requests-and-inform	1782724125890	1782724126146	OK	 
REQUEST		UC05_GET_/download/{fileid}	1782724126109	1782724126305	OK	 
ERROR	UC06_GET_/detail-with-attachments/{fflId}: Failed to build request: No attribute named 'fflId' is defined 	1782724126307
REQUEST	LoginWeb	login	1782724126218	1782724126473	OK	 
REQUEST	LoginWeb	create	1782724125798	1782724126583	OK	 
REQUEST	LoginWeb	preLogin	1782724126408	1782724126637	OK	 
REQUEST	LoginWeb	decrypt	1782724126718	1782724126800	OK	 
GROUP	LoginWeb	1782724119410	1782724126801	1915	OK
ERROR	UC01_POST_/file-upload: Failed to build request: No attribute named 'requestId' is defined 	1782724126801
ERROR	UC02_POST_/send-to-bank: Failed to build request: No attribute named 'requestId' is defined 	1782724126801
REQUEST	LoginWeb	create	1782724126015	1782724126831	OK	 
REQUEST		UC07_POST_/inform-list	1782724126609	1782724126890	OK	 
REQUEST	LoginWeb	create	1782724126312	1782724127097	OK	 
REQUEST		UC10_POST_/mop-1-0	1782724126811	1782724127122	OK	 
REQUEST	LoginWeb	decrypt	1782724127109	1782724127181	OK	 
GROUP	LoginWeb	1782724120218	1782724127183	1863	OK
ERROR	UC01_POST_/file-upload: Failed to build request: No attribute named 'requestId' is defined 	1782724127183
ERROR	UC02_POST_/send-to-bank: Failed to build request: No attribute named 'requestId' is defined 	1782724127183
REQUEST		UC07_POST_/inform-list	1782724126890	1782724127192	OK	 
REQUEST	LoginWeb	create	1782724126515	1782724127361	OK	 
REQUEST	LoginWeb	login	1782724127208	1782724127476	OK	 
REQUEST	LoginWeb	decrypt	1782724127408	1782724127489	OK	 
GROUP	LoginWeb	1782724120310	1782724127491	1916	OK
ERROR	UC01_POST_/file-upload: Failed to build request: No attribute named 'requestId' is defined 	1782724127491
ERROR	UC02_POST_/send-to-bank: Failed to build request: No attribute named 'requestId' is defined 	1782724127491
REQUEST		UC03_GET_/params	1782724127312	1782724127683	OK	 
ERROR	UC04_POST_/delete-file: Failed to build request: No attribute named 'pprbId' is defined 	1782724127684
REQUEST	LoginWeb	decrypt	1782724127609	1782724127685	OK	 
GROUP	LoginWeb	1782724120912	1782724127687	1910	OK
ERROR	UC01_POST_/file-upload: Failed to build request: No attribute named 'requestId' is defined 	1782724127687
ERROR	UC02_POST_/send-to-bank: Failed to build request: No attribute named 'requestId' is defined 	1782724127687
REQUEST		UC08_POST_/send-to-bank/{fflId}	1782724127499	1782724127690	OK	 
REQUEST	LoginWeb	create	1782724127015	1782724127818	OK	 
REQUEST		UC11_POST_/online-control	1782724127718	1782724128004	OK	 
REQUEST	LoginWeb	decrypt	1782724128018	1782724128099	OK	 
GROUP	LoginWeb	1782724120510	1782724128100	2575	OK
ERROR	UC01_POST_/file-upload: Failed to build request: No attribute named 'requestId' is defined 	1782724128100
ERROR	UC02_POST_/send-to-bank: Failed to build request: No attribute named 'requestId' is defined 	1782724128101
REQUEST		UC08_POST_/send-to-bank/{fflId}	1782724127892	1782724128110	OK	 
REQUEST		UC03_GET_/params	1782724127798	1782724128164	OK	 
ERROR	UC04_POST_/delete-file: Failed to build request: No attribute named 'pprbId' is defined 	1782724128165
REQUEST		UC05_GET_/download/{fileid}	1782724128311	1782724128496	OK	 
ERROR	UC06_GET_/detail-with-attachments/{fflId}: Failed to build request: No attribute named 'fflId' is defined 	1782724128497
REQUEST		UC03_GET_/params	1782724128208	1782724128578	OK	 
ERROR	UC04_POST_/delete-file: Failed to build request: No attribute named 'pprbId' is defined 	1782724128579
REQUEST	LoginWeb	decrypt	1782724128608	1782724128691	OK	 
GROUP	LoginWeb	1782724121705	1782724128692	1925	OK
ERROR	UC01_POST_/file-upload: Failed to build request: No attribute named 'requestId' is defined 	1782724128692
ERROR	UC02_POST_/send-to-bank: Failed to build request: No attribute named 'requestId' is defined 	1782724128692
REQUEST		UC03_GET_/params	1782724128408	1782724128762	OK	 
ERROR	UC04_POST_/delete-file: Failed to build request: No attribute named 'pprbId' is defined 	1782724128763
REQUEST		UC09_GET_/requests-and-inform	1782724128514	1782724128762	OK	 
REQUEST	LoginWeb	create	1782724128111	1782724128944	OK	 
REQUEST		UC12_GET_/rehabilitation	1782724128717	1782724129038	OK	 
REQUEST		UC09_GET_/requests-and-inform	1782724128889	1782724129147	OK	 
REQUEST		UC03_GET_/params	1782724128827	1782724129194	OK	 
ERROR	UC04_POST_/delete-file: Failed to build request: No attribute named 'pprbId' is defined 	1782724129196
REQUEST		UC05_GET_/download/{fileid}	1782724129014	1782724129228	OK	 
ERROR	UC06_GET_/detail-with-attachments/{fflId}: Failed to build request: No attribute named 'fflId' is defined 	1782724129230
REQUEST		UC07_POST_/inform-list	1782724129109	1782724129415	OK	 
REQUEST		UC05_GET_/download/{fileid}	1782724129208	1782724129417	OK	 
ERROR	UC06_GET_/detail-with-attachments/{fflId}: Failed to build request: No attribute named 'fflId' is defined 	1782724129432
REQUEST		UC05_GET_/download/{fileid}	1782724129408	1782724129626	OK	 
ERROR	UC06_GET_/detail-with-attachments/{fflId}: Failed to build request: No attribute named 'fflId' is defined 	1782724129627
REQUEST		UC03_GET_/params	1782724129308	1782724129661	OK	 
ERROR	UC04_POST_/delete-file: Failed to build request: No attribute named 'pprbId' is defined 	1782724129663
REQUEST	LoginWeb	decrypt	1782724129608	1782724129686	OK	 
GROUP	LoginWeb	1782724123004	1782724129687	1973	OK
ERROR	UC01_POST_/file-upload: Failed to build request: No attribute named 'requestId' is defined 	1782724129687
ERROR	UC02_POST_/send-to-bank: Failed to build request: No attribute named 'requestId' is defined 	1782724129687
REQUEST		UC10_POST_/mop-1-0	1782724129514	1782724129786	OK	 
REQUEST		UC13_GET_/unread-tabs	1782724129718	1782724129930	OK	 
REQUEST		UC05_GET_/download/{fileid}	1782724129901	1782724130106	OK	 
ERROR	UC06_GET_/detail-with-attachments/{fflId}: Failed to build request: No attribute named 'fflId' is defined 	1782724130108
REQUEST		UC10_POST_/mop-1-0	1782724129798	1782724130107	OK	 
REQUEST		UC08_POST_/send-to-bank/{fflId}	1782724130118	1782724130334	OK	 
REQUEST		UC07_POST_/inform-list	1782724130031	1782724130387	OK	 
REQUEST		UC07_POST_/inform-list	1782724130219	1782724130532	OK	 
REQUEST		UC07_POST_/inform-list	1782724130318	1782724130594	OK	 
REQUEST		UC05_GET_/download/{fileid}	1782724130421	1782724130624	OK	 
ERROR	UC06_GET_/detail-with-attachments/{fflId}: Failed to build request: No attribute named 'fflId' is defined 	1782724130625
REQUEST		UC14_POST_/detail	1782724130718	1782724130887	OK	 
REQUEST		UC11_POST_/online-control	1782724130624	1782724130893	OK	 
REQUEST		UC03_GET_/params	1782724130518	1782724130895	OK	 
ERROR	UC04_POST_/delete-file: Failed to build request: No attribute named 'pprbId' is defined 	1782724130916
REQUEST		UC11_POST_/online-control	1782724130828	1782724131096	OK	 
REQUEST		UC07_POST_/inform-list	1782724130890	1782724131159	OK	 
REQUEST		UC09_GET_/requests-and-inform	1782724131015	1782724131271	OK	 
REQUEST		UC08_POST_/send-to-bank/{fflId}	1782724131109	1782724131313	OK	 
REQUEST		UC08_POST_/send-to-bank/{fflId}	1782724131218	1782724131407	OK	 
REQUEST		UC08_POST_/send-to-bank/{fflId}	1782724131313	1782724131514	OK	 
REQUEST		UC07_POST_/inform-list	1782724131408	1782724131684	OK	 
REQUEST		UC15_POST_/callback	1782724131516	1782724131739	OK	 
REQUEST		UC05_GET_/download/{fileid}	1782724131708	1782724131899	OK	 
ERROR	UC06_GET_/detail-with-attachments/{fflId}: Failed to build request: No attribute named 'fflId' is defined 	1782724131901
REQUEST		UC12_GET_/rehabilitation	1782724131609	1782724131903	OK	 
REQUEST		UC08_POST_/send-to-bank/{fflId}	1782724131891	1782724132092	OK	 
REQUEST		UC12_GET_/rehabilitation	1782724131812	1782724132144	OK	 
REQUEST		UC10_POST_/mop-1-0	1782724132015	1782724132292	OK	 
REQUEST		UC09_GET_/requests-and-inform	1782724132110	1782724132382	OK	 
REQUEST		UC09_GET_/requests-and-inform	1782724132208	1782724132455	OK	 
REQUEST		UC09_GET_/requests-and-inform	1782724132314	1782724132579	OK	 
REQUEST		UC08_POST_/send-to-bank/{fflId}	1782724132408	1782724132594	OK	 
REQUEST		UC16_PUT_/callback	1782724132508	1782724132674	OK	 
REQUEST		UC07_POST_/inform-list	1782724132608	1782724132897	OK	 
REQUEST		UC13_GET_/unread-tabs	1782724132717	1782724132901	OK	 
REQUEST		UC09_GET_/requests-and-inform	1782724132798	1782724133067	OK	 
REQUEST		UC13_GET_/unread-tabs	1782724132889	1782724133090	OK	 
REQUEST		UC11_POST_/online-control	1782724133014	1782724133264	OK	 
REQUEST		UC10_POST_/mop-1-0	1782724133109	1782724133399	OK	 
REQUEST		UC10_POST_/mop-1-0	1782724133218	1782724133494	OK	 
REQUEST		UC10_POST_/mop-1-0	1782724133311	1782724133576	OK	 
REQUEST		UC09_GET_/requests-and-inform	1782724133408	1782724133654	OK	 
REQUEST		UC17_DELETE_/callback?taskId={taskIdCB}	1782724133514	1782724133739	OK	 
REQUEST		UC08_POST_/send-to-bank/{fflId}	1782724133608	1782724133802	OK	 
REQUEST		UC14_POST_/detail	1782724133718	1782724133890	OK	 
REQUEST		UC10_POST_/mop-1-0	1782724133798	1782724134063	OK	 
REQUEST		UC14_POST_/detail	1782724133890	1782724134072	OK	 
REQUEST		UC12_GET_/rehabilitation	1782724134015	1782724134297	OK	 
REQUEST		UC11_POST_/online-control	1782724134124	1782724134415	OK	 
REQUEST		UC11_POST_/online-control	1782724134217	1782724134466	OK	 
REQUEST		UC11_POST_/online-control	1782724134312	1782724134573	OK	 
REQUEST		UC10_POST_/mop-1-0	1782724134408	1782724134675	OK	 
REQUEST		UC18_GET_/compliance-helper	1782724134515	1782724134683	OK	 
REQUEST		UC09_GET_/requests-and-inform	1782724134609	1782724134847	OK	 
REQUEST		UC15_POST_/callback	1782724134718	1782724134903	OK	 
REQUEST		UC11_POST_/online-control	1782724134798	1782724135049	OK	 
REQUEST		UC15_POST_/callback	1782724134890	1782724135095	OK	 
REQUEST		UC13_GET_/unread-tabs	1782724135015	1782724135194	OK	 
REQUEST		UC12_GET_/rehabilitation	1782724135110	1782724135418	OK	 
REQUEST		UC12_GET_/rehabilitation	1782724135208	1782724135495	OK	 
REQUEST		UC12_GET_/rehabilitation	1782724135314	1782724135611	OK	 
REQUEST		UC11_POST_/online-control	1782724135408	1782724135652	OK	 
REQUEST		UC19_GET_/activation	1782724135517	1782724135693	OK	 
REQUEST		UC16_PUT_/callback	1782724135702	1782724135854	OK	 
REQUEST		UC10_POST_/mop-1-0	1782724135611	1782724135883	OK	 
REQUEST		UC16_PUT_/callback	1782724135890	1782724136052	OK	 
REQUEST		UC12_GET_/rehabilitation	1782724135798	1782724136106	OK	 
REQUEST		UC14_POST_/detail	1782724136015	1782724136191	OK	 
REQUEST		UC13_GET_/unread-tabs	1782724136109	1782724136321	OK	 
REQUEST		UC13_GET_/unread-tabs	1782724136208	1782724136404	OK	 
REQUEST		UC13_GET_/unread-tabs	1782724136312	1782724136491	OK	 
REQUEST		UC20_GET_/change-tariff	1782724136509	1782724136658	OK	 
REQUEST		UC12_GET_/rehabilitation	1782724136415	1782724136712	OK	 
REQUEST		UC17_DELETE_/callback?taskId={taskIdCB}	1782724136618	1782724136818	OK	 
REQUEST		UC11_POST_/online-control	1782724136712	1782724136997	OK	 
REQUEST		UC17_DELETE_/callback?taskId={taskIdCB}	1782724136813	1782724137020	OK	 
REQUEST		UC13_GET_/unread-tabs	1782724136891	1782724137076	OK	 
REQUEST		UC15_POST_/callback	1782724137016	1782724137219	OK	 
REQUEST		UC14_POST_/detail	1782724137110	1782724137280	OK	 
REQUEST		UC14_POST_/detail	1782724137208	1782724137388	OK	 
REQUEST		UC14_POST_/detail	1782724137312	1782724137481	OK	 
REQUEST		UC21_GET_/user-permissions	1782724137408	1782724137573	OK	 
REQUEST		UC13_GET_/unread-tabs	1782724137515	1782724137695	OK	 
REQUEST		UC18_GET_/compliance-helper	1782724137609	1782724137766	OK	 
REQUEST		UC12_GET_/rehabilitation	1782724137703	1782724137989	OK	 
REQUEST		UC18_GET_/compliance-helper	1782724137827	1782724138011	OK	 
REQUEST		UC14_POST_/detail	1782724137890	1782724138032	OK	 
REQUEST		UC16_PUT_/callback	1782724138015	1782724138152	OK	 
REQUEST		UC15_POST_/callback	1782724138109	1782724138332	OK	 
REQUEST		UC15_POST_/callback	1782724138208	1782724138398	OK	 
REQUEST		UC15_POST_/callback	1782724138313	1782724138515	OK	 
REQUEST		UC14_POST_/detail	1782724138514	1782724138682	OK	 
REQUEST		UC19_GET_/activation	1782724138608	1782724138747	OK	 
REQUEST		UC22_GET_/print-form	1782724138408	1782724138766	OK	 
REQUEST		UC13_GET_/unread-tabs	1782724138717	1782724138895	OK	 
REQUEST		UC19_GET_/activation	1782724138798	1782724138973	OK	 
REQUEST		UC15_POST_/callback	1782724138889	1782724139083	OK	 
REQUEST		UC17_DELETE_/callback?taskId={taskIdCB}	1782724139014	1782724139208	OK	 
REQUEST		UC16_PUT_/callback	1782724139109	1782724139256	OK	 
REQUEST		UC16_PUT_/callback	1782724139208	1782724139347	OK	 
REQUEST		UC16_PUT_/callback	1782724139313	1782724139473	OK	 
REQUEST		UC15_POST_/callback	1782724139421	1782724139623	OK	 
REQUEST		UC20_GET_/change-tariff	1782724139515	1782724139672	OK	 
REQUEST		UC14_POST_/detail	1782724139718	1782724139888	OK	 
REQUEST		UC20_GET_/change-tariff	1782724139798	1782724139945	OK	 
REQUEST		UC23_GET_/rejections	1782724139608	1782724140028	OK	 
REQUEST		UC16_PUT_/callback	1782724139904	1782724140062	OK	 
REQUEST		UC18_GET_/compliance-helper	1782724140012	1782724140170	OK	 
REQUEST		UC17_DELETE_/callback?taskId={taskIdCB}	1782724140108	1782724140322	OK	 
REQUEST		UC17_DELETE_/callback?taskId={taskIdCB}	1782724140217	1782724140425	OK	 
REQUEST		UC17_DELETE_/callback?taskId={taskIdCB}	1782724140312	1782724140518	OK	 
REQUEST		UC16_PUT_/callback	1782724140408	1782724140550	OK	 
REQUEST		UC21_GET_/user-permissions	1782724140515	1782724140673	OK	 
REQUEST		UC15_POST_/callback	1782724140624	1782724140820	OK	 
REQUEST		UC21_GET_/user-permissions	1782724140718	1782724140864	OK	 
REQUEST		UC17_DELETE_/callback?taskId={taskIdCB}	1782724140874	1782724141071	OK	 
REQUEST		UC19_GET_/activation	1782724140978	1782724141125	OK	 
REQUEST		UC24_GET_/rejection/{operationId}	1782724140828	1782724141140	OK	 
REQUEST		UC18_GET_/compliance-helper	1782724141078	1782724141254	OK	 
REQUEST		UC18_GET_/compliance-helper	1782724141187	1782724141356	OK	 
REQUEST		UC18_GET_/compliance-helper	1782724141281	1782724141458	OK	 
REQUEST		UC17_DELETE_/callback?taskId={taskIdCB}	1782724141378	1782724141571	OK	 
REQUEST		UC16_PUT_/callback	1782724141578	1782724141746	OK	 
REQUEST		UC22_GET_/print-form	1782724141485	1782724141788	OK	 
REQUEST		UC18_GET_/compliance-helper	1782724141798	1782724141961	OK	 
REQUEST		UC22_GET_/print-form	1782724141687	1782724142020	OK	 
REQUEST		UC20_GET_/change-tariff	1782724141875	1782724142028	OK	 
REQUEST		UC25_GET_/active-switchers	1782724141984	1782724142160	OK	 
REQUEST		UC19_GET_/activation	1782724142078	1782724142244	OK	 
REQUEST		UC19_GET_/activation	1782724142186	1782724142342	OK	 
REQUEST		UC19_GET_/activation	1782724142280	1782724142434	OK	 
REQUEST		UC18_GET_/compliance-helper	1782724142378	1782724142524	OK	 
REQUEST		UC17_DELETE_/callback?taskId={taskIdCB}	1782724142484	1782724142674	OK	 
REQUEST		UC19_GET_/activation	1782724142702	1782724142859	OK	 
REQUEST		UC23_GET_/rejections	1782724142592	1782724142909	OK	 
REQUEST		UC21_GET_/user-permissions	1782724142874	1782724143016	OK	 
REQUEST		UC26_GET_/system-parameters	1782724142983	1782724143169	OK	 
REQUEST		UC23_GET_/rejections	1782724142796	1782724143218	OK	 
REQUEST		UC20_GET_/change-tariff	1782724143078	1782724143230	OK	 
REQUEST		UC20_GET_/change-tariff	1782724143186	1782724143353	OK	 
REQUEST		UC20_GET_/change-tariff	1782724143278	1782724143431	OK	 
REQUEST		UC19_GET_/activation	1782724143378	1782724143520	OK	 
REQUEST		UC18_GET_/compliance-helper	1782724143483	1782724143639	OK	 
REQUEST		UC20_GET_/change-tariff	1782724143578	1782724143724	OK	 
REQUEST		UC24_GET_/rejection/{operationId}	1782724143688	1782724143946	OK	 
REQUEST		UC27_GET_/organization	1782724143873	1782724144039	OK	 
REQUEST		UC22_GET_/print-form	1782724143798	1782724144153	OK	 
REQUEST		UC21_GET_/user-permissions	1782724144078	1782724144220	OK	 
REQUEST		UC24_GET_/rejection/{operationId}	1782724143983	1782724144285	OK	 
REQUEST		UC21_GET_/user-permissions	1782724144186	1782724144343	OK	 
REQUEST		UC21_GET_/user-permissions	1782724144280	1782724144436	OK	 
REQUEST		UC20_GET_/change-tariff	1782724144378	1782724144525	OK	 
REQUEST		UC19_GET_/activation	1782724144484	1782724144638	OK	 
REQUEST		UC21_GET_/user-permissions	1782724144578	1782724144723	OK	 
REQUEST		UC25_GET_/active-switchers	1782724144702	1782724144870	OK	 
REQUEST		UC28_GET_/compliance-profile/mtb	1782724144796	1782724144978	OK	 
REQUEST		UC23_GET_/rejections	1782724144878	1782724145230	OK	 
REQUEST		UC25_GET_/active-switchers	1782724145098	1782724145278	OK	 
REQUEST		UC22_GET_/print-form	1782724144999	1782724145366	OK	 
REQUEST		UC22_GET_/print-form	1782724145203	1782724145513	OK	 
REQUEST		UC21_GET_/user-permissions	1782724145406	1782724145570	OK	 
REQUEST		UC20_GET_/change-tariff	1782724145500	1782724145650	OK	 
REQUEST		UC22_GET_/print-form	1782724145298	1782724145660	OK	 
REQUEST		UC26_GET_/system-parameters	1782724145703	1782724145888	OK	 
REQUEST		UC22_GET_/print-form	1782724145598	1782724145932	OK	 
REQUEST		UC29_GET_/dopInfo	1782724145796	1782724145967	OK	 
REQUEST		UC24_GET_/rejection/{operationId}	1782724145889	1782724146180	OK	 
REQUEST		UC26_GET_/system-parameters	1782724146014	1782724146187	OK	 
REQUEST		UC23_GET_/rejections	1782724146109	1782724146524	OK	 
REQUEST		UC23_GET_/rejections	1782724146218	1782724146570	OK	 
REQUEST		UC21_GET_/user-permissions	1782724146409	1782724146578	OK	 
REQUEST		UC22_GET_/print-form	1782724146311	1782724146653	OK	 
REQUEST		UC27_GET_/organization	1782724146608	1782724146779	OK	 
REQUEST		UC23_GET_/rejections	1782724146499	1782724146838	OK	 
REQUEST		UC30_GET_/counterparties	1782724146798	1782724146964	OK	 
REQUEST		UC25_GET_/active-switchers	1782724146889	1782724147053	OK	 
REQUEST		UC23_GET_/rejections	1782724146717	1782724147069	OK	 
REQUEST		UC27_GET_/organization	1782724147014	1782724147188	OK	 
REQUEST		UC24_GET_/rejection/{operationId}	1782724147109	1782724147413	OK	 
REQUEST		UC24_GET_/rejection/{operationId}	1782724147218	1782724147498	OK	 
REQUEST		UC22_GET_/print-form	1782724147313	1782724147647	OK	 
REQUEST		UC28_GET_/compliance-profile/mtb	1782724147499	1782724147676	OK	 
REQUEST		UC23_GET_/rejections	1782724147405	1782724147754	OK	 
REQUEST		UC24_GET_/rejection/{operationId}	1782724147598	1782724147865	OK	 
REQUEST		UC31_GET_/compliance-profile/contacts	1782724147702	1782724147873	OK	 
REQUEST		UC26_GET_/system-parameters	1782724147812	1782724147972	OK	 
REQUEST		UC24_GET_/rejection/{operationId}	1782724147905	1782724148177	OK	 
REQUEST		UC28_GET_/compliance-profile/mtb	1782724148014	1782724148182	OK	 
REQUEST		UC25_GET_/active-switchers	1782724148109	1782724148290	OK	 
REQUEST		UC25_GET_/active-switchers	1782724148218	1782724148398	OK	 
REQUEST		UC29_GET_/dopInfo	1782724148437	1782724148584	OK	 
REQUEST		UC23_GET_/rejections	1782724148313	1782724148681	OK	 
REQUEST		UC25_GET_/active-switchers	1782724148624	1782724148793	OK	 
REQUEST		UC24_GET_/rejection/{operationId}	1782724148530	1782724148795	OK	 
REQUEST		UC32_GET_/compliance-profile	1782724148718	1782724148885	OK	 
REQUEST		UC27_GET_/organization	1782724148828	1782724148999	OK	 
REQUEST		UC25_GET_/active-switchers	1782724148874	1782724149054	OK	 
REQUEST		UC29_GET_/dopInfo	1782724148983	1782724149151	OK	 
REQUEST		UC26_GET_/system-parameters	1782724149078	1782724149242	OK	 
REQUEST		UC26_GET_/system-parameters	1782724149187	1782724149373	OK	 
REQUEST		UC30_GET_/counterparties	1782724149280	1782724149443	OK	 
REQUEST		UC26_GET_/system-parameters	1782724149483	1782724149659	OK	 
REQUEST		UC24_GET_/rejection/{operationId}	1782724149378	1782724149660	OK	 
REQUEST		UC25_GET_/active-switchers	1782724149578	1782724149744	OK	 
REQUEST		UC33_GET_/detail	1782724149688	1782724149917	OK	 
REQUEST		UC28_GET_/compliance-profile/mtb	1782724149799	1782724149969	OK	 
REQUEST		UC26_GET_/system-parameters	1782724149875	1782724150037	OK	 
REQUEST		UC30_GET_/counterparties	1782724149989	1782724150157	OK	 
REQUEST		UC27_GET_/organization	1782724150078	1782724150251	OK	 
REQUEST		UC27_GET_/organization	1782724150187	1782724150365	OK	 
REQUEST		UC31_GET_/compliance-profile/contacts	1782724150280	1782724150441	OK	 
REQUEST		UC27_GET_/organization	1782724150378	1782724150562	OK	 
REQUEST		UC25_GET_/active-switchers	1782724150484	1782724150658	OK	 
REQUEST		UC26_GET_/system-parameters	1782724150578	1782724150761	OK	 
REQUEST		UC34_DELETE_/alert	1782724150702	1782724150928	OK	 
REQUEST		UC29_GET_/dopInfo	1782724150811	1782724150994	OK	 
REQUEST		UC27_GET_/organization	1782724150874	1782724151057	OK	 
REQUEST		UC31_GET_/compliance-profile/contacts	1782724150983	1782724151148	OK	 
REQUEST		UC28_GET_/compliance-profile/mtb	1782724151078	1782724151241	OK	 
REQUEST		UC28_GET_/compliance-profile/mtb	1782724151186	1782724151390	OK	 
REQUEST		UC32_GET_/compliance-profile	1782724151280	1782724151428	OK	 
REQUEST		UC28_GET_/compliance-profile/mtb	1782724151378	1782724151556	OK	 
REQUEST		UC26_GET_/system-parameters	1782724151484	1782724151644	OK	 
REQUEST		UC27_GET_/organization	1782724151578	1782724151740	OK	 
REQUEST		UC35_POST_/organization	1782724151688	1782724151895	OK	 
REQUEST		UC30_GET_/counterparties	1782724151795	1782724151965	OK	 
REQUEST		UC28_GET_/compliance-profile/mtb	1782724151874	1782724152036	OK	 
REQUEST		UC32_GET_/compliance-profile	1782724151983	1782724152154	OK	 
REQUEST		UC29_GET_/dopInfo	1782724152078	1782724152241	OK	 
REQUEST		UC29_GET_/dopInfo	1782724152187	1782724152353	OK	 
REQUEST		UC33_GET_/detail	1782724152281	1782724152454	OK	 
REQUEST		UC29_GET_/dopInfo	1782724152378	1782724152544	OK	 
REQUEST		UC27_GET_/organization	1782724152485	1782724152657	OK	 
REQUEST		UC28_GET_/compliance-profile/mtb	1782724152578	1782724152729	OK	 
REQUEST		UC36_POST_/mtb	1782724152688	1782724152903	OK	 
REQUEST		UC31_GET_/compliance-profile/contacts	1782724152780	1782724152933	OK	 
REQUEST		UC29_GET_/dopInfo	1782724152874	1782724153026	OK	 
REQUEST		UC33_GET_/detail	1782724152983	1782724153178	OK	 
REQUEST		UC30_GET_/counterparties	1782724153078	1782724153243	OK	 
REQUEST		UC30_GET_/counterparties	1782724153178	1782724153344	OK	 
REQUEST		UC34_DELETE_/alert	1782724153280	1782724153465	OK	 
REQUEST		UC30_GET_/counterparties	1782724153378	1782724153557	OK	 
REQUEST		UC28_GET_/compliance-profile/mtb	1782724153484	1782724153651	OK	 
REQUEST		UC29_GET_/dopInfo	1782724153578	1782724153736	OK	 
REQUEST		UC37_POST_/dopInfo	1782724153687	1782724153906	OK	 
REQUEST		UC32_GET_/compliance-profile	1782724153780	1782724153950	OK	 
REQUEST		UC30_GET_/counterparties	1782724153874	1782724154038	OK	 
REQUEST		UC34_DELETE_/alert	1782724153983	1782724154174	OK	 
REQUEST		UC31_GET_/compliance-profile/contacts	1782724154078	1782724154240	OK	 
REQUEST		UC31_GET_/compliance-profile/contacts	1782724154187	1782724154370	OK	 
REQUEST		UC35_POST_/organization	1782724154280	1782724154492	OK	 
REQUEST		UC31_GET_/compliance-profile/contacts	1782724154378	1782724154546	OK	 
REQUEST		UC29_GET_/dopInfo	1782724154484	1782724154668	OK	 
REQUEST		UC30_GET_/counterparties	1782724154578	1782724154740	OK	 
REQUEST		UC38_POST_/counterparties	1782724154687	1782724154880	OK	 
REQUEST		UC33_GET_/detail	1782724154796	1782724154989	OK	 
REQUEST		UC31_GET_/compliance-profile/contacts	1782724154874	1782724155038	OK	 
REQUEST		UC35_POST_/organization	1782724154984	1782724155182	OK	 
REQUEST		UC32_GET_/compliance-profile	1782724155078	1782724155231	OK	 
REQUEST		UC32_GET_/compliance-profile	1782724155187	1782724155354	OK	 
REQUEST		UC36_POST_/mtb	1782724155281	1782724155478	OK	 
REQUEST		UC32_GET_/compliance-profile	1782724155378	1782724155533	OK	 
REQUEST		UC30_GET_/counterparties	1782724155483	1782724155641	OK	 
REQUEST		UC31_GET_/compliance-profile/contacts	1782724155578	1782724155751	OK	 
REQUEST		UC39_POST_/contacts	1782724155702	1782724155909	OK	 
REQUEST		UC34_DELETE_/alert	1782724155798	1782724155994	OK	 
REQUEST		UC32_GET_/compliance-profile	1782724155874	1782724156033	OK	 
REQUEST		UC36_POST_/mtb	1782724155983	1782724156197	OK	 
REQUEST		UC33_GET_/detail	1782724156078	1782724156276	OK	 
REQUEST		UC33_GET_/detail	1782724156187	1782724156387	OK	 
REQUEST		UC37_POST_/dopInfo	1782724156281	1782724156478	OK	 
REQUEST		UC33_GET_/detail	1782724156378	1782724156572	OK	 
REQUEST		UC31_GET_/compliance-profile/contacts	1782724156483	1782724156652	OK	 
REQUEST		UC32_GET_/compliance-profile	1782724156578	1782724156729	OK	 
REQUEST		UC40_GET_/mop2/{fflId}	1782724156702	1782724156949	OK	 
REQUEST		UC35_POST_/organization	1782724156795	1782724157008	OK	 
REQUEST		UC33_GET_/detail	1782724156869	1782724157073	OK	 
REQUEST		UC37_POST_/dopInfo	1782724156988	1782724157194	OK	 
REQUEST		UC34_DELETE_/alert	1782724157094	1782724157290	OK	 
REQUEST		UC34_DELETE_/alert	1782724157188	1782724157387	OK	 
REQUEST		UC38_POST_/counterparties	1782724157297	1782724157493	OK	 
REQUEST		UC34_DELETE_/alert	1782724157391	1782724157595	OK	 
REQUEST		UC32_GET_/compliance-profile	1782724157488	1782724157660	OK	 
REQUEST		UC33_GET_/detail	1782724157593	1782724157776	OK	 
REQUEST		UC41_GET_/onboarding/{fflId}	1782724157688	1782724157881	OK	 
USER	EFSFinmonWebDebug	END	1782724157885
USER	EFSFinmonWebDebug	START	1782724157885
REQUEST		UC36_POST_/mtb	1782724157780	1782724157975	OK	 
REQUEST		UC34_DELETE_/alert	1782724157889	1782724158103	OK	 
REQUEST		UC38_POST_/counterparties	1782724158015	1782724158212	OK	 
REQUEST		UC35_POST_/organization	1782724158109	1782724158299	OK	 
REQUEST		UC35_POST_/organization	1782724158208	1782724158401	OK	 
REQUEST		UC39_POST_/contacts	1782724158313	1782724158526	OK	 
REQUEST		UC35_POST_/organization	1782724158408	1782724158617	OK	 
REQUEST		UC33_GET_/detail	1782724158514	1782724158713	OK	 
REQUEST		UC34_DELETE_/alert	1782724158608	1782724158821	OK	 
REQUEST	LoginWeb	first_login	1782724158717	1782724158889	OK	 
REQUEST		UC37_POST_/dopInfo	1782724158811	1782724159008	OK	 
REQUEST		UC35_POST_/organization	1782724158889	1782724159093	OK	 
REQUEST		UC39_POST_/contacts	1782724159008	1782724159192	OK	 
REQUEST		UC36_POST_/mtb	1782724159109	1782724159302	OK	 
REQUEST		UC36_POST_/mtb	1782724159218	1782724159421	OK	 
REQUEST		UC40_GET_/mop2/{fflId}	1782724159312	1782724159532	OK	 
REQUEST		UC36_POST_/mtb	1782724159408	1782724159629	OK	 
REQUEST		UC34_DELETE_/alert	1782724159516	1782724159720	OK	 
REQUEST		UC35_POST_/organization	1782724159609	1782724159803	OK	 
REQUEST	LoginWeb	settingsLogin	1782724159718	1782724159895	OK	 
REQUEST		UC38_POST_/counterparties	1782724159818	1782724160031	OK	 
REQUEST		UC36_POST_/mtb	1782724159896	1782724160098	OK	 
REQUEST		UC40_GET_/mop2/{fflId}	1782724160001	1782724160247	OK	 
REQUEST		UC37_POST_/dopInfo	1782724160098	1782724160314	OK	 
REQUEST		UC37_POST_/dopInfo	1782724160198	1782724160404	OK	 
REQUEST		UC41_GET_/onboarding/{fflId}	1782724160299	1782724160491	OK	 
USER	EFSFinmonWebDebug	END	1782724160495
USER	EFSFinmonWebDebug	START	1782724160496
REQUEST		UC37_POST_/dopInfo	1782724160406	1782724160606	OK	 
REQUEST		UC35_POST_/organization	1782724160500	1782724160714	OK	 
REQUEST		UC36_POST_/mtb	1782724160598	1782724160799	OK	 
REQUEST	LoginWeb	newsLogin	1782724160718	1782724160914	OK	 
REQUEST		UC39_POST_/contacts	1782724160828	1782724161023	OK	 
REQUEST		UC37_POST_/dopInfo	1782724160874	1782724161080	OK	 
REQUEST		UC41_GET_/onboarding/{fflId}	1782724160984	1782724161184	OK	 
USER	EFSFinmonWebDebug	END	1782724161188
USER	EFSFinmonWebDebug	START	1782724161188
REQUEST		UC38_POST_/counterparties	1782724161078	1782724161265	OK	 
REQUEST		UC38_POST_/counterparties	1782724161188	1782724161376	OK	 
REQUEST	LoginWeb	first_login	1782724161282	1782724161464	OK	 
REQUEST		UC38_POST_/counterparties	1782724161378	1782724161576	OK	 
REQUEST		UC36_POST_/mtb	1782724161485	1782724161694	OK	 
REQUEST		UC37_POST_/dopInfo	1782724161579	1782724161787	OK	 
REQUEST	LoginWeb	preLogin	1782724161688	1782724161926	OK	 
REQUEST		UC40_GET_/mop2/{fflId}	1782724161796	1782724162037	OK	 
REQUEST		UC38_POST_/counterparties	1782724161874	1782724162086	OK	 
REQUEST	LoginWeb	first_login	1782724161983	1782724162148	OK	 
REQUEST		UC39_POST_/contacts	1782724162078	1782724162275	OK	 
REQUEST		UC39_POST_/contacts	1782724162182	1782724162384	OK	 
REQUEST	LoginWeb	settingsLogin	1782724162280	1782724162458	OK	 
REQUEST		UC39_POST_/contacts	1782724162378	1782724162584	OK	 
REQUEST		UC37_POST_/dopInfo	1782724162484	1782724162682	OK	 
REQUEST		UC38_POST_/counterparties	1782724162578	1782724162760	OK	 
REQUEST	LoginWeb	login	1782724162703	1782724162954	OK	 
REQUEST		UC41_GET_/onboarding/{fflId}	1782724162796	1782724162977	OK	 
USER	EFSFinmonWebDebug	END	1782724162980
USER	EFSFinmonWebDebug	START	1782724162981
REQUEST		UC39_POST_/contacts	1782724162874	1782724163068	OK	 
REQUEST	LoginWeb	settingsLogin	1782724162983	1782724163185	OK	 
REQUEST		UC40_GET_/mop2/{fflId}	1782724163078	1782724163312	OK	 
REQUEST		UC40_GET_/mop2/{fflId}	1782724163188	1782724163413	OK	 
REQUEST	LoginWeb	newsLogin	1782724163280	1782724163482	OK	 
REQUEST		UC40_GET_/mop2/{fflId}	1782724163378	1782724163581	OK	 
REQUEST		UC38_POST_/counterparties	1782724163483	1782724163693	OK	 
REQUEST		UC39_POST_/contacts	1782724163578	1782724163756	OK	 
REQUEST	LoginWeb	first_login	1782724163796	1782724163955	OK	 
REQUEST		UC40_GET_/mop2/{fflId}	1782724163874	1782724164103	OK	 
REQUEST	LoginWeb	newsLogin	1782724163983	1782724164199	OK	 
REQUEST		UC41_GET_/onboarding/{fflId}	1782724164078	1782724164259	OK	 
USER	EFSFinmonWebDebug	END	1782724164262
USER	EFSFinmonWebDebug	START	1782724164262
REQUEST		UC41_GET_/onboarding/{fflId}	1782724164187	1782724164365	OK	 
USER	EFSFinmonWebDebug	END	1782724164369
USER	EFSFinmonWebDebug	START	1782724164370
REQUEST	LoginWeb	preLogin	1782724164281	1782724164519	OK	 
REQUEST		UC41_GET_/onboarding/{fflId}	1782724164378	1782724164553	OK	 
USER	EFSFinmonWebDebug	END	1782724164559
USER	EFSFinmonWebDebug	START	1782724164559
REQUEST	LoginWeb	create	1782724163688	1782724164557	OK	 
REQUEST		UC39_POST_/contacts	1782724164483	1782724164679	OK	 
REQUEST		UC40_GET_/mop2/{fflId}	1782724164578	1782724164787	OK	 
REQUEST	LoginWeb	settingsLogin	1782724164688	1782724164883	OK	 
REQUEST		UC41_GET_/onboarding/{fflId}	1782724164798	1782724164983	OK	 
USER	EFSFinmonWebDebug	END	1782724164985
USER	EFSFinmonWebDebug	START	1782724164986
REQUEST	LoginWeb	preLogin	1782724164874	1782724165066	OK	 
REQUEST	LoginWeb	first_login	1782724164983	1782724165144	OK	 
REQUEST	LoginWeb	first_login	1782724165078	1782724165243	OK	 
REQUEST	LoginWeb	first_login	1782724165281	1782724165444	OK	 
REQUEST	LoginWeb	login	1782724165187	1782724165447	OK	 
REQUEST	LoginWeb	decrypt	1782724165389	1782724165461	OK	 
GROUP	LoginWeb	1782724157885	1782724165462	1975	OK
ERROR	UC01_POST_/file-upload: Failed to build request: No attribute named 'requestId' is defined 	1782724165462
ERROR	UC02_POST_/send-to-bank: Failed to build request: No attribute named 'requestId' is defined 	1782724165462
REQUEST		UC40_GET_/mop2/{fflId}	1782724165483	1782724165741	OK	 
REQUEST		UC41_GET_/onboarding/{fflId}	1782724165578	1782724165756	OK	 
USER	EFSFinmonWebDebug	END	1782724165765
USER	EFSFinmonWebDebug	START	1782724165766
REQUEST	LoginWeb	newsLogin	1782724165688	1782724165893	OK	 
REQUEST	LoginWeb	first_login	1782724165780	1782724165938	OK	 
REQUEST	LoginWeb	login	1782724165873	1782724166150	OK	 
REQUEST	LoginWeb	settingsLogin	1782724165984	1782724166160	OK	 
REQUEST	LoginWeb	settingsLogin	1782724166078	1782724166250	OK	 
REQUEST	LoginWeb	settingsLogin	1782724166187	1782724166384	OK	 
REQUEST		UC41_GET_/onboarding/{fflId}	1782724166483	1782724166653	OK	 
USER	EFSFinmonWebDebug	END	1782724166656
USER	EFSFinmonWebDebug	START	1782724166657
REQUEST		UC03_GET_/params	1782724166386	1782724166739	OK	 
ERROR	UC04_POST_/delete-file: Failed to build request: No attribute named 'pprbId' is defined 	1782724166740
REQUEST	LoginWeb	first_login	1782724166578	1782724166768	OK	 
REQUEST	LoginWeb	preLogin	1782724166688	1782724166896	OK	 
REQUEST	LoginWeb	settingsLogin	1782724166805	1782724166972	OK	 
REQUEST	LoginWeb	create	1782724166281	1782724167128	OK	 
REQUEST	LoginWeb	newsLogin	1782724166988	1782724167182	OK	 
REQUEST	LoginWeb	newsLogin	1782724167094	1782724167291	OK	 
REQUEST	LoginWeb	newsLogin	1782724167188	1782724167388	OK	 
REQUEST	LoginWeb	first_login	1782724167299	1782724167472	OK	 
REQUEST		UC05_GET_/download/{fileid}	1782724167392	1782724167581	OK	 
ERROR	UC06_GET_/detail-with-attachments/{fflId}: Failed to build request: No attribute named 'fflId' is defined 	1782724167582
REQUEST	LoginWeb	settingsLogin	1782724167492	1782724167655	OK	 
REQUEST	LoginWeb	create	1782724166883	1782724167695	OK	 
REQUEST	LoginWeb	login	1782724167608	1782724167870	OK	 
REQUEST	LoginWeb	decrypt	1782724167811	1782724167891	OK	 
GROUP	LoginWeb	1782724160496	1782724167892	1987	OK
ERROR	UC01_POST_/file-upload: Failed to build request: No attribute named 'requestId' is defined 	1782724167892
ERROR	UC02_POST_/send-to-bank: Failed to build request: No attribute named 'requestId' is defined 	1782724167892
REQUEST	LoginWeb	newsLogin	1782724167702	1782724167897	OK	 
REQUEST	LoginWeb	preLogin	1782724167878	1782724168100	OK	 
REQUEST	LoginWeb	preLogin	1782724168098	1782724168351	OK	 
REQUEST	LoginWeb	settingsLogin	1782724168203	1782724168400	OK	 
REQUEST		UC07_POST_/inform-list	1782724168298	1782724168571	OK	 
REQUEST	LoginWeb	decrypt	1782724168500	1782724168578	OK	 
GROUP	LoginWeb	1782724161188	1782724168588	1942	OK
ERROR	UC01_POST_/file-upload: Failed to build request: No attribute named 'requestId' is defined 	1782724168588
ERROR	UC02_POST_/send-to-bank: Failed to build request: No attribute named 'requestId' is defined 	1782724168588
REQUEST	LoginWeb	newsLogin	1782724168407	1782724168604	OK	 
REQUEST	LoginWeb	preLogin	1782724167999	1782724168969	OK	 
REQUEST	LoginWeb	preLogin	1782724168794	1782724169000	OK	 
REQUEST		UC03_GET_/params	1782724168702	1782724169023	OK	 
ERROR	UC04_POST_/delete-file: Failed to build request: No attribute named 'pprbId' is defined 	1782724169025
REQUEST	LoginWeb	login	1782724168888	1782724169146	OK	 
REQUEST	LoginWeb	login	1782724169013	1782724169267	OK	 
REQUEST	LoginWeb	newsLogin	1782724169108	1782724169310	OK	 
REQUEST		UC08_POST_/send-to-bank/{fflId}	1782724169211	1782724169387	OK	 
REQUEST	LoginWeb	create	1782724168598	1782724169441	OK	 
REQUEST		UC03_GET_/params	1782724169308	1782724169615	OK	 
ERROR	UC04_POST_/delete-file: Failed to build request: No attribute named 'pprbId' is defined 	1782724169616
REQUEST	LoginWeb	preLogin	1782724169415	1782724169624	OK	 
REQUEST		UC05_GET_/download/{fileid}	1782724169715	1782724169887	OK	 
ERROR	UC06_GET_/detail-with-attachments/{fflId}: Failed to build request: No attribute named 'fflId' is defined 	1782724169888
REQUEST	LoginWeb	login	1782724169624	1782724169894	OK	 
REQUEST	LoginWeb	preLogin	1782724170009	1782724170249	OK	 
REQUEST	LoginWeb	decrypt	1782724170217	1782724170294	OK	 
GROUP	LoginWeb	1782724162981	1782724170296	1949	OK
ERROR	UC01_POST_/file-upload: Failed to build request: No attribute named 'requestId' is defined 	1782724170296
ERROR	UC02_POST_/send-to-bank: Failed to build request: No attribute named 'requestId' is defined 	1782724170296
REQUEST		UC09_GET_/requests-and-inform	1782724170108	1782724170343	OK	 
REQUEST		UC05_GET_/download/{fileid}	1782724170312	1782724170495	OK	 
ERROR	UC06_GET_/detail-with-attachments/{fflId}: Failed to build request: No attribute named 'fflId' is defined 	1782724170496
REQUEST	LoginWeb	create	1782724169799	1782724170618	OK	 
REQUEST	LoginWeb	login	1782724170408	1782724170671	OK	 
REQUEST	LoginWeb	create	1782724169889	1782724170692	OK	 
REQUEST		UC07_POST_/inform-list	1782724170515	1782724170776	OK	 
REQUEST	LoginWeb	login	1782724170718	1782724170979	OK	 
REQUEST	LoginWeb	login	1782724169509	1782724171038	OK	 
REQUEST		UC10_POST_/mop-1-0	1782724170890	1782724171169	OK	 
REQUEST		UC03_GET_/params	1782724170798	1782724171175	OK	 
ERROR	UC04_POST_/delete-file: Failed to build request: No attribute named 'pprbId' is defined 	1782724171184
REQUEST	LoginWeb	decrypt	1782724171109	1782724171184	OK	 
GROUP	LoginWeb	1782724164262	1782724171188	1905	OK
ERROR	UC01_POST_/file-upload: Failed to build request: No attribute named 'requestId' is defined 	1782724171188
ERROR	UC02_POST_/send-to-bank: Failed to build request: No attribute named 'requestId' is defined 	1782724171188
REQUEST		UC07_POST_/inform-list	1782724171015	1782724171277	OK	 
REQUEST	LoginWeb	decrypt	1782724171313	1782724171395	OK	 
GROUP	LoginWeb	1782724164559	1782724171397	1952	OK
ERROR	UC01_POST_/file-upload: Failed to build request: No attribute named 'requestId' is defined 	1782724171397
ERROR	UC02_POST_/send-to-bank: Failed to build request: No attribute named 'requestId' is defined 	1782724171397
REQUEST	LoginWeb	create	1782724170609	1782724171434	OK	 
REQUEST		UC08_POST_/send-to-bank/{fflId}	1782724171408	1782724171598	OK	 
REQUEST		UC11_POST_/online-control	1782724171704	1782724171951	OK	 
REQUEST		UC05_GET_/download/{fileid}	1782724171812	1782724172002	OK	 
ERROR	UC06_GET_/detail-with-attachments/{fflId}: Failed to build request: No attribute named 'fflId' is defined 	1782724172003
REQUEST	LoginWeb	create	1782724171217	1782724172055	OK	 
REQUEST		UC08_POST_/send-to-bank/{fflId}	1782724172015	1782724172202	OK	 
REQUEST		UC03_GET_/params	1782724171890	1782724172261	OK	 
ERROR	UC04_POST_/delete-file: Failed to build request: No attribute named 'pprbId' is defined 	1782724172262
REQUEST	LoginWeb	decrypt	1782724172208	1782724172299	OK	 
GROUP	LoginWeb	1782724164986	1782724172300	1912	OK
ERROR	UC01_POST_/file-upload: Failed to build request: No attribute named 'requestId' is defined 	1782724172300
ERROR	UC02_POST_/send-to-bank: Failed to build request: No attribute named 'requestId' is defined 	1782724172300
REQUEST	LoginWeb	create	1782724171501	1782724172334	OK	 
REQUEST	LoginWeb	create	1782724171598	1782724172434	OK	 
REQUEST		UC03_GET_/params	1782724172109	1782724172455	OK	 
ERROR	UC04_POST_/delete-file: Failed to build request: No attribute named 'pprbId' is defined 	1782724172456
REQUEST		UC09_GET_/requests-and-inform	1782724172313	1782724172545	OK	 
REQUEST	LoginWeb	decrypt	1782724172610	1782724172686	OK	 
GROUP	LoginWeb	1782724165766	1782724172687	1936	OK
ERROR	UC01_POST_/file-upload: Failed to build request: No attribute named 'requestId' is defined 	1782724172687
ERROR	UC02_POST_/send-to-bank: Failed to build request: No attribute named 'requestId' is defined 	1782724172688
REQUEST		UC12_GET_/rehabilitation	1782724172408	1782724172707	OK	 
REQUEST		UC07_POST_/inform-list	1782724172516	1782724172816	OK	 
REQUEST		UC09_GET_/requests-and-inform	1782724172704	1782724172947	OK	 
REQUEST		UC05_GET_/download/{fileid}	1782724172827	1782724173019	OK	 
ERROR	UC06_GET_/detail-with-attachments/{fflId}: Failed to build request: No attribute named 'fflId' is defined 	1782724173022
REQUEST	LoginWeb	decrypt	1782724173015	1782724173094	OK	 
GROUP	LoginWeb	1782724166657	1782724173096	1985	OK
ERROR	UC01_POST_/file-upload: Failed to build request: No attribute named 'requestId' is defined 	1782724173096
ERROR	UC02_POST_/send-to-bank: Failed to build request: No attribute named 'requestId' is defined 	1782724173096
REQUEST	LoginWeb	decrypt	1782724173109	1782724173188	OK	 
GROUP	LoginWeb	1782724164370	1782724173190	3948	OK
ERROR	UC01_POST_/file-upload: Failed to build request: No attribute named 'requestId' is defined 	1782724173190
ERROR	UC02_POST_/send-to-bank: Failed to build request: No attribute named 'requestId' is defined 	1782724173190
REQUEST		UC03_GET_/params	1782724172890	1782724173306	OK	 
ERROR	UC04_POST_/delete-file: Failed to build request: No attribute named 'pprbId' is defined 	1782724173307
REQUEST		UC05_GET_/download/{fileid}	1782724173218	1782724173417	OK	 
ERROR	UC06_GET_/detail-with-attachments/{fflId}: Failed to build request: No attribute named 'fflId' is defined 	1782724173418
REQUEST		UC10_POST_/mop-1-0	1782724173308	1782724173564	OK	 
REQUEST		UC13_GET_/unread-tabs	1782724173514	1782724173691	OK	 
REQUEST		UC03_GET_/params	1782724173408	1782724173749	OK	 
ERROR	UC04_POST_/delete-file: Failed to build request: No attribute named 'pprbId' is defined 	1782724173750
REQUEST		UC08_POST_/send-to-bank/{fflId}	1782724173608	1782724173805	OK	 
REQUEST		UC10_POST_/mop-1-0	1782724173717	1782724173976	OK	 
REQUEST		UC07_POST_/inform-list	1782724173811	1782724174094	OK	 
REQUEST		UC03_GET_/params	1782724173889	1782724174217	OK	 
ERROR	UC04_POST_/delete-file: Failed to build request: No attribute named 'pprbId' is defined 	1782724174219
REQUEST		UC05_GET_/download/{fileid}	1782724174108	1782724174303	OK	 
ERROR	UC06_GET_/detail-with-attachments/{fflId}: Failed to build request: No attribute named 'fflId' is defined 	1782724174304
REQUEST		UC03_GET_/params	1782724174014	1782724174350	OK	 
ERROR	UC04_POST_/delete-file: Failed to build request: No attribute named 'pprbId' is defined 	1782724174351
REQUEST		UC07_POST_/inform-list	1782724174218	1782724174477	OK	 
REQUEST		UC11_POST_/online-control	1782724174312	1782724174555	OK	 
REQUEST		UC14_POST_/detail	1782724174408	1782724174577	OK	 
REQUEST		UC05_GET_/download/{fileid}	1782724174515	1782724174702	OK	 
ERROR	UC06_GET_/detail-with-attachments/{fflId}: Failed to build request: No attribute named 'fflId' is defined 	1782724174703
REQUEST		UC09_GET_/requests-and-inform	1782724174608	1782724174864	OK	 
REQUEST		UC11_POST_/online-control	1782724174718	1782724174950	OK	 
REQUEST		UC08_POST_/send-to-bank/{fflId}	1782724174812	1782724175009	OK	 
REQUEST		UC05_GET_/download/{fileid}	1782724174890	1782724175074	OK	 
ERROR	UC06_GET_/detail-with-attachments/{fflId}: Failed to build request: No attribute named 'fflId' is defined 	1782724175075
REQUEST		UC05_GET_/download/{fileid}	1782724175109	1782724175300	OK	 
ERROR	UC06_GET_/detail-with-attachments/{fflId}: Failed to build request: No attribute named 'fflId' is defined 	1782724175301
REQUEST		UC07_POST_/inform-list	1782724175015	1782724175309	OK	 
REQUEST		UC08_POST_/send-to-bank/{fflId}	1782724175208	1782724175401	OK	 
REQUEST		UC15_POST_/callback	1782724175408	1782724175604	OK	 
REQUEST		UC12_GET_/rehabilitation	1782724175314	1782724175607	OK	 
REQUEST		UC07_POST_/inform-list	1782724175515	1782724175827	OK	 
REQUEST		UC10_POST_/mop-1-0	1782724175608	1782724175901	OK	 
REQUEST		UC12_GET_/rehabilitation	1782724175718	1782724176027	OK	 
REQUEST		UC09_GET_/requests-and-inform	1782724175798	1782724176051	OK	 
REQUEST		UC07_POST_/inform-list	1782724175890	1782724176154	OK	 
REQUEST		UC07_POST_/inform-list	1782724176015	1782724176293	OK	 
REQUEST		UC08_POST_/send-to-bank/{fflId}	1782724176109	1782724176297	OK	 
REQUEST		UC09_GET_/requests-and-inform	1782724176208	1782724176445	OK	 
REQUEST		UC16_PUT_/callback	1782724176313	1782724176448	OK	 
REQUEST		UC13_GET_/unread-tabs	1782724176408	1782724176587	OK	 
REQUEST		UC08_POST_/send-to-bank/{fflId}	1782724176515	1782724176715	OK	 
REQUEST		UC11_POST_/online-control	1782724176609	1782724176884	OK	 
REQUEST		UC13_GET_/unread-tabs	1782724176718	1782724176888	OK	 
REQUEST		UC08_POST_/send-to-bank/{fflId}	1782724176890	1782724177079	OK	 
REQUEST		UC10_POST_/mop-1-0	1782724176812	1782724177099	OK	 
REQUEST		UC08_POST_/send-to-bank/{fflId}	1782724177009	1782724177202	OK	 
REQUEST		UC09_GET_/requests-and-inform	1782724177109	1782724177347	OK	 
REQUEST		UC17_DELETE_/callback?taskId={taskIdCB}	1782724177313	1782724177491	OK	 
REQUEST		UC10_POST_/mop-1-0	1782724177218	1782724177492	OK	 
REQUEST		UC14_POST_/detail	1782724177408	1782724177574	OK	 
REQUEST		UC09_GET_/requests-and-inform	1782724177516	1782724177768	OK	 
REQUEST		UC14_POST_/detail	1782724177702	1782724177861	OK	 
REQUEST		UC12_GET_/rehabilitation	1782724177608	1782724177950	OK	 
REQUEST		UC09_GET_/requests-and-inform	1782724177812	1782724178043	OK	 
REQUEST		UC11_POST_/online-control	1782724177890	1782724178180	OK	 
REQUEST		UC09_GET_/requests-and-inform	1782724178015	1782724178256	OK	 
REQUEST		UC18_GET_/compliance-helper	1782724178208	1782724178380	OK	 
REQUEST		UC10_POST_/mop-1-0	1782724178109	1782724178380	OK	 
REQUEST		UC11_POST_/online-control	1782724178314	1782724178565	OK	 
REQUEST		UC15_POST_/callback	1782724178408	1782724178599	OK	 
REQUEST		UC15_POST_/callback	1782724178608	1782724178797	OK	 
REQUEST		UC10_POST_/mop-1-0	1782724178517	1782724178811	OK	 
REQUEST		UC13_GET_/unread-tabs	1782724178708	1782724178908	OK	 
REQUEST		UC10_POST_/mop-1-0	1782724178827	1782724179105	OK	 
REQUEST		UC12_GET_/rehabilitation	1782724178890	1782724179214	OK	 
REQUEST		UC19_GET_/activation	1782724179109	1782724179264	OK	 
REQUEST		UC10_POST_/mop-1-0	1782724179015	1782724179278	OK	 
REQUEST		UC11_POST_/online-control	1782724179218	1782724179497	OK	 
REQUEST		UC16_PUT_/callback	1782724179408	1782724179560	OK	 
REQUEST		UC12_GET_/rehabilitation	1782724179312	1782724179597	OK	 
REQUEST		UC16_PUT_/callback	1782724179515	1782724179659	OK	 
REQUEST		UC11_POST_/online-control	1782724179609	1782724179864	OK	 
REQUEST		UC14_POST_/detail	1782724179722	1782724179884	OK	 
REQUEST		UC11_POST_/online-control	1782724179808	1782724180069	OK	 
REQUEST		UC13_GET_/unread-tabs	1782724179890	1782724180088	OK	 
REQUEST		UC20_GET_/change-tariff	1782724180008	1782724180159	OK	 
REQUEST		UC11_POST_/online-control	1782724180108	1782724180382	OK	 
REQUEST		UC17_DELETE_/callback?taskId={taskIdCB}	1782724180312	1782724180499	OK	 
REQUEST		UC12_GET_/rehabilitation	1782724180208	1782724180510	OK	 
REQUEST		UC13_GET_/unread-tabs	1782724180408	1782724180575	OK	 
REQUEST		UC17_DELETE_/callback?taskId={taskIdCB}	1782724180515	1782724180706	OK	 
REQUEST		UC15_POST_/callback	1782724180703	1782724180912	OK	 
REQUEST		UC12_GET_/rehabilitation	1782724180609	1782724180940	OK	 
REQUEST		UC14_POST_/detail	1782724180889	1782724181054	OK	 
REQUEST		UC12_GET_/rehabilitation	1782724180811	1782724181101	OK	 
REQUEST		UC21_GET_/user-permissions	1782724181014	1782724181157	OK	 
REQUEST		UC18_GET_/compliance-helper	1782724181218	1782724181389	OK	 
REQUEST		UC12_GET_/rehabilitation	1782724181108	1782724181395	OK	 
REQUEST		UC13_GET_/unread-tabs	1782724181312	1782724181549	OK	 
REQUEST		UC14_POST_/detail	1782724181408	1782724181563	OK	 
REQUEST		UC18_GET_/compliance-helper	1782724181516	1782724181675	OK	 
REQUEST		UC16_PUT_/callback	1782724181609	1782724181757	OK	 
REQUEST		UC13_GET_/unread-tabs	1782724181703	1782724181909	OK	 
REQUEST		UC15_POST_/callback	1782724181827	1782724182016	OK	 
REQUEST		UC13_GET_/unread-tabs	1782724181889	1782724182069	OK	 
REQUEST		UC19_GET_/activation	1782724182109	1782724182263	OK	 
REQUEST		UC22_GET_/print-form	1782724182014	1782724182332	OK	 
REQUEST		UC13_GET_/unread-tabs	1782724182208	1782724182393	OK	 
REQUEST		UC14_POST_/detail	1782724182309	1782724182485	OK	 
REQUEST		UC15_POST_/callback	1782724182408	1782724182590	OK	 
REQUEST		UC19_GET_/activation	1782724182515	1782724182652	OK	 
REQUEST		UC17_DELETE_/callback?taskId={taskIdCB}	1782724182608	1782724182815	OK	 
REQUEST		UC14_POST_/detail	1782724182718	1782724182875	OK	 
REQUEST		UC16_PUT_/callback	1782724182827	1782724182979	OK	 
REQUEST		UC14_POST_/detail	1782724182890	1782724183042	OK	 
REQUEST		UC20_GET_/change-tariff	1782724183015	1782724183163	OK	 
REQUEST		UC14_POST_/detail	1782724183218	1782724183375	OK	 
REQUEST		UC23_GET_/rejections	1782724183109	1782724183443	OK	 
REQUEST		UC15_POST_/callback	1782724183308	1782724183510	OK	 
REQUEST		UC16_PUT_/callback	1782724183408	1782724183559	OK	 
REQUEST		UC20_GET_/change-tariff	1782724183514	1782724183666	OK	 
REQUEST		UC18_GET_/compliance-helper	1782724183608	1782724183786	OK	 
REQUEST		UC15_POST_/callback	1782724183717	1782724183923	OK	 
REQUEST		UC17_DELETE_/callback?taskId={taskIdCB}	1782724183798	1782724183989	OK	 
REQUEST		UC15_POST_/callback	1782724183889	1782724184074	OK	 
REQUEST		UC21_GET_/user-permissions	1782724184014	1782724184163	OK	 
REQUEST		UC15_POST_/callback	1782724184109	1782724184298	OK	 
REQUEST		UC16_PUT_/callback	1782724184313	1782724184452	OK	 
REQUEST		UC24_GET_/rejection/{operationId}	1782724184218	1782724184464	OK	 
REQUEST		UC17_DELETE_/callback?taskId={taskIdCB}	1782724184408	1782724184610	OK	 
REQUEST		UC21_GET_/user-permissions	1782724184515	1782724184664	OK	 
REQUEST		UC19_GET_/activation	1782724184609	1782724184772	OK	 
REQUEST		UC16_PUT_/callback	1782724184718	1782724184879	OK	 
REQUEST		UC18_GET_/compliance-helper	1782724184812	1782724184978	OK	 
REQUEST		UC16_PUT_/callback	1782724184890	1782724185037	OK	 
REQUEST		UC16_PUT_/callback	1782724185109	1782724185259	OK	 
REQUEST		UC22_GET_/print-form	1782724185015	1782724185321	OK	 
REQUEST		UC17_DELETE_/callback?taskId={taskIdCB}	1782724185208	1782724185417	OK	 
REQUEST		UC25_GET_/active-switchers	1782724185313	1782724185484	OK	 
REQUEST		UC18_GET_/compliance-helper	1782724185408	1782724185564	OK	 
REQUEST		UC20_GET_/change-tariff	1782724185608	1782724185771	OK	 
REQUEST		UC22_GET_/print-form	1782724185509	1782724185810	OK	 
REQUEST		UC17_DELETE_/callback?taskId={taskIdCB}	1782724185717	1782724185904	OK	 
REQUEST		UC19_GET_/activation	1782724185828	1782724185981	OK	 
REQUEST		UC17_DELETE_/callback?taskId={taskIdCB}	1782724185878	1782724186060	OK	 
REQUEST		UC17_DELETE_/callback?taskId={taskIdCB}	1782724185998	1782724186196	OK	 
REQUEST		UC18_GET_/compliance-helper	1782724186202	1782724186356	OK	 
REQUEST		UC23_GET_/rejections	1782724186098	1782724186436	OK	 
REQUEST		UC26_GET_/system-parameters	1782724186298	1782724186461	OK	 
REQUEST		UC19_GET_/activation	1782724186406	1782724186573	OK	 
REQUEST		UC21_GET_/user-permissions	1782724186500	1782724186647	OK	 
REQUEST		UC18_GET_/compliance-helper	1782724186718	1782724186894	OK	 
REQUEST		UC23_GET_/rejections	1782724186593	1782724186905	OK	 
REQUEST		UC20_GET_/change-tariff	1782724186798	1782724186955	OK	 
REQUEST		UC18_GET_/compliance-helper	1782724186890	1782724187039	OK	 
REQUEST		UC18_GET_/compliance-helper	1782724187015	1782724187175	OK	 
REQUEST		UC19_GET_/activation	1782724187123	1782724187275	OK	 
REQUEST		UC24_GET_/rejection/{operationId}	1782724187217	1782724187470	OK	 
REQUEST		UC27_GET_/organization	1782724187311	1782724187470	OK	 
REQUEST		UC20_GET_/change-tariff	1782724187408	1782724187549	OK	 
REQUEST		UC19_GET_/activation	1782724187608	1782724187759	OK	 
REQUEST		UC22_GET_/print-form	1782724187515	1782724187816	OK	 
REQUEST		UC21_GET_/user-permissions	1782724187812	1782724187947	OK	 
REQUEST		UC24_GET_/rejection/{operationId}	1782724187718	1782724187976	OK	 
REQUEST		UC19_GET_/activation	1782724187892	1782724188034	OK	 
REQUEST		UC19_GET_/activation	1782724188017	1782724188162	OK	 
REQUEST		UC20_GET_/change-tariff	1782724188111	1782724188260	OK	 
REQUEST		UC25_GET_/active-switchers	1782724188218	1782724188384	OK	 
REQUEST		UC28_GET_/compliance-profile/mtb	1782724188312	1782724188473	OK	 
REQUEST		UC21_GET_/user-permissions	1782724188408	1782724188544	OK	 
REQUEST		UC20_GET_/change-tariff	1782724188516	1782724188666	OK	 
REQUEST		UC25_GET_/active-switchers	1782724188812	1782724188961	OK	 
REQUEST		UC22_GET_/print-form	1782724188702	1782724189006	OK	 
REQUEST		UC23_GET_/rejections	1782724188609	1782724189026	OK	 
REQUEST		UC20_GET_/change-tariff	1782724188890	1782724189042	OK	 
REQUEST		UC20_GET_/change-tariff	1782724189015	1782724189183	OK	 
REQUEST		UC21_GET_/user-permissions	1782724189109	1782724189249	OK	 
REQUEST		UC26_GET_/system-parameters	1782724189208	1782724189368	OK	 
REQUEST		UC29_GET_/dopInfo	1782724189312	1782724189472	OK	 
REQUEST		UC21_GET_/user-permissions	1782724189515	1782724189662	OK	 
REQUEST		UC22_GET_/print-form	1782724189408	1782724189710	OK	 
REQUEST		UC26_GET_/system-parameters	1782724189609	1782724189771	OK	 
REQUEST		UC21_GET_/user-permissions	1782724189894	1782724190041	OK	 
REQUEST		UC24_GET_/rejection/{operationId}	1782724189810	1782724190113	OK	 
REQUEST		UC23_GET_/rejections	1782724189715	1782724190136	OK	 
REQUEST		UC21_GET_/user-permissions	1782724189998	1782724190161	OK	 
REQUEST		UC27_GET_/organization	1782724190202	1782724190373	OK	 
REQUEST		UC22_GET_/print-form	1782724190100	1782724190419	OK	 
REQUEST		UC30_GET_/counterparties	1782724190298	1782724190456	OK	 
REQUEST		UC22_GET_/print-form	1782724190406	1782724190743	OK	 
REQUEST		UC27_GET_/organization	1782724190609	1782724190762	OK	 
REQUEST		UC23_GET_/rejections	1782724190500	1782724190847	OK	 
REQUEST		UC25_GET_/active-switchers	1782724190827	1782724190987	OK	 
REQUEST		UC22_GET_/print-form	1782724190703	1782724191031	OK	 
REQUEST		UC24_GET_/rejection/{operationId}	1782724190874	1782724191193	OK	 
REQUEST		UC28_GET_/compliance-profile/mtb	1782724191078	1782724191256	OK	 
REQUEST		UC22_GET_/print-form	1782724190984	1782724191307	OK	 
REQUEST		UC31_GET_/compliance-profile/contacts	1782724191281	1782724191442	OK	 
REQUEST		UC23_GET_/rejections	1782724191187	1782724191574	OK	 
REQUEST		UC28_GET_/compliance-profile/mtb	1782724191484	1782724191630	OK	 
REQUEST		UC23_GET_/rejections	1782724191405	1782724191822	OK	 
REQUEST		UC26_GET_/system-parameters	1782724191687	1782724191860	OK	 
REQUEST		UC24_GET_/rejection/{operationId}	1782724191593	1782724191863	OK	 
REQUEST		UC25_GET_/active-switchers	1782724191868	1782724192040	OK	 
REQUEST		UC23_GET_/rejections	1782724191780	1782724192137	OK	 
REQUEST		UC29_GET_/dopInfo	1782724191999	1782724192179	OK	 
REQUEST		UC32_GET_/compliance-profile	1782724192203	1782724192375	OK	 
REQUEST		UC23_GET_/rejections	1782724192098	1782724192468	OK	 
REQUEST		UC29_GET_/dopInfo	1782724192398	1782724192551	OK	 
REQUEST		UC24_GET_/rejection/{operationId}	1782724192298	1782724192577	OK	 
REQUEST		UC24_GET_/rejection/{operationId}	1782724192499	1782724192771	OK	 
REQUEST		UC27_GET_/organization	1782724192608	1782724192776	OK	 
REQUEST		UC25_GET_/active-switchers	1782724192688	1782724192857	OK	 
REQUEST		UC26_GET_/system-parameters	1782724192780	1782724192962	OK	 
REQUEST		UC24_GET_/rejection/{operationId}	1782724192905	1782724193167	OK	 
REQUEST		UC30_GET_/counterparties	1782724193014	1782724193181	OK	 
REQUEST		UC33_GET_/detail	1782724193109	1782724193284	OK	 
REQUEST		UC30_GET_/counterparties	1782724193312	1782724193480	OK	 
REQUEST		UC24_GET_/rejection/{operationId}	1782724193218	1782724193506	OK	 
REQUEST		UC25_GET_/active-switchers	1782724193408	1782724193577	OK	 
REQUEST		UC25_GET_/active-switchers	1782724193514	1782724193686	OK	 
REQUEST		UC28_GET_/compliance-profile/mtb	1782724193608	1782724193791	OK	 
REQUEST		UC26_GET_/system-parameters	1782724193718	1782724193891	OK	 
REQUEST		UC27_GET_/organization	1782724193827	1782724193987	OK	 
REQUEST		UC25_GET_/active-switchers	1782724193874	1782724194053	OK	 
REQUEST		UC31_GET_/compliance-profile/contacts	1782724193978	1782724194145	OK	 
REQUEST		UC34_DELETE_/alert	1782724194078	1782724194267	OK	 
REQUEST		UC31_GET_/compliance-profile/contacts	1782724194187	1782724194338	OK	 
REQUEST		UC25_GET_/active-switchers	1782724194281	1782724194450	OK	 
REQUEST		UC26_GET_/system-parameters	1782724194378	1782724194549	OK	 
REQUEST		UC26_GET_/system-parameters	1782724194484	1782724194641	OK	 
REQUEST		UC29_GET_/dopInfo	1782724194578	1782724194729	OK	 
REQUEST		UC27_GET_/organization	1782724194702	1782724194865	OK	 
REQUEST		UC28_GET_/compliance-profile/mtb	1782724194798	1782724194962	OK	 
REQUEST		UC26_GET_/system-parameters	1782724194874	1782724195031	OK	 
REQUEST		UC32_GET_/compliance-profile	1782724194983	1782724195150	OK	 
REQUEST		UC35_POST_/organization	1782724195078	1782724195259	OK	 
REQUEST		UC32_GET_/compliance-profile	1782724195187	1782724195339	OK	 
REQUEST		UC26_GET_/system-parameters	1782724195281	1782724195452	OK	 
REQUEST		UC27_GET_/organization	1782724195378	1782724195556	OK	 
REQUEST		UC27_GET_/organization	1782724195485	1782724195650	OK	 
REQUEST		UC30_GET_/counterparties	1782724195593	1782724195767	OK	 
REQUEST		UC28_GET_/compliance-profile/mtb	1782724195687	1782724195840	OK	 
REQUEST		UC29_GET_/dopInfo	1782724195780	1782724195952	OK	 
REQUEST		UC27_GET_/organization	1782724195874	1782724196053	OK	 
REQUEST		UC33_GET_/detail	1782724195984	1782724196158	OK	 
REQUEST		UC36_POST_/mtb	1782724196078	1782724196264	OK	 
REQUEST		UC33_GET_/detail	1782724196186	1782724196387	OK	 
REQUEST		UC27_GET_/organization	1782724196280	1782724196455	OK	 
REQUEST		UC28_GET_/compliance-profile/mtb	1782724196378	1782724196538	OK	 
REQUEST		UC28_GET_/compliance-profile/mtb	1782724196487	1782724196635	OK	 
REQUEST		UC31_GET_/compliance-profile/contacts	1782724196584	1782724196746	OK	 
REQUEST		UC29_GET_/dopInfo	1782724196687	1782724196840	OK	 
REQUEST		UC30_GET_/counterparties	1782724196812	1782724196964	OK	 
REQUEST		UC28_GET_/compliance-profile/mtb	1782724196874	1782724197036	OK	 
REQUEST		UC34_DELETE_/alert	1782724196984	1782724197187	OK	 
REQUEST		UC37_POST_/dopInfo	1782724197078	1782724197266	OK	 
REQUEST		UC34_DELETE_/alert	1782724197186	1782724197370	OK	 
REQUEST		UC28_GET_/compliance-profile/mtb	1782724197280	1782724197441	OK	 
REQUEST		UC29_GET_/dopInfo	1782724197378	1782724197531	OK	 
REQUEST		UC29_GET_/dopInfo	1782724197484	1782724197645	OK	 
REQUEST		UC32_GET_/compliance-profile	1782724197578	1782724197736	OK	 
REQUEST		UC30_GET_/counterparties	1782724197682	1782724197842	OK	 
REQUEST		UC31_GET_/compliance-profile/contacts	1782724197796	1782724197945	OK	 
REQUEST		UC29_GET_/dopInfo	1782724197874	1782724198019	OK	 
REQUEST		UC35_POST_/organization	1782724197983	1782724198168	OK	 
REQUEST		UC38_POST_/counterparties	1782724198078	1782724198260	OK	 
REQUEST		UC35_POST_/organization	1782724198187	1782724198370	OK	 
REQUEST		UC29_GET_/dopInfo	1782724198280	1782724198440	OK	 
REQUEST		UC30_GET_/counterparties	1782724198378	1782724198543	OK	 
REQUEST		UC30_GET_/counterparties	1782724198484	1782724198645	OK	 
REQUEST		UC33_GET_/detail	1782724198578	1782724198797	OK	 
REQUEST		UC31_GET_/compliance-profile/contacts	1782724198687	1782724198861	OK	 
REQUEST		UC32_GET_/compliance-profile	1782724198796	1782724198972	OK	 
REQUEST		UC30_GET_/counterparties	1782724198874	1782724199027	OK	 
REQUEST		UC36_POST_/mtb	1782724198983	1782724199187	OK	 
REQUEST		UC39_POST_/contacts	1782724199078	1782724199277	OK	 
REQUEST		UC36_POST_/mtb	1782724199187	1782724199386	OK	 
REQUEST		UC30_GET_/counterparties	1782724199278	1782724199455	OK	 
REQUEST		UC31_GET_/compliance-profile/contacts	1782724199378	1782724199534	OK	 
REQUEST		UC31_GET_/compliance-profile/contacts	1782724199484	1782724199639	OK	 
REQUEST		UC34_DELETE_/alert	1782724199578	1782724199785	OK	 
REQUEST		UC32_GET_/compliance-profile	1782724199678	1782724199848	OK	 
REQUEST		UC33_GET_/detail	1782724199798	1782724199994	OK	 
REQUEST		UC31_GET_/compliance-profile/contacts	1782724199868	1782724200032	OK	 
REQUEST		UC37_POST_/dopInfo	1782724199988	1782724200184	OK	 
REQUEST		UC40_GET_/mop2/{fflId}	1782724200093	1782724200339	OK	 
REQUEST		UC37_POST_/dopInfo	1782724200188	1782724200381	OK	 
REQUEST		UC31_GET_/compliance-profile/contacts	1782724200297	1782724200465	OK	 
REQUEST		UC32_GET_/compliance-profile	1782724200390	1782724200556	OK	 
REQUEST		UC32_GET_/compliance-profile	1782724200488	1782724200650	OK	 
REQUEST		UC35_POST_/organization	1782724200593	1782724200800	OK	 
REQUEST		UC33_GET_/detail	1782724200688	1782724200874	OK	 
REQUEST		UC34_DELETE_/alert	1782724200798	1782724200989	OK	 
REQUEST		UC32_GET_/compliance-profile	1782724200889	1782724201048	OK	 
REQUEST		UC38_POST_/counterparties	1782724201014	1782724201212	OK	 
REQUEST		UC41_GET_/onboarding/{fflId}	1782724201109	1782724201286	OK	 
USER	EFSFinmonWebDebug	END	1782724201290
USER	EFSFinmonWebDebug	START	1782724201290
REQUEST		UC38_POST_/counterparties	1782724201218	1782724201413	OK	 
REQUEST		UC32_GET_/compliance-profile	1782724201312	1782724201477	OK	 
REQUEST		UC33_GET_/detail	1782724201411	1782724201625	OK	 
REQUEST		UC33_GET_/detail	1782724201514	1782724201726	OK	 
REQUEST		UC36_POST_/mtb	1782724201608	1782724201828	OK	 
REQUEST		UC34_DELETE_/alert	1782724201717	1782724201919	OK	 
REQUEST		UC35_POST_/organization	1782724201811	1782724202008	OK	 
REQUEST		UC33_GET_/detail	1782724201889	1782724202066	OK	 
REQUEST		UC39_POST_/contacts	1782724202014	1782724202224	OK	 
REQUEST	LoginWeb	first_login	1782724202109	1782724202275	OK	 
REQUEST		UC39_POST_/contacts	1782724202218	1782724202412	OK	 
REQUEST		UC33_GET_/detail	1782724202313	1782724202514	OK	 
REQUEST		UC34_DELETE_/alert	1782724202408	1782724202621	OK	 
REQUEST		UC34_DELETE_/alert	1782724202515	1782724202719	OK	 
REQUEST		UC37_POST_/dopInfo	1782724202609	1782724202803	OK	 
REQUEST		UC35_POST_/organization	1782724202718	1782724202903	OK	 
REQUEST		UC36_POST_/mtb	1782724202798	1782724203003	OK	 
REQUEST		UC34_DELETE_/alert	1782724202890	1782724203094	OK	 
REQUEST		UC40_GET_/mop2/{fflId}	1782724203014	1782724203237	OK	 
REQUEST	LoginWeb	settingsLogin	1782724203109	1782724203298	OK	 
REQUEST		UC40_GET_/mop2/{fflId}	1782724203218	1782724203451	OK	 
REQUEST		UC34_DELETE_/alert	1782724203312	1782724203526	OK	 
REQUEST		UC35_POST_/organization	1782724203408	1782724203605	OK	 
REQUEST		UC35_POST_/organization	1782724203510	1782724203733	OK	 
REQUEST		UC38_POST_/counterparties	1782724203608	1782724203809	OK	 
REQUEST		UC36_POST_/mtb	1782724203702	1782724203900	OK	 
REQUEST		UC37_POST_/dopInfo	1782724203811	1782724204017	OK	 
REQUEST		UC35_POST_/organization	1782724203890	1782724204094	OK	 
REQUEST		UC41_GET_/onboarding/{fflId}	1782724204014	1782724204204	OK	 
USER	EFSFinmonWebDebug	END	1782724204208
USER	EFSFinmonWebDebug	START	1782724204208
REQUEST	LoginWeb	newsLogin	1782724204109	1782724204314	OK	 
REQUEST		UC41_GET_/onboarding/{fflId}	1782724204218	1782724204395	OK	 
USER	EFSFinmonWebDebug	END	1782724204398
USER	EFSFinmonWebDebug	START	1782724204398
REQUEST		UC35_POST_/organization	1782724204312	1782724204522	OK	 
REQUEST		UC36_POST_/mtb	1782724204408	1782724204625	OK	 
REQUEST		UC36_POST_/mtb	1782724204516	1782724204714	OK	 
REQUEST		UC39_POST_/contacts	1782724204608	1782724204806	OK	 
REQUEST		UC37_POST_/dopInfo	1782724204702	1782724204883	OK	 
REQUEST		UC38_POST_/counterparties	1782724204827	1782724205034	OK	 
REQUEST		UC36_POST_/mtb	1782724204878	1782724205088	OK	 
REQUEST	LoginWeb	first_login	1782724204999	1782724205183	OK	 
REQUEST	LoginWeb	preLogin	1782724205098	1782724205310	OK	 
REQUEST	LoginWeb	first_login	1782724205202	1782724205367	OK	 
REQUEST		UC36_POST_/mtb	1782724205298	1782724205509	OK	 
REQUEST		UC37_POST_/dopInfo	1782724205405	1782724205659	OK	 
REQUEST		UC37_POST_/dopInfo	1782724205499	1782724205708	OK	 
REQUEST		UC40_GET_/mop2/{fflId}	1782724205598	1782724205839	OK	 
REQUEST		UC38_POST_/counterparties	1782724205702	1782724205896	OK	 
REQUEST		UC39_POST_/contacts	1782724205798	1782724206004	OK	 
REQUEST		UC37_POST_/dopInfo	1782724205890	1782724206066	OK	 
REQUEST	LoginWeb	settingsLogin	1782724206015	1782724206211	OK	 
REQUEST	LoginWeb	login	1782724206110	1782724206368	OK	 
REQUEST	LoginWeb	settingsLogin	1782724206218	1782724206403	OK	 
REQUEST		UC37_POST_/dopInfo	1782724206312	1782724206519	OK	 
REQUEST		UC38_POST_/counterparties	1782724206408	1782724206627	OK	 
REQUEST		UC38_POST_/counterparties	1782724206515	1782724206722	OK	 
REQUEST		UC41_GET_/onboarding/{fflId}	1782724206609	1782724206812	OK	 
USER	EFSFinmonWebDebug	END	1782724206817
USER	EFSFinmonWebDebug	START	1782724206817
REQUEST		UC39_POST_/contacts	1782724206708	1782724206897	OK	 
REQUEST		UC40_GET_/mop2/{fflId}	1782724206812	1782724207059	OK	 
REQUEST		UC38_POST_/counterparties	1782724206890	1782724207095	OK	 
REQUEST	LoginWeb	newsLogin	1782724207015	1782724207223	OK	 
REQUEST	LoginWeb	newsLogin	1782724207208	1782724207409	OK	 
REQUEST		UC38_POST_/counterparties	1782724207312	1782724207512	OK	 
REQUEST		UC39_POST_/contacts	1782724207408	1782724207604	OK	 
REQUEST		UC39_POST_/contacts	1782724207515	1782724207723	OK	 
REQUEST	LoginWeb	first_login	1782724207610	1782724207783	OK	 
REQUEST	LoginWeb	create	1782724207109	1782724207835	OK	 
REQUEST		UC40_GET_/mop2/{fflId}	1782724207708	1782724207942	OK	 
REQUEST		UC41_GET_/onboarding/{fflId}	1782724207812	1782724208019	OK	 
USER	EFSFinmonWebDebug	END	1782724208023
USER	EFSFinmonWebDebug	START	1782724208024
REQUEST		UC39_POST_/contacts	1782724207890	1782724208072	OK	 
REQUEST	LoginWeb	preLogin	1782724208015	1782724208236	OK	 
REQUEST	LoginWeb	preLogin	1782724208109	1782724208336	OK	 
REQUEST		UC39_POST_/contacts	1782724208208	1782724208390	OK	 
REQUEST		UC40_GET_/mop2/{fflId}	1782724208328	1782724208569	OK	 
REQUEST		UC40_GET_/mop2/{fflId}	1782724208408	1782724208652	OK	 
REQUEST	LoginWeb	decrypt	1782724208609	1782724208685	OK	 
GROUP	LoginWeb	1782724201290	1782724208687	1832	OK
ERROR	UC01_POST_/file-upload: Failed to build request: No attribute named 'requestId' is defined 	1782724208687
ERROR	UC02_POST_/send-to-bank: Failed to build request: No attribute named 'requestId' is defined 	1782724208687
REQUEST	LoginWeb	settingsLogin	1782724208515	1782724208698	OK	 
REQUEST		UC41_GET_/onboarding/{fflId}	1782724208718	1782724208892	OK	 
USER	EFSFinmonWebDebug	END	1782724208896
USER	EFSFinmonWebDebug	START	1782724208897
REQUEST	LoginWeb	first_login	1782724208812	1782724208974	OK	 
REQUEST		UC40_GET_/mop2/{fflId}	1782724208890	1782724209107	OK	 
REQUEST	LoginWeb	login	1782724209014	1782724209261	OK	 
REQUEST		UC40_GET_/mop2/{fflId}	1782724209218	1782724209435	OK	 
REQUEST		UC41_GET_/onboarding/{fflId}	1782724209313	1782724209513	OK	 
USER	EFSFinmonWebDebug	END	1782724209518
USER	EFSFinmonWebDebug	START	1782724209519
REQUEST		UC41_GET_/onboarding/{fflId}	1782724209408	1782724209589	OK	 
USER	EFSFinmonWebDebug	END	1782724209593
USER	EFSFinmonWebDebug	START	1782724209593
REQUEST	LoginWeb	newsLogin	1782724209608	1782724209832	OK	 
REQUEST	LoginWeb	first_login	1782724209716	1782724209899	OK	 
REQUEST	LoginWeb	settingsLogin	1782724209808	1782724209971	OK	 
REQUEST		UC03_GET_/params	1782724209514	1782724210003	OK	 
ERROR	UC04_POST_/delete-file: Failed to build request: No attribute named 'pprbId' is defined 	1782724210005
REQUEST		UC41_GET_/onboarding/{fflId}	1782724209892	1782724210068	OK	 
USER	EFSFinmonWebDebug	END	1782724210071
USER	EFSFinmonWebDebug	START	1782724210071
REQUEST	LoginWeb	login	1782724209109	1782724210239	OK	 
REQUEST		UC41_GET_/onboarding/{fflId}	1782724210099	1782724210268	OK	 
USER	EFSFinmonWebDebug	END	1782724210272
USER	EFSFinmonWebDebug	START	1782724210273
REQUEST	LoginWeb	first_login	1782724210202	1782724210339	OK	 
REQUEST	LoginWeb	first_login	1782724210298	1782724210453	OK	 
REQUEST	LoginWeb	preLogin	1782724210401	1782724210631	OK	 
REQUEST	LoginWeb	settingsLogin	1782724210499	1782724210705	OK	 
REQUEST	LoginWeb	newsLogin	1782724210608	1782724210801	OK	 
REQUEST	LoginWeb	create	1782724210011	1782724210867	OK	 
REQUEST		UC05_GET_/download/{fileid}	1782724210717	1782724210916	OK	 
ERROR	UC06_GET_/detail-with-attachments/{fflId}: Failed to build request: No attribute named 'fflId' is defined 	1782724210918
REQUEST	LoginWeb	first_login	1782724210827	1782724210961	OK	 
REQUEST	LoginWeb	first_login	1782724210999	1782724211157	OK	 
REQUEST	LoginWeb	settingsLogin	1782724211098	1782724211268	OK	 
REQUEST	LoginWeb	settingsLogin	1782724211203	1782724211367	OK	 
REQUEST	LoginWeb	login	1782724211298	1782724211556	OK	 
REQUEST	LoginWeb	newsLogin	1782724211406	1782724211596	OK	 
REQUEST	LoginWeb	decrypt	1782724211598	1782724211681	OK	 
GROUP	LoginWeb	1782724204208	1782724211682	1995	OK
ERROR	UC01_POST_/file-upload: Failed to build request: No attribute named 'requestId' is defined 	1782724211682
ERROR	UC02_POST_/send-to-bank: Failed to build request: No attribute named 'requestId' is defined 	1782724211682
REQUEST	LoginWeb	create	1782724210878	1782724211686	OK	 
REQUEST	LoginWeb	settingsLogin	1782724211796	1782724211973	OK	 
REQUEST		UC07_POST_/inform-list	1782724211688	1782724211985	OK	 
REQUEST	LoginWeb	preLogin	1782724211499	1782724212016	OK	 
REQUEST	LoginWeb	settingsLogin	1782724211890	1782724212085	OK	 
REQUEST	LoginWeb	newsLogin	1782724212008	1782724212204	OK	 
REQUEST	LoginWeb	newsLogin	1782724212109	1782724212322	OK	 
REQUEST	LoginWeb	preLogin	1782724212314	1782724212519	OK	 
REQUEST	LoginWeb	decrypt	1782724212517	1782724212596	OK	 
GROUP	LoginWeb	1782724204398	1782724212598	2795	OK
ERROR	UC01_POST_/file-upload: Failed to build request: No attribute named 'requestId' is defined 	1782724212598
ERROR	UC02_POST_/send-to-bank: Failed to build request: No attribute named 'requestId' is defined 	1782724212598
REQUEST		UC03_GET_/params	1782724212408	1782724212782	OK	 
ERROR	UC04_POST_/delete-file: Failed to build request: No attribute named 'pprbId' is defined 	1782724212784
REQUEST	LoginWeb	newsLogin	1782724212608	1782724212791	OK	 
REQUEST		UC08_POST_/send-to-bank/{fflId}	1782724212702	1782724212920	OK	 
REQUEST	LoginWeb	create	1782724212208	1782724213060	OK	 
REQUEST	LoginWeb	login	1782724212827	1782724213081	OK	 
REQUEST	LoginWeb	newsLogin	1782724212889	1782724213085	OK	 
REQUEST	LoginWeb	preLogin	1782724213014	1782724213224	OK	 
REQUEST	LoginWeb	preLogin	1782724213108	1782724213325	OK	 
REQUEST	LoginWeb	login	1782724213218	1782724213504	OK	 
REQUEST		UC05_GET_/download/{fileid}	1782724213420	1782724213632	OK	 
ERROR	UC06_GET_/detail-with-attachments/{fflId}: Failed to build request: No attribute named 'fflId' is defined 	1782724213633
REQUEST		UC03_GET_/params	1782724213308	1782724213720	OK	 
ERROR	UC04_POST_/delete-file: Failed to build request: No attribute named 'pprbId' is defined 	1782724213721
REQUEST	LoginWeb	preLogin	1782724213514	1782724213736	OK	 
REQUEST	LoginWeb	decrypt	1782724213717	1782724213804	OK	 
GROUP	LoginWeb	1782724206817	1782724213805	2007	OK
ERROR	UC01_POST_/file-upload: Failed to build request: No attribute named 'requestId' is defined 	1782724213806
ERROR	UC02_POST_/send-to-bank: Failed to build request: No attribute named 'requestId' is defined 	1782724213806
REQUEST		UC09_GET_/requests-and-inform	1782724213608	1782724213868	OK	 
REQUEST	LoginWeb	preLogin	1782724213889	1782724214118	OK	 
REQUEST	LoginWeb	login	1782724214108	1782724214377	OK	 
REQUEST	LoginWeb	login	1782724214014	1782724214428	OK	 
REQUEST	LoginWeb	create	1782724213811	1782724214568	OK	 
REQUEST		UC05_GET_/download/{fileid}	1782724214408	1782724214600	OK	 
ERROR	UC06_GET_/detail-with-attachments/{fflId}: Failed to build request: No attribute named 'fflId' is defined 	1782724214601
REQUEST		UC07_POST_/inform-list	1782724214312	1782724214626	OK	 
REQUEST	LoginWeb	login	1782724214515	1782724214788	OK	 
REQUEST		UC03_GET_/params	1782724214609	1782724214995	OK	 
ERROR	UC04_POST_/delete-file: Failed to build request: No attribute named 'pprbId' is defined 	1782724214996
REQUEST		UC10_POST_/mop-1-0	1782724214718	1782724215023	OK	 
REQUEST	LoginWeb	create	1782724214218	1782724215026	OK	 
REQUEST	LoginWeb	login	1782724214811	1782724215083	OK	 
REQUEST	LoginWeb	decrypt	1782724215098	1782724215175	OK	 
GROUP	LoginWeb	1782724208024	1782724215176	2123	OK
ERROR	UC01_POST_/file-upload: Failed to build request: No attribute named 'requestId' is defined 	1782724215176
ERROR	UC02_POST_/send-to-bank: Failed to build request: No attribute named 'requestId' is defined 	1782724215176
REQUEST		UC08_POST_/send-to-bank/{fflId}	1782724215298	1782724215521	OK	 
REQUEST		UC07_POST_/inform-list	1782724215218	1782724215537	OK	 
REQUEST		UC05_GET_/download/{fileid}	1782724215500	1782724215690	OK	 
ERROR	UC06_GET_/detail-with-attachments/{fflId}: Failed to build request: No attribute named 'fflId' is defined 	1782724215691
REQUEST	LoginWeb	create	1782724214878	1782724215769	OK	 
REQUEST	LoginWeb	decrypt	1782724215689	1782724215770	OK	 
GROUP	LoginWeb	1782724208897	1782724215776	1959	OK
ERROR	UC01_POST_/file-upload: Failed to build request: No attribute named 'requestId' is defined 	1782724215776
ERROR	UC02_POST_/send-to-bank: Failed to build request: No attribute named 'requestId' is defined 	1782724215776
REQUEST	LoginWeb	create	1782724214999	1782724215817	OK	 
REQUEST		UC11_POST_/online-control	1782724215598	1782724215871	OK	 
REQUEST	LoginWeb	create	1782724215406	1782724216234	OK	 
REQUEST		UC03_GET_/params	1782724215889	1782724216260	OK	 
ERROR	UC04_POST_/delete-file: Failed to build request: No attribute named 'pprbId' is defined 	1782724216262
REQUEST		UC09_GET_/requests-and-inform	1782724216014	1782724216281	OK	 
REQUEST		UC08_POST_/send-to-bank/{fflId}	1782724216109	1782724216300	OK	 
REQUEST	LoginWeb	decrypt	1782724216313	1782724216404	OK	 
GROUP	LoginWeb	1782724209593	1782724216406	2000	OK
ERROR	UC01_POST_/file-upload: Failed to build request: No attribute named 'requestId' is defined 	1782724216406
ERROR	UC02_POST_/send-to-bank: Failed to build request: No attribute named 'requestId' is defined 	1782724216406
REQUEST		UC07_POST_/inform-list	1782724216208	1782724216486	OK	 
REQUEST	LoginWeb	create	1782724215798	1782724216566	OK	 
REQUEST	LoginWeb	decrypt	1782724216517	1782724216586	OK	 
GROUP	LoginWeb	1782724209519	1782724216588	2014	OK
ERROR	UC01_POST_/file-upload: Failed to build request: No attribute named 'requestId' is defined 	1782724216588
ERROR	UC02_POST_/send-to-bank: Failed to build request: No attribute named 'requestId' is defined 	1782724216588
REQUEST		UC03_GET_/params	1782724216408	1782724216763	OK	 
ERROR	UC04_POST_/delete-file: Failed to build request: No attribute named 'pprbId' is defined 	1782724216765
REQUEST	LoginWeb	decrypt	1782724216708	1782724216786	OK	 
GROUP	LoginWeb	1782724210071	1782724216787	1895	OK
ERROR	UC01_POST_/file-upload: Failed to build request: No attribute named 'requestId' is defined 	1782724216787
ERROR	UC02_POST_/send-to-bank: Failed to build request: No attribute named 'requestId' is defined 	1782724216787
REQUEST		UC12_GET_/rehabilitation	1782724216610	1782724216907	OK	 
REQUEST		UC05_GET_/download/{fileid}	1782724216798	1782724217001	OK	 
ERROR	UC06_GET_/detail-with-attachments/{fflId}: Failed to build request: No attribute named 'fflId' is defined 	1782724217002
REQUEST		UC10_POST_/mop-1-0	1782724216889	1782724217178	OK	 
REQUEST		UC09_GET_/requests-and-inform	1782724217014	1782724217276	OK	 
REQUEST	LoginWeb	decrypt	1782724217308	1782724217394	OK	 
GROUP	LoginWeb	1782724210273	1782724217396	1904	OK
ERROR	UC01_POST_/file-upload: Failed to build request: No attribute named 'requestId' is defined 	1782724217396
ERROR	UC02_POST_/send-to-bank: Failed to build request: No attribute named 'requestId' is defined 	1782724217396
REQUEST		UC08_POST_/send-to-bank/{fflId}	1782724217208	1782724217401	OK	 
REQUEST		UC03_GET_/params	1782724217111	1782724217493	OK	 
ERROR	UC04_POST_/delete-file: Failed to build request: No attribute named 'pprbId' is defined 	1782724217494
REQUEST		UC05_GET_/download/{fileid}	1782724217514	1782724217713	OK	 
ERROR	UC06_GET_/detail-with-attachments/{fflId}: Failed to build request: No attribute named 'fflId' is defined 	1782724217715
REQUEST		UC03_GET_/params	1782724217408	1782724217773	OK	 
ERROR	UC04_POST_/delete-file: Failed to build request: No attribute named 'pprbId' is defined 	1782724217774
REQUEST		UC13_GET_/unread-tabs	1782724217702	1782724217908	OK	 
REQUEST		UC03_GET_/params	1782724217608	1782724217934	OK	 
ERROR	UC04_POST_/delete-file: Failed to build request: No attribute named 'pprbId' is defined 	1782724217935
REQUEST		UC07_POST_/inform-list	1782724217811	1782724218114	OK	 
REQUEST		UC11_POST_/online-control	1782724217889	1782724218174	OK	 
REQUEST		UC10_POST_/mop-1-0	1782724218014	1782724218308	OK	 
REQUEST		UC03_GET_/params	1782724218118	1782724218458	OK	 
ERROR	UC04_POST_/delete-file: Failed to build request: No attribute named 'pprbId' is defined 	1782724218459
REQUEST		UC09_GET_/requests-and-inform	1782724218212	1782724218467	OK	 
REQUEST		UC05_GET_/download/{fileid}	1782724218316	1782724218514	OK	 
ERROR	UC06_GET_/detail-with-attachments/{fflId}: Failed to build request: No attribute named 'fflId' is defined 	1782724218516
REQUEST		UC07_POST_/inform-list	1782724218408	1782724218696	OK	 
REQUEST		UC05_GET_/download/{fileid}	1782724218514	1782724218698	OK	 
ERROR	UC06_GET_/detail-with-attachments/{fflId}: Failed to build request: No attribute named 'fflId' is defined 	1782724218716
REQUEST		UC14_POST_/detail	1782724218608	1782724218777	OK	 
REQUEST		UC05_GET_/download/{fileid}	1782724218702	1782724218898	OK	 
ERROR	UC06_GET_/detail-with-attachments/{fflId}: Failed to build request: No attribute named 'fflId' is defined 	1782724218899
REQUEST		UC08_POST_/send-to-bank/{fflId}	1782724218811	1782724219015	OK	 
REQUEST		UC12_GET_/rehabilitation	1782724218889	1782724219209	OK	 
REQUEST		UC05_GET_/download/{fileid}	1782724219108	1782724219298	OK	 
ERROR	UC06_GET_/detail-with-attachments/{fflId}: Failed to build request: No attribute named 'fflId' is defined 	1782724219299
REQUEST		UC11_POST_/online-control	1782724219015	1782724219304	OK	 
REQUEST		UC10_POST_/mop-1-0	1782724219212	1782724219491	OK	 
REQUEST		UC08_POST_/send-to-bank/{fflId}	1782724219410	1782724219611	OK	 
REQUEST		UC07_POST_/inform-list	1782724219317	1782724219612	OK	 
REQUEST		UC15_POST_/callback	1782724219609	1782724219801	OK	 
REQUEST		UC07_POST_/inform-list	1782724219515	1782724219830	OK	 
REQUEST		UC07_POST_/inform-list	1782724219718	1782724219962	OK	 
REQUEST		UC09_GET_/requests-and-inform	1782724219798	1782724220055	OK	 
REQUEST		UC13_GET_/unread-tabs	1782724219888	1782724220089	OK	 
REQUEST		UC07_POST_/inform-list	1782724220009	1782724220262	OK	 
REQUEST		UC12_GET_/rehabilitation	1782724220108	1782724220424	OK	 
REQUEST		UC11_POST_/online-control	1782724220213	1782724220480	OK	 
REQUEST		UC09_GET_/requests-and-inform	1782724220308	1782724220562	OK	 
REQUEST		UC08_POST_/send-to-bank/{fflId}	1782724220417	1782724220626	OK	 
REQUEST		UC16_PUT_/callback	1782724220514	1782724220663	OK	 
REQUEST		UC08_POST_/send-to-bank/{fflId}	1782724220608	1782724220801	OK	 
REQUEST		UC08_POST_/send-to-bank/{fflId}	1782724220717	1782724220896	OK	 
REQUEST		UC14_POST_/detail	1782724220889	1782724221053	OK	 
REQUEST		UC10_POST_/mop-1-0	1782724220827	1782724221105	OK	 
REQUEST		UC08_POST_/send-to-bank/{fflId}	1782724221009	1782724221204	OK	 
REQUEST		UC13_GET_/unread-tabs	1782724221109	1782724221321	OK	 
REQUEST		UC12_GET_/rehabilitation	1782724221218	1782724221524	OK	 
REQUEST		UC10_POST_/mop-1-0	1782724221312	1782724221604	OK	 
REQUEST		UC09_GET_/requests-and-inform	1782724221408	1782724221694	OK	 
REQUEST		UC17_DELETE_/callback?taskId={taskIdCB}	1782724221516	1782724221712	OK	 
REQUEST		UC09_GET_/requests-and-inform	1782724221608	1782724221886	OK	 
REQUEST		UC09_GET_/requests-and-inform	1782724221718	1782724221951	OK	 
REQUEST		UC15_POST_/callback	1782724221811	1782724222013	OK	 
REQUEST		UC11_POST_/online-control	1782724221889	1782724222156	OK	 
REQUEST		UC09_GET_/requests-and-inform	1782724222014	1782724222254	OK	 
REQUEST		UC14_POST_/detail	1782724222108	1782724222276	OK	 
REQUEST		UC13_GET_/unread-tabs	1782724222218	1782724222402	OK	 
REQUEST		UC11_POST_/online-control	1782724222312	1782724222577	OK	 
REQUEST		UC18_GET_/compliance-helper	1782724222515	1782724222686	OK	 
REQUEST		UC10_POST_/mop-1-0	1782724222408	1782724222700	OK	 
REQUEST		UC10_POST_/mop-1-0	1782724222624	1782724222896	OK	 
REQUEST		UC16_PUT_/callback	1782724222798	1782724222947	OK	 
REQUEST		UC10_POST_/mop-1-0	1782724222718	1782724222980	OK	 
REQUEST		UC12_GET_/rehabilitation	1782724222890	1782724223202	OK	 
REQUEST		UC10_POST_/mop-1-0	1782724223015	1782724223280	OK	 
REQUEST		UC15_POST_/callback	1782724223109	1782724223318	OK	 
REQUEST		UC14_POST_/detail	1782724223218	1782724223390	OK	 
REQUEST		UC19_GET_/activation	1782724223420	1782724223572	OK	 
REQUEST		UC12_GET_/rehabilitation	1782724223312	1782724223601	OK	 
REQUEST		UC11_POST_/online-control	1782724223514	1782724223791	OK	 
REQUEST		UC11_POST_/online-control	1782724223607	1782724223906	OK	 
REQUEST		UC17_DELETE_/callback?taskId={taskIdCB}	1782724223718	1782724223933	OK	 
REQUEST		UC11_POST_/online-control	1782724223812	1782724224048	OK	 
REQUEST		UC13_GET_/unread-tabs	1782724223890	1782724224083	OK	 
REQUEST		UC16_PUT_/callback	1782724224109	1782724224277	OK	 
REQUEST		UC11_POST_/online-control	1782724224015	1782724224281	OK	 
REQUEST		UC15_POST_/callback	1782724224218	1782724224419	OK	 
REQUEST		UC20_GET_/change-tariff	1782724224313	1782724224448	OK	 
REQUEST		UC13_GET_/unread-tabs	1782724224408	1782724224602	OK	 
REQUEST		UC12_GET_/rehabilitation	1782724224516	1782724224845	OK	 
REQUEST		UC18_GET_/compliance-helper	1782724224703	1782724224864	OK	 
REQUEST		UC12_GET_/rehabilitation	1782724224610	1782724224930	OK	 
REQUEST		UC14_POST_/detail	1782724224890	1782724225067	OK	 
REQUEST		UC12_GET_/rehabilitation	1782724224827	1782724225098	OK	 
REQUEST		UC17_DELETE_/callback?taskId={taskIdCB}	1782724225015	1782724225225	OK	 
REQUEST		UC16_PUT_/callback	1782724225208	1782724225370	OK	 
REQUEST		UC12_GET_/rehabilitation	1782724225109	1782724225415	OK	 
REQUEST		UC21_GET_/user-permissions	1782724225312	1782724225452	OK	 
REQUEST		UC14_POST_/detail	1782724225408	1782724225575	OK	 
REQUEST		UC13_GET_/unread-tabs	1782724225515	1782724225715	OK	 
REQUEST		UC19_GET_/activation	1782724225609	1782724225765	OK	 
REQUEST		UC13_GET_/unread-tabs	1782724225719	1782724225912	OK	 
REQUEST		UC15_POST_/callback	1782724225811	1782724226018	OK	 
REQUEST		UC13_GET_/unread-tabs	1782724225890	1782724226078	OK	 
REQUEST		UC18_GET_/compliance-helper	1782724226014	1782724226177	OK	 
REQUEST		UC17_DELETE_/callback?taskId={taskIdCB}	1782724226109	1782724226311	OK	 
REQUEST		UC13_GET_/unread-tabs	1782724226218	1782724226388	OK	 
REQUEST		UC15_POST_/callback	1782724226408	1782724226609	OK	 
REQUEST		UC22_GET_/print-form	1782724226308	1782724226614	OK	 
REQUEST		UC14_POST_/detail	1782724226515	1782724226691	OK	 
REQUEST		UC20_GET_/change-tariff	1782724226609	1782724226758	OK	 
REQUEST		UC14_POST_/detail	1782724226718	1782724226882	OK	 
REQUEST		UC16_PUT_/callback	1782724226842	1782724227004	OK	 
REQUEST		UC14_POST_/detail	1782724226889	1782724227045	OK	 
REQUEST		UC19_GET_/activation	1782724227014	1782724227174	OK	 
REQUEST		UC18_GET_/compliance-helper	1782724227108	1782724227267	OK	 
REQUEST		UC14_POST_/detail	1782724227208	1782724227367	OK	 
REQUEST		UC16_PUT_/callback	1782724227314	1782724227470	OK	 
REQUEST		UC15_POST_/callback	1782724227515	1782724227723	OK	 
REQUEST		UC21_GET_/user-permissions	1782724227608	1782724227761	OK	 
REQUEST		UC23_GET_/rejections	1782724227408	1782724227812	OK	 
REQUEST		UC15_POST_/callback	1782724227702	1782724227915	OK	 
REQUEST		UC17_DELETE_/callback?taskId={taskIdCB}	1782724227811	1782724228010	OK	 
REQUEST		UC15_POST_/callback	1782724227890	1782724228103	OK	 
REQUEST		UC20_GET_/change-tariff	1782724228014	1782724228193	OK	 
REQUEST		UC19_GET_/activation	1782724228108	1782724228276	OK	 
REQUEST		UC15_POST_/callback	1782724228218	1782724228418	OK	 
REQUEST		UC17_DELETE_/callback?taskId={taskIdCB}	1782724228312	1782724228519	OK	 
REQUEST		UC16_PUT_/callback	1782724228408	1782724228568	OK	 
REQUEST		UC22_GET_/print-form	1782724228516	1782724228848	OK	 
REQUEST		UC16_PUT_/callback	1782724228719	1782724228875	OK	 
REQUEST		UC24_GET_/rejection/{operationId}	1782724228609	1782724228887	OK	 
REQUEST		UC18_GET_/compliance-helper	1782724228798	1782724228967	OK	 
REQUEST		UC16_PUT_/callback	1782724228891	1782724229058	OK	 
REQUEST		UC21_GET_/user-permissions	1782724229014	1782724229171	OK	 
REQUEST		UC20_GET_/change-tariff	1782724229108	1782724229272	OK	 
REQUEST		UC16_PUT_/callback	1782724229218	1782724229361	OK	 
REQUEST		UC18_GET_/compliance-helper	1782724229312	1782724229497	OK	 
REQUEST		UC17_DELETE_/callback?taskId={taskIdCB}	1782724229408	1782724229612	OK	 
REQUEST		UC17_DELETE_/callback?taskId={taskIdCB}	1782724229608	1782724229817	OK	 
REQUEST		UC25_GET_/active-switchers	1782724229710	1782724229861	OK	 
REQUEST		UC23_GET_/rejections	1782724229514	1782724229914	OK	 
REQUEST		UC19_GET_/activation	1782724229808	1782724229951	OK	 
REQUEST		UC17_DELETE_/callback?taskId={taskIdCB}	1782724229888	1782724230082	OK	 
REQUEST		UC21_GET_/user-permissions	1782724230109	1782724230282	OK	 
REQUEST		UC22_GET_/print-form	1782724229998	1782724230350	OK	 
REQUEST		UC17_DELETE_/callback?taskId={taskIdCB}	1782724230202	1782724230410	OK	 
REQUEST		UC19_GET_/activation	1782724230298	1782724230475	OK	 
REQUEST		UC18_GET_/compliance-helper	1782724230404	1782724230588	OK	 
REQUEST		UC18_GET_/compliance-helper	1782724230498	1782724230677	OK	 
REQUEST		UC26_GET_/system-parameters	1782724230608	1782724230774	OK	 
REQUEST		UC20_GET_/change-tariff	1782724230811	1782724230951	OK	 
REQUEST		UC24_GET_/rejection/{operationId}	1782724230717	1782724231020	OK	 
REQUEST		UC18_GET_/compliance-helper	1782724230878	1782724231031	OK	 
REQUEST		UC22_GET_/print-form	1782724230999	1782724231317	OK	 
REQUEST		UC18_GET_/compliance-helper	1782724231202	1782724231368	OK	 
REQUEST		UC20_GET_/change-tariff	1782724231298	1782724231471	OK	 
REQUEST		UC23_GET_/rejections	1782724231108	1782724231555	OK	 
REQUEST		UC19_GET_/activation	1782724231405	1782724231590	OK	 
REQUEST		UC19_GET_/activation	1782724231499	1782724231671	OK	 
REQUEST		UC27_GET_/organization	1782724231604	1782724231762	OK	 
REQUEST		UC21_GET_/user-permissions	1782724231702	1782724231856	OK	 
REQUEST		UC25_GET_/active-switchers	1782724231797	1782724231967	OK	 
REQUEST		UC19_GET_/activation	1782724231890	1782724232055	OK	 
REQUEST		UC19_GET_/activation	1782724232109	1782724232264	OK	 
REQUEST		UC23_GET_/rejections	1782724232015	1782724232338	OK	 
REQUEST		UC21_GET_/user-permissions	1782724232217	1782724232356	OK	 
REQUEST		UC20_GET_/change-tariff	1782724232408	1782724232572	OK	 
REQUEST		UC24_GET_/rejection/{operationId}	1782724232312	1782724232606	OK	 
REQUEST		UC20_GET_/change-tariff	1782724232515	1782724232672	OK	 
REQUEST		UC28_GET_/compliance-profile/mtb	1782724232609	1782724232754	OK	 
REQUEST		UC20_GET_/change-tariff	1782724232889	1782724233039	OK	 
REQUEST		UC26_GET_/system-parameters	1782724232827	1782724233047	OK	 
REQUEST		UC22_GET_/print-form	1782724232717	1782724233068	OK	 
REQUEST		UC20_GET_/change-tariff	1782724233014	1782724233168	OK	 
REQUEST		UC24_GET_/rejection/{operationId}	1782724233109	1782724233355	OK	 
REQUEST		UC21_GET_/user-permissions	1782724233312	1782724233476	OK	 
REQUEST		UC22_GET_/print-form	1782724233208	1782724233534	OK	 
REQUEST		UC25_GET_/active-switchers	1782724233413	1782724233582	OK	 
REQUEST		UC21_GET_/user-permissions	1782724233515	1782724233679	OK	 
REQUEST		UC29_GET_/dopInfo	1782724233609	1782724233767	OK	 
REQUEST		UC21_GET_/user-permissions	1782724233703	1782724233869	OK	 
REQUEST		UC27_GET_/organization	1782724233827	1782724233996	OK	 
REQUEST		UC21_GET_/user-permissions	1782724234014	1782724234178	OK	 
REQUEST		UC25_GET_/active-switchers	1782724234109	1782724234285	OK	 
REQUEST		UC23_GET_/rejections	1782724233889	1782724234328	OK	 
REQUEST		UC22_GET_/print-form	1782724234218	1782724234558	OK	 
REQUEST		UC26_GET_/system-parameters	1782724234408	1782724234582	OK	 
REQUEST		UC23_GET_/rejections	1782724234311	1782724234678	OK	 
REQUEST		UC30_GET_/counterparties	1782724234608	1782724234779	OK	 
REQUEST		UC22_GET_/print-form	1782724234514	1782724234870	OK	 
REQUEST		UC28_GET_/compliance-profile/mtb	1782724234827	1782724234999	OK	 
REQUEST		UC22_GET_/print-form	1782724234718	1782724235062	OK	 
REQUEST		UC26_GET_/system-parameters	1782724235014	1782724235174	OK	 
REQUEST		UC22_GET_/print-form	1782724234890	1782724235209	OK	 
REQUEST		UC24_GET_/rejection/{operationId}	1782724235109	1782724235390	OK	 
REQUEST		UC27_GET_/organization	1782724235308	1782724235486	OK	 
REQUEST		UC23_GET_/rejections	1782724235218	1782724235635	OK	 
REQUEST		UC24_GET_/rejection/{operationId}	1782724235408	1782724235671	OK	 
REQUEST		UC31_GET_/compliance-profile/contacts	1782724235515	1782724235679	OK	 
REQUEST		UC29_GET_/dopInfo	1782724235718	1782724235875	OK	 
REQUEST		UC27_GET_/organization	1782724235878	1782724236049	OK	 
REQUEST		UC23_GET_/rejections	1782724235608	1782724236113	OK	 
REQUEST		UC23_GET_/rejections	1782724235812	1782724236140	OK	 
REQUEST		UC25_GET_/active-switchers	1782724236098	1782724236263	OK	 
REQUEST		UC23_GET_/rejections	1782724235999	1782724236333	OK	 
REQUEST		UC28_GET_/compliance-profile/mtb	1782724236203	1782724236388	OK	 
REQUEST		UC25_GET_/active-switchers	1782724236405	1782724236575	OK	 
REQUEST		UC24_GET_/rejection/{operationId}	1782724236298	1782724236606	OK	 
REQUEST		UC32_GET_/compliance-profile	1782724236499	1782724236667	OK	 
REQUEST		UC30_GET_/counterparties	1782724236608	1782724236783	OK	 
REQUEST		UC28_GET_/compliance-profile/mtb	1782724236702	1782724236859	OK	 
REQUEST		UC24_GET_/rejection/{operationId}	1782724236798	1782724237089	OK	 
REQUEST		UC24_GET_/rejection/{operationId}	1782724236890	1782724237171	OK	 
REQUEST		UC26_GET_/system-parameters	1782724237015	1782724237192	OK	 
REQUEST		UC29_GET_/dopInfo	1782724237208	1782724237388	OK	 
REQUEST		UC24_GET_/rejection/{operationId}	1782724237109	1782724237389	OK	 
REQUEST		UC26_GET_/system-parameters	1782724237313	1782724237486	OK	 
REQUEST		UC25_GET_/active-switchers	1782724237408	1782724237588	OK	 
REQUEST		UC33_GET_/detail	1782724237515	1782724237708	OK	 
REQUEST		UC31_GET_/compliance-profile/contacts	1782724237608	1782724237771	OK	 
REQUEST		UC29_GET_/dopInfo	1782724237718	1782724237884	OK	 
REQUEST		UC25_GET_/active-switchers	1782724237811	1782724237991	OK	 
REQUEST		UC25_GET_/active-switchers	1782724237889	1782724238056	OK	 
REQUEST		UC27_GET_/organization	1782724238015	1782724238201	OK	 
REQUEST		UC30_GET_/counterparties	1782724238109	1782724238278	OK	 
REQUEST		UC25_GET_/active-switchers	1782724238208	1782724238368	OK	 
REQUEST		UC27_GET_/organization	1782724238312	1782724238472	OK	 
REQUEST		UC26_GET_/system-parameters	1782724238408	1782724238584	OK	 
REQUEST		UC34_DELETE_/alert	1782724238508	1782724238707	OK	 
REQUEST		UC32_GET_/compliance-profile	1782724238608	1782724238773	OK	 
REQUEST		UC30_GET_/counterparties	1782724238718	1782724238892	OK	 
REQUEST		UC26_GET_/system-parameters	1782724238811	1782724238981	OK	 
REQUEST		UC26_GET_/system-parameters	1782724238889	1782724239067	OK	 
REQUEST		UC28_GET_/compliance-profile/mtb	1782724239014	1782724239177	OK	 
REQUEST		UC31_GET_/compliance-profile/contacts	1782724239109	1782724239311	OK	 
REQUEST		UC26_GET_/system-parameters	1782724239218	1782724239378	OK	 
REQUEST		UC28_GET_/compliance-profile/mtb	1782724239313	1782724239471	OK	 
REQUEST		UC27_GET_/organization	1782724239408	1782724239611	OK	 
REQUEST		UC35_POST_/organization	1782724239516	1782724239700	OK	 
REQUEST		UC33_GET_/detail	1782724239609	1782724239789	OK	 
REQUEST		UC31_GET_/compliance-profile/contacts	1782724239715	1782724239893	OK	 
REQUEST		UC27_GET_/organization	1782724239798	1782724239964	OK	 
REQUEST		UC27_GET_/organization	1782724239880	1782724240059	OK	 
REQUEST		UC29_GET_/dopInfo	1782724240000	1782724240160	OK	 
REQUEST		UC32_GET_/compliance-profile	1782724240099	1782724240274	OK	 
REQUEST		UC27_GET_/organization	1782724240202	1782724240358	OK	 
REQUEST		UC29_GET_/dopInfo	1782724240298	1782724240459	OK	 
REQUEST		UC28_GET_/compliance-profile/mtb	1782724240406	1782724240577	OK	 
REQUEST		UC36_POST_/mtb	1782724240499	1782724240703	OK	 
REQUEST		UC34_DELETE_/alert	1782724240598	1782724240806	OK	 
REQUEST		UC32_GET_/compliance-profile	1782724240702	1782724240877	OK	 
REQUEST		UC28_GET_/compliance-profile/mtb	1782724240798	1782724240961	OK	 
REQUEST		UC28_GET_/compliance-profile/mtb	1782724240890	1782724241068	OK	 
REQUEST		UC30_GET_/counterparties	1782724241014	1782724241186	OK	 
REQUEST		UC33_GET_/detail	1782724241109	1782724241299	OK	 
REQUEST		UC28_GET_/compliance-profile/mtb	1782724241218	1782724241388	OK	 
REQUEST		UC30_GET_/counterparties	1782724241312	1782724241475	OK	 
REQUEST		UC29_GET_/dopInfo	1782724241408	1782724241578	OK	 
REQUEST		UC37_POST_/dopInfo	1782724241515	1782724241720	OK	 
REQUEST		UC35_POST_/organization	1782724241609	1782724241819	OK	 
REQUEST		UC33_GET_/detail	1782724241719	1782724241918	OK	 
REQUEST		UC29_GET_/dopInfo	1782724241798	1782724241973	OK	 
REQUEST		UC29_GET_/dopInfo	1782724241891	1782724242043	OK	 
REQUEST		UC31_GET_/compliance-profile/contacts	1782724242016	1782724242172	OK	 
REQUEST		UC34_DELETE_/alert	1782724242110	1782724242303	OK	 
REQUEST		UC29_GET_/dopInfo	1782724242209	1782724242368	OK	 
REQUEST		UC31_GET_/compliance-profile/contacts	1782724242313	1782724242476	OK	 
REQUEST		UC30_GET_/counterparties	1782724242408	1782724242580	OK	 
REQUEST		UC38_POST_/counterparties	1782724242516	1782724242727	OK	 
REQUEST		UC36_POST_/mtb	1782724242610	1782724242814	OK	 
REQUEST		UC34_DELETE_/alert	1782724242708	1782724242921	OK	 
REQUEST		UC30_GET_/counterparties	1782724242811	1782724242962	OK	 
REQUEST		UC30_GET_/counterparties	1782724242889	1782724243053	OK	 
REQUEST		UC32_GET_/compliance-profile	1782724243014	1782724243186	OK	 
REQUEST		UC35_POST_/organization	1782724243108	1782724243305	OK	 
REQUEST		UC30_GET_/counterparties	1782724243218	1782724243373	OK	 
REQUEST		UC32_GET_/compliance-profile	1782724243312	1782724243475	OK	 
REQUEST		UC31_GET_/compliance-profile/contacts	1782724243412	1782724243620	OK	 
REQUEST		UC39_POST_/contacts	1782724243515	1782724243728	OK	 
REQUEST		UC37_POST_/dopInfo	1782724243608	1782724243817	OK	 
REQUEST		UC35_POST_/organization	1782724243718	1782724243927	OK	 
REQUEST		UC31_GET_/compliance-profile/contacts	1782724243801	1782724243968	OK	 
REQUEST		UC31_GET_/compliance-profile/contacts	1782724243890	1782724244042	OK	 
REQUEST		UC33_GET_/detail	1782724244014	1782724244222	OK	 
REQUEST		UC36_POST_/mtb	1782724244109	1782724244301	OK	 
REQUEST		UC31_GET_/compliance-profile/contacts	1782724244218	1782724244401	OK	 
REQUEST		UC33_GET_/detail	1782724244313	1782724244513	OK	 
REQUEST		UC32_GET_/compliance-profile	1782724244408	1782724244571	OK	 
REQUEST		UC40_GET_/mop2/{fflId}	1782724244515	1782724244758	OK	 
REQUEST		UC38_POST_/counterparties	1782724244609	1782724244826	OK	 
REQUEST		UC36_POST_/mtb	1782724244718	1782724244926	OK	 
REQUEST		UC32_GET_/compliance-profile	1782724244812	1782724244975	OK	 
REQUEST		UC32_GET_/compliance-profile	1782724244890	1782724245062	OK	 
REQUEST		UC34_DELETE_/alert	1782724245015	1782724245206	OK	 
REQUEST		UC37_POST_/dopInfo	1782724245109	1782724245310	OK	 
REQUEST		UC32_GET_/compliance-profile	1782724245218	1782724245385	OK	 
REQUEST		UC34_DELETE_/alert	1782724245312	1782724245517	OK	 
REQUEST		UC33_GET_/detail	1782724245421	1782724245622	OK	 
REQUEST		UC41_GET_/onboarding/{fflId}	1782724245515	1782724245702	OK	 
USER	EFSFinmonWebDebug	END	1782724245706
USER	EFSFinmonWebDebug	START	1782724245706
REQUEST		UC39_POST_/contacts	1782724245608	1782724245807	OK	 
REQUEST		UC37_POST_/dopInfo	1782724245718	1782724245928	OK	 
REQUEST		UC33_GET_/detail	1782724245812	1782724246005	OK	 
REQUEST		UC33_GET_/detail	1782724245890	1782724246093	OK	 
REQUEST		UC35_POST_/organization	1782724246014	1782724246227	OK	 
REQUEST		UC38_POST_/counterparties	1782724246108	1782724246306	OK	 
REQUEST		UC33_GET_/detail	1782724246218	1782724246411	OK	 
REQUEST		UC35_POST_/organization	1782724246312	1782724246503	OK	 
REQUEST		UC34_DELETE_/alert	1782724246408	1782724246625	OK	 
REQUEST	LoginWeb	first_login	1782724246515	1782724246664	OK	 
REQUEST		UC40_GET_/mop2/{fflId}	1782724246608	1782724246855	OK	 
REQUEST		UC38_POST_/counterparties	1782724246733	1782724246939	OK	 
REQUEST		UC34_DELETE_/alert	1782724246811	1782724247013	OK	 
REQUEST		UC34_DELETE_/alert	1782724246890	1782724247105	OK	 
REQUEST		UC36_POST_/mtb	1782724247015	1782724247237	OK	 
REQUEST		UC39_POST_/contacts	1782724247110	1782724247342	OK	 
REQUEST		UC34_DELETE_/alert	1782724247208	1782724247422	OK	 
REQUEST		UC36_POST_/mtb	1782724247313	1782724247507	OK	 
REQUEST		UC35_POST_/organization	1782724247408	1782724247619	OK	 
REQUEST	LoginWeb	settingsLogin	1782724247512	1782724247687	OK	 
REQUEST		UC41_GET_/onboarding/{fflId}	1782724247609	1782724247806	OK	 
USER	EFSFinmonWebDebug	END	1782724247810
USER	EFSFinmonWebDebug	START	1782724247810
REQUEST		UC39_POST_/contacts	1782724247708	1782724247912	OK	 
REQUEST		UC35_POST_/organization	1782724247798	1782724247993	OK	 
REQUEST		UC35_POST_/organization	1782724247893	1782724248098	OK	 
REQUEST		UC37_POST_/dopInfo	1782724248003	1782724248196	OK	 
REQUEST		UC40_GET_/mop2/{fflId}	1782724248098	1782724248346	OK	 
REQUEST		UC35_POST_/organization	1782724248202	1782724248405	OK	 
REQUEST		UC37_POST_/dopInfo	1782724248298	1782724248493	OK	 
REQUEST		UC36_POST_/mtb	1782724248406	1782724248633	OK	 
REQUEST	LoginWeb	newsLogin	1782724248500	1782724248685	OK	 
REQUEST		UC40_GET_/mop2/{fflId}	1782724248718	1782724248954	OK	 
REQUEST	LoginWeb	first_login	1782724248598	1782724248980	OK	 
REQUEST		UC36_POST_/mtb	1782724248812	1782724249029	OK	 
REQUEST		UC36_POST_/mtb	1782724248878	1782724249068	OK	 
REQUEST		UC38_POST_/counterparties	1782724248999	1782724249217	OK	 
REQUEST		UC41_GET_/onboarding/{fflId}	1782724249098	1782724249291	OK	 
USER	EFSFinmonWebDebug	END	1782724249295
USER	EFSFinmonWebDebug	START	1782724249296
REQUEST		UC36_POST_/mtb	1782724249202	1782724249398	OK	 
REQUEST		UC38_POST_/counterparties	1782724249298	1782724249486	OK	 
REQUEST		UC37_POST_/dopInfo	1782724249406	1782724249627	OK	 
REQUEST	LoginWeb	preLogin	1782724249500	1782724249739	OK	 
REQUEST		UC41_GET_/onboarding/{fflId}	1782724249598	1782724249785	OK	 
USER	EFSFinmonWebDebug	END	1782724249789
USER	EFSFinmonWebDebug	START	1782724249789
REQUEST	LoginWeb	settingsLogin	1782724249688	1782724249878	OK	 
REQUEST		UC37_POST_/dopInfo	1782724249799	1782724250002	OK	 
REQUEST		UC37_POST_/dopInfo	1782724249888	1782724250092	OK	 
REQUEST		UC39_POST_/contacts	1782724250008	1782724250205	OK	 
REQUEST	LoginWeb	first_login	1782724250109	1782724250265	OK	 
REQUEST		UC37_POST_/dopInfo	1782724250218	1782724250416	OK	 
REQUEST		UC39_POST_/contacts	1782724250312	1782724250528	OK	 
REQUEST		UC38_POST_/counterparties	1782724250408	1782724250620	OK	 
REQUEST	LoginWeb	login	1782724250515	1782724250749	OK	 
REQUEST	LoginWeb	first_login	1782724250609	1782724250784	OK	 
REQUEST	LoginWeb	newsLogin	1782724250717	1782724250942	OK	 
REQUEST		UC38_POST_/counterparties	1782724250798	1782724251016	OK	 
REQUEST		UC38_POST_/counterparties	1782724250889	1782724251090	OK	 
REQUEST		UC40_GET_/mop2/{fflId}	1782724251014	1782724251252	OK	 
REQUEST	LoginWeb	settingsLogin	1782724251109	1782724251307	OK	 
REQUEST		UC38_POST_/counterparties	1782724251213	1782724251420	OK	 
REQUEST		UC40_GET_/mop2/{fflId}	1782724251313	1782724251537	OK	 
REQUEST		UC39_POST_/contacts	1782724251408	1782724251635	OK	 
REQUEST	LoginWeb	settingsLogin	1782724251610	1782724251772	OK	 
REQUEST		UC39_POST_/contacts	1782724251828	1782724252034	OK	 
REQUEST		UC39_POST_/contacts	1782724251890	1782724252091	OK	 
REQUEST		UC41_GET_/onboarding/{fflId}	1782724252015	1782724252217	OK	 
USER	EFSFinmonWebDebug	END	1782724252222
USER	EFSFinmonWebDebug	START	1782724252222
REQUEST	LoginWeb	newsLogin	1782724252110	1782724252314	OK	 
REQUEST	LoginWeb	create	1782724251516	1782724252365	OK	 
REQUEST		UC39_POST_/contacts	1782724252208	1782724252400	OK	 
REQUEST		UC41_GET_/onboarding/{fflId}	1782724252311	1782724252497	OK	 
USER	EFSFinmonWebDebug	END	1782724252501
USER	EFSFinmonWebDebug	START	1782724252501
REQUEST		UC40_GET_/mop2/{fflId}	1782724252408	1782724252644	OK	 
REQUEST	LoginWeb	newsLogin	1782724252515	1782724252730	OK	 
REQUEST	LoginWeb	preLogin	1782724251708	1782724252782	OK	 
REQUEST		UC40_GET_/mop2/{fflId}	1782724252608	1782724252855	OK	 
REQUEST		UC40_GET_/mop2/{fflId}	1782724252702	1782724252931	OK	 
REQUEST	LoginWeb	first_login	1782724252808	1782724252973	OK	 
REQUEST	LoginWeb	decrypt	1782724253014	1782724253091	OK	 
GROUP	LoginWeb	1782724245707	1782724253092	1908	OK
ERROR	UC01_POST_/file-upload: Failed to build request: No attribute named 'requestId' is defined 	1782724253092
ERROR	UC02_POST_/send-to-bank: Failed to build request: No attribute named 'requestId' is defined 	1782724253092
REQUEST	LoginWeb	preLogin	1782724252890	1782724253121	OK	 
REQUEST		UC40_GET_/mop2/{fflId}	1782724253109	1782724253337	OK	 
REQUEST	LoginWeb	first_login	1782724253218	1782724253379	OK	 
REQUEST		UC41_GET_/onboarding/{fflId}	1782724253313	1782724253498	OK	 
USER	EFSFinmonWebDebug	END	1782724253502
USER	EFSFinmonWebDebug	START	1782724253503
REQUEST	LoginWeb	preLogin	1782724253410	1782724253626	OK	 
REQUEST		UC41_GET_/onboarding/{fflId}	1782724253608	1782724253791	OK	 
USER	EFSFinmonWebDebug	END	1782724253795
USER	EFSFinmonWebDebug	START	1782724253795
REQUEST	LoginWeb	login	1782724253514	1782724253791	OK	 
REQUEST		UC41_GET_/onboarding/{fflId}	1782724253702	1782724253894	OK	 
USER	EFSFinmonWebDebug	END	1782724253898
USER	EFSFinmonWebDebug	START	1782724253898
REQUEST	LoginWeb	settingsLogin	1782724253811	1782724253976	OK	 
REQUEST		UC03_GET_/params	1782724253879	1782724254264	OK	 
ERROR	UC04_POST_/delete-file: Failed to build request: No attribute named 'pprbId' is defined 	1782724254265
REQUEST	LoginWeb	login	1782724253999	1782724254269	OK	 
REQUEST		UC41_GET_/onboarding/{fflId}	1782724254098	1782724254280	OK	 
USER	EFSFinmonWebDebug	END	1782724254285
USER	EFSFinmonWebDebug	START	1782724254285
REQUEST	LoginWeb	settingsLogin	1782724254203	1782724254370	OK	 
REQUEST	LoginWeb	first_login	1782724254298	1782724254441	OK	 
REQUEST	LoginWeb	login	1782724254398	1782724254668	OK	 
REQUEST	LoginWeb	first_login	1782724254499	1782724254677	OK	 
REQUEST	LoginWeb	first_login	1782724254702	1782724254894	OK	 
REQUEST	LoginWeb	newsLogin	1782724254796	1782724255003	OK	 
REQUEST		UC05_GET_/download/{fileid}	1782724254889	1782724255095	OK	 
ERROR	UC06_GET_/detail-with-attachments/{fflId}: Failed to build request: No attribute named 'fflId' is defined 	1782724255096
REQUEST	LoginWeb	first_login	1782724255110	1782724255249	OK	 
REQUEST	LoginWeb	newsLogin	1782724255208	1782724255372	OK	 
REQUEST	LoginWeb	create	1782724254608	1782724255446	OK	 
REQUEST	LoginWeb	settingsLogin	1782724255314	1782724255477	OK	 
REQUEST	LoginWeb	settingsLogin	1782724255514	1782724255680	OK	 
REQUEST	LoginWeb	settingsLogin	1782724255608	1782724255784	OK	 
REQUEST	LoginWeb	create	1782724255015	1782724255843	OK	 
REQUEST	LoginWeb	preLogin	1782724255717	1782724255937	OK	 
REQUEST	LoginWeb	settingsLogin	1782724255889	1782724256078	OK	 
REQUEST		UC07_POST_/inform-list	1782724255798	1782724256103	OK	 
REQUEST	LoginWeb	create	1782724255408	1782724256180	OK	 
REQUEST	LoginWeb	decrypt	1782724256109	1782724256191	OK	 
GROUP	LoginWeb	1782724247810	1782724256192	3068	OK
ERROR	UC01_POST_/file-upload: Failed to build request: No attribute named 'requestId' is defined 	1782724256192
ERROR	UC02_POST_/send-to-bank: Failed to build request: No attribute named 'requestId' is defined 	1782724256193
REQUEST	LoginWeb	preLogin	1782724256015	1782724256230	OK	 
REQUEST	LoginWeb	newsLogin	1782724256208	1782724256443	OK	 
REQUEST	LoginWeb	newsLogin	1782724256313	1782724256529	OK	 
REQUEST	LoginWeb	decrypt	1782724256510	1782724256587	OK	 
GROUP	LoginWeb	1782724249296	1782724256588	1964	OK
ERROR	UC01_POST_/file-upload: Failed to build request: No attribute named 'requestId' is defined 	1782724256588
ERROR	UC02_POST_/send-to-bank: Failed to build request: No attribute named 'requestId' is defined 	1782724256588
REQUEST	LoginWeb	newsLogin	1782724256408	1782724256617	OK	 
REQUEST	LoginWeb	login	1782724256624	1782724256902	OK	 
REQUEST	LoginWeb	newsLogin	1782724256718	1782724256903	OK	 
REQUEST	LoginWeb	decrypt	1782724256888	1782724256964	OK	 
GROUP	LoginWeb	1782724249789	1782724256965	1886	OK
ERROR	UC01_POST_/file-upload: Failed to build request: No attribute named 'requestId' is defined 	1782724256965
ERROR	UC02_POST_/send-to-bank: Failed to build request: No attribute named 'requestId' is defined 	1782724256965
REQUEST		UC08_POST_/send-to-bank/{fflId}	1782724256811	1782724257020	OK	 
REQUEST	LoginWeb	login	1782724257108	1782724257347	OK	 
REQUEST		UC03_GET_/params	1782724257008	1782724257386	OK	 
ERROR	UC04_POST_/delete-file: Failed to build request: No attribute named 'pprbId' is defined 	1782724257387
REQUEST	LoginWeb	preLogin	1782724257218	1782724257426	OK	 
REQUEST	LoginWeb	preLogin	1782724257312	1782724257519	OK	 
REQUEST	LoginWeb	preLogin	1782724257515	1782724257751	OK	 
REQUEST		UC03_GET_/params	1782724257408	1782724257797	OK	 
ERROR	UC04_POST_/delete-file: Failed to build request: No attribute named 'pprbId' is defined 	1782724257798
REQUEST	LoginWeb	preLogin	1782724257718	1782724257925	OK	 
REQUEST		UC03_GET_/params	1782724257812	1782724258127	OK	 
ERROR	UC04_POST_/delete-file: Failed to build request: No attribute named 'pprbId' is defined 	1782724258129
REQUEST		UC09_GET_/requests-and-inform	1782724257890	1782724258160	OK	 
REQUEST		UC05_GET_/download/{fileid}	1782724258108	1782724258315	OK	 
ERROR	UC06_GET_/detail-with-attachments/{fflId}: Failed to build request: No attribute named 'fflId' is defined 	1782724258317
REQUEST	LoginWeb	create	1782724257609	1782724258461	OK	 
REQUEST	LoginWeb	login	1782724258218	1782724258473	OK	 
REQUEST	LoginWeb	login	1782724258312	1782724258551	OK	 
REQUEST	LoginWeb	login	1782724258408	1782724258636	OK	 
REQUEST		UC05_GET_/download/{fileid}	1782724258516	1782724258691	OK	 
ERROR	UC06_GET_/detail-with-attachments/{fflId}: Failed to build request: No attribute named 'fflId' is defined 	1782724258693
REQUEST	LoginWeb	create	1782724258015	1782724258851	OK	 
REQUEST	LoginWeb	login	1782724258609	1782724258864	OK	 
REQUEST		UC05_GET_/download/{fileid}	1782724258718	1782724258894	OK	 
ERROR	UC06_GET_/detail-with-attachments/{fflId}: Failed to build request: No attribute named 'fflId' is defined 	1782724258895
REQUEST	LoginWeb	decrypt	1782724259014	1782724259091	OK	 
GROUP	LoginWeb	1782724252222	1782724259092	1964	OK
ERROR	UC01_POST_/file-upload: Failed to build request: No attribute named 'requestId' is defined 	1782724259092
ERROR	UC02_POST_/send-to-bank: Failed to build request: No attribute named 'requestId' is defined 	1782724259092
REQUEST		UC10_POST_/mop-1-0	1782724258811	1782724259099	OK	 
REQUEST		UC07_POST_/inform-list	1782724258889	1782724259183	OK	 
REQUEST	LoginWeb	decrypt	1782724259515	1782724259586	OK	 
GROUP	LoginWeb	1782724252501	1782724259587	1853	OK
ERROR	UC01_POST_/file-upload: Failed to build request: No attribute named 'requestId' is defined 	1782724259587
ERROR	UC02_POST_/send-to-bank: Failed to build request: No attribute named 'requestId' is defined 	1782724259587
REQUEST		UC07_POST_/inform-list	1782724259408	1782724259678	OK	 
REQUEST	LoginWeb	create	1782724259108	1782724259846	OK	 
REQUEST		UC07_POST_/inform-list	1782724259709	1782724259994	OK	 
REQUEST	LoginWeb	create	1782724259218	1782724260049	OK	 
REQUEST	LoginWeb	create	1782724259312	1782724260139	OK	 
REQUEST		UC11_POST_/online-control	1782724259888	1782724260179	OK	 
REQUEST		UC03_GET_/params	1782724259820	1782724260193	OK	 
ERROR	UC04_POST_/delete-file: Failed to build request: No attribute named 'pprbId' is defined 	1782724260209
REQUEST		UC08_POST_/send-to-bank/{fflId}	1782724260000	1782724260205	OK	 
REQUEST	LoginWeb	decrypt	1782724260298	1782724260376	OK	 
GROUP	LoginWeb	1782724253503	1782724260377	1820	OK
ERROR	UC01_POST_/file-upload: Failed to build request: No attribute named 'requestId' is defined 	1782724260377
ERROR	UC02_POST_/send-to-bank: Failed to build request: No attribute named 'requestId' is defined 	1782724260377
REQUEST		UC08_POST_/send-to-bank/{fflId}	1782724260202	1782724260401	OK	 
REQUEST	LoginWeb	create	1782724259609	1782724260472	OK	 
REQUEST		UC03_GET_/params	1782724260098	1782724260495	OK	 
ERROR	UC04_POST_/delete-file: Failed to build request: No attribute named 'pprbId' is defined 	1782724260496
REQUEST		UC08_POST_/send-to-bank/{fflId}	1782724260408	1782724260599	OK	 
REQUEST	LoginWeb	decrypt	1782724260516	1782724260599	OK	 
GROUP	LoginWeb	1782724253795	1782724260602	1920	OK
ERROR	UC01_POST_/file-upload: Failed to build request: No attribute named 'requestId' is defined 	1782724260603
ERROR	UC02_POST_/send-to-bank: Failed to build request: No attribute named 'requestId' is defined 	1782724260603
REQUEST	LoginWeb	decrypt	1782724260610	1782724260685	OK	 
GROUP	LoginWeb	1782724253898	1782724260686	1943	OK
ERROR	UC01_POST_/file-upload: Failed to build request: No attribute named 'requestId' is defined 	1782724260686
ERROR	UC02_POST_/send-to-bank: Failed to build request: No attribute named 'requestId' is defined 	1782724260686
REQUEST		UC12_GET_/rehabilitation	1782724260704	1782724261028	OK	 
REQUEST		UC09_GET_/requests-and-inform	1782724260811	1782724261073	OK	 
REQUEST		UC05_GET_/download/{fileid}	1782724260878	1782724261081	OK	 
ERROR	UC06_GET_/detail-with-attachments/{fflId}: Failed to build request: No attribute named 'fflId' is defined 	1782724261098
REQUEST	LoginWeb	decrypt	1782724261202	1782724261290	OK	 
GROUP	LoginWeb	1782724254286	1782724261292	1926	OK
ERROR	UC01_POST_/file-upload: Failed to build request: No attribute named 'requestId' is defined 	1782724261292
ERROR	UC02_POST_/send-to-bank: Failed to build request: No attribute named 'requestId' is defined 	1782724261292
REQUEST		UC09_GET_/requests-and-inform	1782724261098	1782724261324	OK	 
REQUEST		UC03_GET_/params	1782724260999	1782724261378	OK	 
ERROR	UC04_POST_/delete-file: Failed to build request: No attribute named 'pprbId' is defined 	1782724261379
REQUEST		UC05_GET_/download/{fileid}	1782724261302	1782724261517	OK	 
ERROR	UC06_GET_/detail-with-attachments/{fflId}: Failed to build request: No attribute named 'fflId' is defined 	1782724261518
REQUEST		UC09_GET_/requests-and-inform	1782724261405	1782724261645	OK	 
REQUEST		UC03_GET_/params	1782724261499	1782724261877	OK	 
ERROR	UC04_POST_/delete-file: Failed to build request: No attribute named 'pprbId' is defined 	1782724261878
REQUEST		UC13_GET_/unread-tabs	1782724261702	1782724261921	OK	 
REQUEST		UC03_GET_/params	1782724261598	1782724261967	OK	 
ERROR	UC04_POST_/delete-file: Failed to build request: No attribute named 'pprbId' is defined 	1782724261969
REQUEST		UC10_POST_/mop-1-0	1782724261796	1782724262109	OK	 
REQUEST		UC07_POST_/inform-list	1782724261890	1782724262182	OK	 
REQUEST		UC10_POST_/mop-1-0	1782724262109	1782724262363	OK	 
REQUEST		UC03_GET_/params	1782724262015	1782724262397	OK	 
ERROR	UC04_POST_/delete-file: Failed to build request: No attribute named 'pprbId' is defined 	1782724262398
REQUEST		UC05_GET_/download/{fileid}	1782724262219	1782724262399	OK	 
ERROR	UC06_GET_/detail-with-attachments/{fflId}: Failed to build request: No attribute named 'fflId' is defined 	1782724262402
REQUEST		UC07_POST_/inform-list	1782724262313	1782724262608	OK	 
REQUEST		UC10_POST_/mop-1-0	1782724262408	1782724262664	OK	 
REQUEST		UC05_GET_/download/{fileid}	1782724262514	1782724262713	OK	 
ERROR	UC06_GET_/detail-with-attachments/{fflId}: Failed to build request: No attribute named 'fflId' is defined 	1782724262714
REQUEST		UC14_POST_/detail	1782724262608	1782724262789	OK	 
REQUEST		UC05_GET_/download/{fileid}	1782724262718	1782724262914	OK	 
ERROR	UC06_GET_/detail-with-attachments/{fflId}: Failed to build request: No attribute named 'fflId' is defined 	1782724262915
REQUEST		UC08_POST_/send-to-bank/{fflId}	1782724262890	1782724263083	OK	 
REQUEST		UC11_POST_/online-control	1782724262798	1782724263087	OK	 
REQUEST		UC11_POST_/online-control	1782724263015	1782724263262	OK	 
REQUEST		UC05_GET_/download/{fileid}	1782724263109	1782724263305	OK	 
ERROR	UC06_GET_/detail-with-attachments/{fflId}: Failed to build request: No attribute named 'fflId' is defined 	1782724263307
REQUEST		UC07_POST_/inform-list	1782724263208	1782724263486	OK	 
REQUEST		UC08_POST_/send-to-bank/{fflId}	1782724263313	1782724263512	OK	 
REQUEST		UC11_POST_/online-control	1782724263409	1782724263664	OK	 
REQUEST		UC07_POST_/inform-list	1782724263515	1782724263783	OK	 
REQUEST		UC15_POST_/callback	1782724263609	1782724263819	OK	 
REQUEST		UC07_POST_/inform-list	1782724263718	1782724264002	OK	 
REQUEST		UC09_GET_/requests-and-inform	1782724263812	1782724264069	OK	 
REQUEST		UC12_GET_/rehabilitation	1782724263890	1782724264210	OK	 
REQUEST		UC12_GET_/rehabilitation	1782724264015	1782724264327	OK	 
REQUEST		UC08_POST_/send-to-bank/{fflId}	1782724264218	1782724264415	OK	 
REQUEST		UC07_POST_/inform-list	1782724264109	1782724264416	OK	 
REQUEST		UC09_GET_/requests-and-inform	1782724264313	1782724264577	OK	 
REQUEST		UC12_GET_/rehabilitation	1782724264408	1782724264691	OK	 
REQUEST		UC08_POST_/send-to-bank/{fflId}	1782724264515	1782724264699	OK	 
REQUEST		UC16_PUT_/callback	1782724264608	1782724264768	OK	 
REQUEST		UC08_POST_/send-to-bank/{fflId}	1782724264718	1782724264923	OK	 
REQUEST		UC10_POST_/mop-1-0	1782724264798	1782724265069	OK	 
REQUEST		UC13_GET_/unread-tabs	1782724264890	1782724265103	OK	 
REQUEST		UC13_GET_/unread-tabs	1782724265009	1782724265178	OK	 
REQUEST		UC09_GET_/requests-and-inform	1782724265109	1782724265358	OK	 
REQUEST		UC08_POST_/send-to-bank/{fflId}	1782724265218	1782724265435	OK	 
REQUEST		UC13_GET_/unread-tabs	1782724265408	1782724265588	OK	 
REQUEST		UC10_POST_/mop-1-0	1782724265312	1782724265613	OK	 
REQUEST		UC09_GET_/requests-and-inform	1782724265517	1782724265767	OK	 
REQUEST		UC17_DELETE_/callback?taskId={taskIdCB}	1782724265608	1782724265829	OK	 
REQUEST		UC09_GET_/requests-and-inform	1782724265717	1782724266035	OK	 
REQUEST		UC11_POST_/online-control	1782724265811	1782724266050	OK	 
REQUEST		UC14_POST_/detail	1782724265889	1782724266076	OK	 
REQUEST		UC14_POST_/detail	1782724266014	1782724266183	OK	 
REQUEST		UC10_POST_/mop-1-0	1782724266109	1782724266362	OK	 
REQUEST		UC09_GET_/requests-and-inform	1782724266218	1782724266474	OK	 
REQUEST		UC14_POST_/detail	1782724266313	1782724266486	OK	 
REQUEST		UC11_POST_/online-control	1782724266408	1782724266685	OK	 
REQUEST		UC10_POST_/mop-1-0	1782724266516	1782724266769	OK	 
REQUEST		UC18_GET_/compliance-helper	1782724266625	1782724266813	OK	 
REQUEST		UC10_POST_/mop-1-0	1782724266708	1782724266976	OK	 
REQUEST		UC12_GET_/rehabilitation	1782724266828	1782724267101	OK	 
REQUEST		UC15_POST_/callback	1782724266891	1782724267110	OK	 
REQUEST		UC15_POST_/callback	1782724267016	1782724267215	OK	 
REQUEST		UC11_POST_/online-control	1782724267110	1782724267393	OK	 
REQUEST		UC15_POST_/callback	1782724267312	1782724267497	OK	 
REQUEST		UC10_POST_/mop-1-0	1782724267217	1782724267531	OK	 
REQUEST		UC12_GET_/rehabilitation	1782724267408	1782724267742	OK	 
REQUEST		UC11_POST_/online-control	1782724267515	1782724267772	OK	 
REQUEST		UC19_GET_/activation	1782724267609	1782724267784	OK	 
REQUEST		UC11_POST_/online-control	1782724267718	1782724267981	OK	 
REQUEST		UC13_GET_/unread-tabs	1782724267812	1782724268004	OK	 
REQUEST		UC16_PUT_/callback	1782724267890	1782724268064	OK	 
REQUEST		UC16_PUT_/callback	1782724268015	1782724268154	OK	 
REQUEST		UC16_PUT_/callback	1782724268218	1782724268369	OK	 
REQUEST		UC12_GET_/rehabilitation	1782724268109	1782724268410	OK	 
REQUEST		UC11_POST_/online-control	1782724268313	1782724268596	OK	 
REQUEST		UC13_GET_/unread-tabs	1782724268408	1782724268625	OK	 
REQUEST		UC20_GET_/change-tariff	1782724268610	1782724268773	OK	 
REQUEST		UC12_GET_/rehabilitation	1782724268516	1782724268805	OK	 
REQUEST		UC14_POST_/detail	1782724268812	1782724268969	OK	 
REQUEST		UC12_GET_/rehabilitation	1782724268709	1782724269012	OK	 
REQUEST		UC17_DELETE_/callback?taskId={taskIdCB}	1782724268878	1782724269089	OK	 
REQUEST		UC17_DELETE_/callback?taskId={taskIdCB}	1782724268999	1782724269192	OK	 
REQUEST		UC17_DELETE_/callback?taskId={taskIdCB}	1782724269098	1782724269277	OK	 
REQUEST		UC13_GET_/unread-tabs	1782724269203	1782724269393	OK	 
REQUEST		UC14_POST_/detail	1782724269406	1782724269570	OK	 
REQUEST		UC12_GET_/rehabilitation	1782724269298	1782724269627	OK	 
REQUEST		UC21_GET_/user-permissions	1782724269500	1782724269656	OK	 
REQUEST		UC13_GET_/unread-tabs	1782724269598	1782724269780	OK	 
REQUEST		UC15_POST_/callback	1782724269703	1782724269891	OK	 
REQUEST		UC13_GET_/unread-tabs	1782724269798	1782724269983	OK	 
REQUEST		UC18_GET_/compliance-helper	1782724269888	1782724270057	OK	 
REQUEST		UC18_GET_/compliance-helper	1782724269999	1782724270159	OK	 
REQUEST		UC18_GET_/compliance-helper	1782724270108	1782724270275	OK	 
REQUEST		UC14_POST_/detail	1782724270202	1782724270350	OK	 
REQUEST		UC15_POST_/callback	1782724270301	1782724270512	OK	 
REQUEST		UC13_GET_/unread-tabs	1782724270405	1782724270610	OK	 
REQUEST		UC14_POST_/detail	1782724270608	1782724270764	OK	 
REQUEST		UC22_GET_/print-form	1782724270499	1782724270811	OK	 
REQUEST		UC16_PUT_/callback	1782724270702	1782724270849	OK	 
REQUEST		UC14_POST_/detail	1782724270798	1782724270957	OK	 
REQUEST		UC19_GET_/activation	1782724270878	1782724271053	OK	 
REQUEST		UC19_GET_/activation	1782724270998	1782724271135	OK	 
REQUEST		UC19_GET_/activation	1782724271098	1782724271257	OK	 
REQUEST		UC15_POST_/callback	1782724271202	1782724271403	OK	 
REQUEST		UC16_PUT_/callback	1782724271298	1782724271435	OK	 
REQUEST		UC14_POST_/detail	1782724271405	1782724271585	OK	 
REQUEST		UC15_POST_/callback	1782724271499	1782724271697	OK	 
REQUEST		UC17_DELETE_/callback?taskId={taskIdCB}	1782724271702	1782724271893	OK	 
REQUEST		UC23_GET_/rejections	1782724271592	1782724271976	OK	 
REQUEST		UC15_POST_/callback	1782724271798	1782724272000	OK	 
REQUEST		UC20_GET_/change-tariff	1782724271889	1782724272067	OK	 
REQUEST		UC20_GET_/change-tariff	1782724272014	1782724272163	OK	 
REQUEST		UC20_GET_/change-tariff	1782724272109	1782724272257	OK	 
REQUEST		UC16_PUT_/callback	1782724272219	1782724272381	OK	 
REQUEST		UC17_DELETE_/callback?taskId={taskIdCB}	1782724272313	1782724272503	OK	 
REQUEST		UC15_POST_/callback	1782724272408	1782724272626	OK	 
REQUEST		UC16_PUT_/callback	1782724272514	1782724272658	OK	 
REQUEST		UC18_GET_/compliance-helper	1782724272608	1782724272782	OK	 
REQUEST		UC16_PUT_/callback	1782724272811	1782724272960	OK	 
REQUEST		UC24_GET_/rejection/{operationId}	1782724272718	1782724273017	OK	 
REQUEST		UC21_GET_/user-permissions	1782724272889	1782724273045	OK	 
REQUEST		UC21_GET_/user-permissions	1782724273014	1782724273160	OK	 
REQUEST		UC21_GET_/user-permissions	1782724273109	1782724273248	OK	 
REQUEST		UC17_DELETE_/callback?taskId={taskIdCB}	1782724273218	1782724273404	OK	 
REQUEST		UC18_GET_/compliance-helper	1782724273313	1782724273492	OK	 
REQUEST		UC16_PUT_/callback	1782724273412	1782724273580	OK	 
REQUEST		UC17_DELETE_/callback?taskId={taskIdCB}	1782724273515	1782724273714	OK	 
REQUEST		UC19_GET_/activation	1782724273608	1782724273770	OK	 
REQUEST		UC17_DELETE_/callback?taskId={taskIdCB}	1782724273718	1782724273923	OK	 
REQUEST		UC25_GET_/active-switchers	1782724273812	1782724273995	OK	 
REQUEST		UC22_GET_/print-form	1782724273890	1782724274271	OK	 
REQUEST		UC22_GET_/print-form	1782724274010	1782724274360	OK	 
REQUEST		UC18_GET_/compliance-helper	1782724274218	1782724274410	OK	 
REQUEST		UC22_GET_/print-form	1782724274109	1782724274446	OK	 
REQUEST		UC19_GET_/activation	1782724274313	1782724274465	OK	 
REQUEST		UC17_DELETE_/callback?taskId={taskIdCB}	1782724274408	1782724274617	OK	 
REQUEST		UC18_GET_/compliance-helper	1782724274516	1782724274680	OK	 
REQUEST		UC20_GET_/change-tariff	1782724274609	1782724274753	OK	 
REQUEST		UC18_GET_/compliance-helper	1782724274718	1782724274883	OK	 
REQUEST		UC26_GET_/system-parameters	1782724274812	1782724274978	OK	 
REQUEST		UC19_GET_/activation	1782724275108	1782724275250	OK	 
REQUEST		UC23_GET_/rejections	1782724274890	1782724275289	OK	 
REQUEST		UC23_GET_/rejections	1782724275015	1782724275346	OK	 
REQUEST		UC20_GET_/change-tariff	1782724275327	1782724275467	OK	 
REQUEST		UC18_GET_/compliance-helper	1782724275421	1782724275577	OK	 
REQUEST		UC23_GET_/rejections	1782724275233	1782724275589	OK	 
REQUEST		UC19_GET_/activation	1782724275515	1782724275675	OK	 
REQUEST		UC21_GET_/user-permissions	1782724275624	1782724275768	OK	 
REQUEST		UC19_GET_/activation	1782724275717	1782724275867	OK	 
REQUEST		UC27_GET_/organization	1782724275811	1782724275988	OK	 
REQUEST		UC20_GET_/change-tariff	1782724275889	1782724276044	OK	 
REQUEST		UC24_GET_/rejection/{operationId}	1782724276014	1782724276305	OK	 
REQUEST		UC21_GET_/user-permissions	1782724276218	1782724276369	OK	 
REQUEST		UC24_GET_/rejection/{operationId}	1782724276109	1782724276374	OK	 
REQUEST		UC19_GET_/activation	1782724276313	1782724276471	OK	 
REQUEST		UC20_GET_/change-tariff	1782724276516	1782724276659	OK	 
REQUEST		UC24_GET_/rejection/{operationId}	1782724276408	1782724276680	OK	 
REQUEST		UC20_GET_/change-tariff	1782724276718	1782724276869	OK	 
REQUEST		UC22_GET_/print-form	1782724276609	1782724276909	OK	 
REQUEST		UC28_GET_/compliance-profile/mtb	1782724276812	1782724276988	OK	 
REQUEST		UC21_GET_/user-permissions	1782724276890	1782724277044	OK	 
REQUEST		UC25_GET_/active-switchers	1782724277015	1782724277191	OK	 
REQUEST		UC25_GET_/active-switchers	1782724277218	1782724277372	OK	 
REQUEST		UC22_GET_/print-form	1782724277109	1782724277428	OK	 
REQUEST		UC20_GET_/change-tariff	1782724277312	1782724277469	OK	 
REQUEST		UC21_GET_/user-permissions	1782724277408	1782724277561	OK	 
REQUEST		UC25_GET_/active-switchers	1782724277515	1782724277686	OK	 
REQUEST		UC21_GET_/user-permissions	1782724277609	1782724277754	OK	 
REQUEST		UC29_GET_/dopInfo	1782724277813	1782724277972	OK	 
REQUEST		UC23_GET_/rejections	1782724277713	1782724278028	OK	 
REQUEST		UC26_GET_/system-parameters	1782724278016	1782724278185	OK	 
REQUEST		UC22_GET_/print-form	1782724277891	1782724278222	OK	 
REQUEST		UC26_GET_/system-parameters	1782724278111	1782724278270	OK	 
REQUEST		UC21_GET_/user-permissions	1782724278312	1782724278470	OK	 
REQUEST		UC23_GET_/rejections	1782724278208	1782724278625	OK	 
REQUEST		UC26_GET_/system-parameters	1782724278515	1782724278675	OK	 
REQUEST		UC22_GET_/print-form	1782724278408	1782724278762	OK	 
REQUEST		UC30_GET_/counterparties	1782724278708	1782724278869	OK	 
REQUEST		UC22_GET_/print-form	1782724278609	1782724278918	OK	 
REQUEST		UC27_GET_/organization	1782724278890	1782724279044	OK	 
REQUEST		UC24_GET_/rejection/{operationId}	1782724278811	1782724279071	OK	 
REQUEST		UC27_GET_/organization	1782724279108	1782724279263	OK	 
REQUEST		UC23_GET_/rejections	1782724279015	1782724279346	OK	 
REQUEST		UC22_GET_/print-form	1782724279218	1782724279533	OK	 
REQUEST		UC24_GET_/rejection/{operationId}	1782724279309	1782724279572	OK	 
REQUEST		UC27_GET_/organization	1782724279408	1782724279585	OK	 
REQUEST		UC31_GET_/compliance-profile/contacts	1782724279608	1782724279780	OK	 
REQUEST		UC23_GET_/rejections	1782724279514	1782724279860	OK	 
REQUEST		UC28_GET_/compliance-profile/mtb	1782724279801	1782724279962	OK	 
REQUEST		UC23_GET_/rejections	1782724279702	1782724280040	OK	 
REQUEST		UC25_GET_/active-switchers	1782724279895	1782724280070	OK	 
REQUEST		UC28_GET_/compliance-profile/mtb	1782724280003	1782724280163	OK	 
REQUEST		UC24_GET_/rejection/{operationId}	1782724280109	1782724280372	OK	 
REQUEST		UC25_GET_/active-switchers	1782724280298	1782724280454	OK	 
REQUEST		UC28_GET_/compliance-profile/mtb	1782724280405	1782724280566	OK	 
REQUEST		UC23_GET_/rejections	1782724280203	1782724280571	OK	 
REQUEST		UC32_GET_/compliance-profile	1782724280498	1782724280643	OK	 
REQUEST		UC24_GET_/rejection/{operationId}	1782724280608	1782724280881	OK	 
REQUEST		UC29_GET_/dopInfo	1782724280717	1782724280892	OK	 
REQUEST		UC26_GET_/system-parameters	1782724280873	1782724281052	OK	 
REQUEST		UC24_GET_/rejection/{operationId}	1782724280811	1782724281073	OK	 
REQUEST		UC29_GET_/dopInfo	1782724280984	1782724281136	OK	 
REQUEST		UC25_GET_/active-switchers	1782724281078	1782724281238	OK	 
REQUEST		UC26_GET_/system-parameters	1782724281187	1782724281360	OK	 
REQUEST		UC29_GET_/dopInfo	1782724281281	1782724281442	OK	 
REQUEST		UC33_GET_/detail	1782724281484	1782724281688	OK	 
REQUEST		UC24_GET_/rejection/{operationId}	1782724281378	1782724281688	OK	 
REQUEST		UC25_GET_/active-switchers	1782724281598	1782724281776	OK	 
REQUEST		UC30_GET_/counterparties	1782724281688	1782724281853	OK	 
REQUEST		UC27_GET_/organization	1782724281797	1782724281959	OK	 
REQUEST		UC25_GET_/active-switchers	1782724281875	1782724282043	OK	 
REQUEST		UC30_GET_/counterparties	1782724281983	1782724282127	OK	 
REQUEST		UC26_GET_/system-parameters	1782724282078	1782724282245	OK	 
REQUEST		UC27_GET_/organization	1782724282187	1782724282345	OK	 
REQUEST		UC30_GET_/counterparties	1782724282280	1782724282439	OK	 
REQUEST		UC34_DELETE_/alert	1782724282378	1782724282592	OK	 
REQUEST		UC25_GET_/active-switchers	1782724282479	1782724282655	OK	 
REQUEST		UC26_GET_/system-parameters	1782724282578	1782724282747	OK	 
REQUEST		UC31_GET_/compliance-profile/contacts	1782724282686	1782724282851	OK	 
REQUEST		UC28_GET_/compliance-profile/mtb	1782724282811	1782724282964	OK	 
REQUEST		UC26_GET_/system-parameters	1782724282873	1782724283055	OK	 
REQUEST		UC31_GET_/compliance-profile/contacts	1782724282983	1782724283138	OK	 
REQUEST		UC27_GET_/organization	1782724283078	1782724283259	OK	 
REQUEST		UC28_GET_/compliance-profile/mtb	1782724283187	1782724283334	OK	 
REQUEST		UC31_GET_/compliance-profile/contacts	1782724283281	1782724283432	OK	 
REQUEST		UC35_POST_/organization	1782724283378	1782724283586	OK	 
REQUEST		UC26_GET_/system-parameters	1782724283484	1782724283659	OK	 
REQUEST		UC27_GET_/organization	1782724283578	1782724283735	OK	 
REQUEST		UC32_GET_/compliance-profile	1782724283686	1782724283852	OK	 
REQUEST		UC29_GET_/dopInfo	1782724283780	1782724283951	OK	 
REQUEST		UC27_GET_/organization	1782724283874	1782724284048	OK	 
REQUEST		UC32_GET_/compliance-profile	1782724283983	1782724284134	OK	 
REQUEST		UC28_GET_/compliance-profile/mtb	1782724284082	1782724284238	OK	 
REQUEST		UC29_GET_/dopInfo	1782724284186	1782724284348	OK	 
REQUEST		UC32_GET_/compliance-profile	1782724284280	1782724284437	OK	 
REQUEST		UC36_POST_/mtb	1782724284378	1782724284571	OK	 
REQUEST		UC27_GET_/organization	1782724284484	1782724284651	OK	 
REQUEST		UC28_GET_/compliance-profile/mtb	1782724284578	1782724284756	OK	 
REQUEST		UC33_GET_/detail	1782724284686	1782724284893	OK	 
REQUEST		UC30_GET_/counterparties	1782724284798	1782724284959	OK	 
REQUEST		UC28_GET_/compliance-profile/mtb	1782724284873	1782724285090	OK	 
REQUEST		UC33_GET_/detail	1782724284983	1782724285173	OK	 
REQUEST		UC29_GET_/dopInfo	1782724285078	1782724285238	OK	 
REQUEST		UC30_GET_/counterparties	1782724285187	1782724285336	OK	 
REQUEST		UC33_GET_/detail	1782724285280	1782724285459	OK	 
REQUEST		UC37_POST_/dopInfo	1782724285378	1782724285566	OK	 
REQUEST		UC28_GET_/compliance-profile/mtb	1782724285484	1782724285666	OK	 
REQUEST		UC29_GET_/dopInfo	1782724285578	1782724285747	OK	 
REQUEST		UC34_DELETE_/alert	1782724285702	1782724285903	OK	 
REQUEST		UC31_GET_/compliance-profile/contacts	1782724285796	1782724285943	OK	 
REQUEST		UC29_GET_/dopInfo	1782724285875	1782724286032	OK	 
REQUEST		UC34_DELETE_/alert	1782724285984	1782724286176	OK	 
REQUEST		UC30_GET_/counterparties	1782724286078	1782724286237	OK	 
REQUEST		UC31_GET_/compliance-profile/contacts	1782724286187	1782724286350	OK	 
REQUEST		UC34_DELETE_/alert	1782724286280	1782724286472	OK	 
REQUEST		UC38_POST_/counterparties	1782724286384	1782724286567	OK	 
REQUEST		UC29_GET_/dopInfo	1782724286478	1782724286640	OK	 
REQUEST		UC30_GET_/counterparties	1782724286587	1782724286746	OK	 
REQUEST		UC35_POST_/organization	1782724286697	1782724286901	OK	 
REQUEST		UC32_GET_/compliance-profile	1782724286798	1782724286962	OK	 
REQUEST		UC30_GET_/counterparties	1782724286883	1782724287032	OK	 
REQUEST		UC35_POST_/organization	1782724286992	1782724287183	OK	 
REQUEST		UC31_GET_/compliance-profile/contacts	1782724287088	1782724287237	OK	 
REQUEST		UC32_GET_/compliance-profile	1782724287196	1782724287349	OK	 
REQUEST		UC35_POST_/organization	1782724287296	1782724287498	OK	 
REQUEST		UC39_POST_/contacts	1782724287390	1782724287595	OK	 
REQUEST		UC30_GET_/counterparties	1782724287488	1782724287668	OK	 
REQUEST		UC31_GET_/compliance-profile/contacts	1782724287593	1782724287747	OK	 
REQUEST		UC36_POST_/mtb	1782724287718	1782724287917	OK	 
REQUEST		UC33_GET_/detail	1782724287802	1782724287979	OK	 
REQUEST		UC31_GET_/compliance-profile/contacts	1782724287878	1782724288046	OK	 
REQUEST		UC36_POST_/mtb	1782724287999	1782724288196	OK	 
REQUEST		UC32_GET_/compliance-profile	1782724288098	1782724288270	OK	 
REQUEST		UC33_GET_/detail	1782724288203	1782724288406	OK	 
REQUEST		UC36_POST_/mtb	1782724288298	1782724288500	OK	 
REQUEST		UC40_GET_/mop2/{fflId}	1782724288405	1782724288644	OK	 
REQUEST		UC31_GET_/compliance-profile/contacts	1782724288498	1782724288650	OK	 
REQUEST		UC32_GET_/compliance-profile	1782724288608	1782724288772	OK	 
REQUEST		UC37_POST_/dopInfo	1782724288688	1782724288892	OK	 
REQUEST		UC34_DELETE_/alert	1782724288795	1782724288975	OK	 
REQUEST		UC32_GET_/compliance-profile	1782724288889	1782724289040	OK	 
REQUEST		UC37_POST_/dopInfo	1782724289014	1782724289200	OK	 
REQUEST		UC33_GET_/detail	1782724289108	1782724289316	OK	 
REQUEST		UC34_DELETE_/alert	1782724289218	1782724289416	OK	 
REQUEST		UC37_POST_/dopInfo	1782724289312	1782724289505	OK	 
REQUEST		UC41_GET_/onboarding/{fflId}	1782724289408	1782724289597	OK	 
USER	EFSFinmonWebDebug	END	1782724289602
USER	EFSFinmonWebDebug	START	1782724289602
REQUEST		UC32_GET_/compliance-profile	1782724289515	1782724289672	OK	 
REQUEST		UC33_GET_/detail	1782724289608	1782724289783	OK	 
REQUEST		UC38_POST_/counterparties	1782724289715	1782724289921	OK	 
REQUEST		UC35_POST_/organization	1782724289809	1782724289991	OK	 
REQUEST		UC33_GET_/detail	1782724289898	1782724290103	OK	 
REQUEST		UC38_POST_/counterparties	1782724290018	1782724290197	OK	 
REQUEST		UC34_DELETE_/alert	1782724290124	1782724290307	OK	 
REQUEST		UC35_POST_/organization	1782724290218	1782724290420	OK	 
REQUEST		UC38_POST_/counterparties	1782724290328	1782724290524	OK	 
REQUEST	LoginWeb	first_login	1782724290422	1782724290588	OK	 
REQUEST		UC33_GET_/detail	1782724290518	1782724290703	OK	 
REQUEST		UC34_DELETE_/alert	1782724290624	1782724290818	OK	 
REQUEST		UC39_POST_/contacts	1782724290718	1782724290936	OK	 
REQUEST		UC36_POST_/mtb	1782724290819	1782724291022	OK	 
REQUEST		UC34_DELETE_/alert	1782724290897	1782724291096	OK	 
REQUEST		UC39_POST_/contacts	1782724290999	1782724291211	OK	 
REQUEST		UC35_POST_/organization	1782724291098	1782724291297	OK	 
REQUEST		UC36_POST_/mtb	1782724291202	1782724291392	OK	 
REQUEST		UC39_POST_/contacts	1782724291305	1782724291499	OK	 
REQUEST	LoginWeb	settingsLogin	1782724291399	1782724291579	OK	 
REQUEST		UC34_DELETE_/alert	1782724291498	1782724291687	OK	 
REQUEST		UC35_POST_/organization	1782724291608	1782724291807	OK	 
REQUEST		UC40_GET_/mop2/{fflId}	1782724291717	1782724291969	OK	 
REQUEST		UC37_POST_/dopInfo	1782724291827	1782724292032	OK	 
REQUEST		UC35_POST_/organization	1782724291874	1782724292080	OK	 
REQUEST		UC40_GET_/mop2/{fflId}	1782724291983	1782724292197	OK	 
REQUEST		UC36_POST_/mtb	1782724292078	1782724292291	OK	 
REQUEST		UC37_POST_/dopInfo	1782724292187	1782724292398	OK	 
REQUEST		UC40_GET_/mop2/{fflId}	1782724292281	1782724292502	OK	 
REQUEST	LoginWeb	newsLogin	1782724292378	1782724292576	OK	 
REQUEST		UC35_POST_/organization	1782724292484	1782724292683	OK	 
REQUEST		UC36_POST_/mtb	1782724292593	1782724292778	OK	 
REQUEST		UC41_GET_/onboarding/{fflId}	1782724292702	1782724292899	OK	 
USER	EFSFinmonWebDebug	END	1782724292902
USER	EFSFinmonWebDebug	START	1782724292902
REQUEST		UC38_POST_/counterparties	1782724292798	1782724293000	OK	 
REQUEST		UC36_POST_/mtb	1782724292874	1782724293058	OK	 
REQUEST		UC41_GET_/onboarding/{fflId}	1782724292983	1782724293178	OK	 
USER	EFSFinmonWebDebug	END	1782724293181
USER	EFSFinmonWebDebug	START	1782724293182
REQUEST		UC37_POST_/dopInfo	1782724293078	1782724293266	OK	 
REQUEST		UC38_POST_/counterparties	1782724293187	1782724293384	OK	 
REQUEST		UC41_GET_/onboarding/{fflId}	1782724293281	1782724293459	OK	 
USER	EFSFinmonWebDebug	END	1782724293464
USER	EFSFinmonWebDebug	START	1782724293465
REQUEST	LoginWeb	preLogin	1782724293378	1782724293585	OK	 
REQUEST		UC36_POST_/mtb	1782724293483	1782724293691	OK	 
REQUEST		UC37_POST_/dopInfo	1782724293578	1782724293762	OK	 
REQUEST	LoginWeb	first_login	1782724293688	1782724293865	OK	 
REQUEST		UC39_POST_/contacts	1782724293798	1782724293977	OK	 
REQUEST		UC37_POST_/dopInfo	1782724293874	1782724294066	OK	 
REQUEST	LoginWeb	first_login	1782724293983	1782724294143	OK	 
REQUEST		UC38_POST_/counterparties	1782724294078	1782724294265	OK	 
REQUEST		UC39_POST_/contacts	1782724294187	1782724294390	OK	 
REQUEST	LoginWeb	first_login	1782724294281	1782724294455	OK	 
REQUEST	LoginWeb	login	1782724294378	1782724294639	OK	 
REQUEST		UC37_POST_/dopInfo	1782724294485	1782724294702	OK	 
REQUEST		UC38_POST_/counterparties	1782724294579	1782724294780	OK	 
REQUEST	LoginWeb	settingsLogin	1782724294679	1782724294870	OK	 
REQUEST		UC40_GET_/mop2/{fflId}	1782724294796	1782724295008	OK	 
REQUEST		UC38_POST_/counterparties	1782724294874	1782724295071	OK	 
REQUEST	LoginWeb	settingsLogin	1782724294984	1782724295174	OK	 
REQUEST		UC39_POST_/contacts	1782724295078	1782724295273	OK	 
REQUEST		UC40_GET_/mop2/{fflId}	1782724295187	1782724295410	OK	 
REQUEST	LoginWeb	settingsLogin	1782724295281	1782724295466	OK	 
REQUEST		UC38_POST_/counterparties	1782724295485	1782724295713	OK	 
REQUEST		UC39_POST_/contacts	1782724295578	1782724295780	OK	 
REQUEST	LoginWeb	newsLogin	1782724295688	1782724295894	OK	 
REQUEST		UC41_GET_/onboarding/{fflId}	1782724295798	1782724295985	OK	 
USER	EFSFinmonWebDebug	END	1782724295989
USER	EFSFinmonWebDebug	START	1782724295989
REQUEST		UC39_POST_/contacts	1782724295875	1782724296058	OK	 
REQUEST	LoginWeb	newsLogin	1782724295984	1782724296159	OK	 
REQUEST	LoginWeb	create	1782724295378	1782724296197	OK	 
REQUEST		UC40_GET_/mop2/{fflId}	1782724296078	1782724296306	OK	 
REQUEST		UC41_GET_/onboarding/{fflId}	1782724296188	1782724296370	OK	 
USER	EFSFinmonWebDebug	END	1782724296375
USER	EFSFinmonWebDebug	START	1782724296375
REQUEST	LoginWeb	newsLogin	1782724296296	1782724296477	OK	 
REQUEST		UC39_POST_/contacts	1782724296378	1782724296646	OK	 
REQUEST		UC40_GET_/mop2/{fflId}	1782724296484	1782724296706	OK	 
REQUEST	LoginWeb	preLogin	1782724296593	1782724296832	OK	 
REQUEST	LoginWeb	first_login	1782724296702	1782724296868	OK	 
REQUEST		UC40_GET_/mop2/{fflId}	1782724296791	1782724297028	OK	 
REQUEST	LoginWeb	decrypt	1782724296984	1782724297066	OK	 
GROUP	LoginWeb	1782724289603	1782724297068	1913	OK
ERROR	UC01_POST_/file-upload: Failed to build request: No attribute named 'requestId' is defined 	1782724297068
ERROR	UC02_POST_/send-to-bank: Failed to build request: No attribute named 'requestId' is defined 	1782724297068
REQUEST	LoginWeb	preLogin	1782724296874	1782724297097	OK	 
REQUEST		UC41_GET_/onboarding/{fflId}	1782724297078	1782724297274	OK	 
USER	EFSFinmonWebDebug	END	1782724297277
USER	EFSFinmonWebDebug	START	1782724297277
REQUEST	LoginWeb	first_login	1782724297187	1782724297366	OK	 
REQUEST	LoginWeb	preLogin	1782724297281	1782724297517	OK	 
REQUEST		UC40_GET_/mop2/{fflId}	1782724297378	1782724297637	OK	 
REQUEST		UC41_GET_/onboarding/{fflId}	1782724297484	1782724297668	OK	 
USER	EFSFinmonWebDebug	END	1782724297672
USER	EFSFinmonWebDebug	START	1782724297672
REQUEST	LoginWeb	login	1782724297578	1782724297813	OK	 
REQUEST	LoginWeb	settingsLogin	1782724297688	1782724297843	OK	 
REQUEST		UC41_GET_/onboarding/{fflId}	1782724297798	1782724297988	OK	 
USER	EFSFinmonWebDebug	END	1782724297993
USER	EFSFinmonWebDebug	START	1782724297993
REQUEST		UC03_GET_/params	1782724297868	1782724298229	OK	 
ERROR	UC04_POST_/delete-file: Failed to build request: No attribute named 'pprbId' is defined 	1782724298230
REQUEST	LoginWeb	login	1782724297999	1782724298233	OK	 
REQUEST	LoginWeb	first_login	1782724298098	1782724298257	OK	 
REQUEST	LoginWeb	settingsLogin	1782724298203	1782724298391	OK	 
REQUEST	LoginWeb	login	1782724298298	1782724298537	OK	 
REQUEST		UC41_GET_/onboarding/{fflId}	1782724298398	1782724298598	OK	 
USER	EFSFinmonWebDebug	END	1782724298601
USER	EFSFinmonWebDebug	START	1782724298602
REQUEST	LoginWeb	first_login	1782724298499	1782724298680	OK	 
REQUEST	LoginWeb	newsLogin	1782724298702	1782724298887	OK	 
REQUEST		UC05_GET_/download/{fileid}	1782724298905	1782724299111	OK	 
ERROR	UC06_GET_/detail-with-attachments/{fflId}: Failed to build request: No attribute named 'fflId' is defined 	1782724299112
REQUEST	LoginWeb	settingsLogin	1782724299108	1782724299261	OK	 
REQUEST	LoginWeb	newsLogin	1782724299218	1782724299429	OK	 
REQUEST	LoginWeb	create	1782724298608	1782724299467	OK	 
REQUEST	LoginWeb	first_login	1782724299408	1782724299577	OK	 
REQUEST	LoginWeb	settingsLogin	1782724299515	1782724299786	OK	 
REQUEST	LoginWeb	first_login	1782724298795	1782724299821	OK	 
REQUEST	LoginWeb	preLogin	1782724299608	1782724299831	OK	 
REQUEST	LoginWeb	create	1782724299014	1782724299838	OK	 
REQUEST	LoginWeb	newsLogin	1782724299821	1782724300018	OK	 
REQUEST		UC07_POST_/inform-list	1782724299728	1782724300023	OK	 
REQUEST	LoginWeb	decrypt	1782724299988	1782724300074	OK	 
GROUP	LoginWeb	1782724292902	1782724300076	1993	OK
ERROR	UC01_POST_/file-upload: Failed to build request: No attribute named 'requestId' is defined 	1782724300076
ERROR	UC02_POST_/send-to-bank: Failed to build request: No attribute named 'requestId' is defined 	1782724300076
REQUEST	LoginWeb	create	1782724299312	1782724300103	OK	 
REQUEST	LoginWeb	preLogin	1782724299874	1782724300109	OK	 
REQUEST	LoginWeb	settingsLogin	1782724300092	1782724300263	OK	 
REQUEST	LoginWeb	newsLogin	1782724300188	1782724300404	OK	 
REQUEST	LoginWeb	settingsLogin	1782724300296	1782724300472	OK	 
REQUEST	LoginWeb	decrypt	1782724300488	1782724300570	OK	 
GROUP	LoginWeb	1782724293182	1782724300571	1888	OK
ERROR	UC01_POST_/file-upload: Failed to build request: No attribute named 'requestId' is defined 	1782724300571
ERROR	UC02_POST_/send-to-bank: Failed to build request: No attribute named 'requestId' is defined 	1782724300572
REQUEST	LoginWeb	login	1782724300390	1782724300639	OK	 
REQUEST	LoginWeb	preLogin	1782724300594	1782724300813	OK	 
REQUEST		UC08_POST_/send-to-bank/{fflId}	1782724300688	1782724300894	OK	 
REQUEST	LoginWeb	decrypt	1782724300878	1782724300961	OK	 
GROUP	LoginWeb	1782724293465	1782724300962	1889	OK
ERROR	UC01_POST_/file-upload: Failed to build request: No attribute named 'requestId' is defined 	1782724300962
ERROR	UC02_POST_/send-to-bank: Failed to build request: No attribute named 'requestId' is defined 	1782724300962
REQUEST		UC03_GET_/params	1782724300797	1782724301180	OK	 
ERROR	UC04_POST_/delete-file: Failed to build request: No attribute named 'pprbId' is defined 	1782724301182
REQUEST	LoginWeb	login	1782724301000	1782724301265	OK	 
REQUEST	LoginWeb	newsLogin	1782724301098	1782724301283	OK	 
REQUEST	LoginWeb	newsLogin	1782724301298	1782724301505	OK	 
REQUEST		UC03_GET_/params	1782724301406	1782724301790	OK	 
ERROR	UC04_POST_/delete-file: Failed to build request: No attribute named 'pprbId' is defined 	1782724301792
REQUEST	LoginWeb	login	1782724301598	1782724301845	OK	 
REQUEST		UC09_GET_/requests-and-inform	1782724301703	1782724301963	OK	 
REQUEST	LoginWeb	preLogin	1782724301202	1782724301986	OK	 
REQUEST		UC05_GET_/download/{fileid}	1782724301890	1782724302089	OK	 
ERROR	UC06_GET_/detail-with-attachments/{fflId}: Failed to build request: No attribute named 'fflId' is defined 	1782724302090
REQUEST		UC03_GET_/params	1782724301798	1782724302154	OK	 
ERROR	UC04_POST_/delete-file: Failed to build request: No attribute named 'pprbId' is defined 	1782724302155
REQUEST	LoginWeb	create	1782724301500	1782724302261	OK	 
REQUEST	LoginWeb	preLogin	1782724302124	1782724302365	OK	 
REQUEST	LoginWeb	preLogin	1782724302218	1782724302425	OK	 
REQUEST		UC05_GET_/download/{fileid}	1782724302313	1782724302518	OK	 
ERROR	UC06_GET_/detail-with-attachments/{fflId}: Failed to build request: No attribute named 'fflId' is defined 	1782724302519
REQUEST		UC10_POST_/mop-1-0	1782724302501	1782724302755	OK	 
REQUEST	LoginWeb	login	1782724302621	1782724302866	OK	 
REQUEST	LoginWeb	create	1782724302015	1782724302872	OK	 
REQUEST	LoginWeb	decrypt	1782724302889	1782724302965	OK	 
GROUP	LoginWeb	1782724295990	1782724302966	1815	OK
ERROR	UC01_POST_/file-upload: Failed to build request: No attribute named 'requestId' is defined 	1782724302966
ERROR	UC02_POST_/send-to-bank: Failed to build request: No attribute named 'requestId' is defined 	1782724302966
REQUEST		UC05_GET_/download/{fileid}	1782724302798	1782724302987	OK	 
ERROR	UC06_GET_/detail-with-attachments/{fflId}: Failed to build request: No attribute named 'fflId' is defined 	1782724302988
REQUEST		UC07_POST_/inform-list	1782724302718	1782724303013	OK	 
REQUEST	LoginWeb	create	1782724302408	1782724303245	OK	 
REQUEST	LoginWeb	login	1782724303015	1782724303284	OK	 
REQUEST	LoginWeb	login	1782724303108	1782724303372	OK	 
REQUEST		UC07_POST_/inform-list	1782724303218	1782724303527	OK	 
REQUEST		UC11_POST_/online-control	1782724303312	1782724303563	OK	 
REQUEST	LoginWeb	decrypt	1782724303514	1782724303589	OK	 
GROUP	LoginWeb	1782724296375	1782724303590	2010	OK
ERROR	UC01_POST_/file-upload: Failed to build request: No attribute named 'requestId' is defined 	1782724303590
ERROR	UC02_POST_/send-to-bank: Failed to build request: No attribute named 'requestId' is defined 	1782724303590
REQUEST	LoginWeb	decrypt	1782724303889	1782724303964	OK	 
GROUP	LoginWeb	1782724297278	1782724303965	1887	OK
ERROR	UC01_POST_/file-upload: Failed to build request: No attribute named 'requestId' is defined 	1782724303965
ERROR	UC02_POST_/send-to-bank: Failed to build request: No attribute named 'requestId' is defined 	1782724303965
REQUEST		UC03_GET_/params	1782724303608	1782724303980	OK	 
ERROR	UC04_POST_/delete-file: Failed to build request: No attribute named 'pprbId' is defined 	1782724303981
REQUEST		UC07_POST_/inform-list	1782724303718	1782724304020	OK	 
REQUEST		UC08_POST_/send-to-bank/{fflId}	1782724303811	1782724304024	OK	 
REQUEST	LoginWeb	create	1782724303408	1782724304207	OK	 
REQUEST		UC08_POST_/send-to-bank/{fflId}	1782724304213	1782724304399	OK	 
REQUEST		UC12_GET_/rehabilitation	1782724304312	1782724304616	OK	 
REQUEST		UC03_GET_/params	1782724304408	1782724304784	OK	 
ERROR	UC04_POST_/delete-file: Failed to build request: No attribute named 'pprbId' is defined 	1782724304785
REQUEST		UC05_GET_/download/{fileid}	1782724304598	1782724304803	OK	 
ERROR	UC06_GET_/detail-with-attachments/{fflId}: Failed to build request: No attribute named 'fflId' is defined 	1782724304804
REQUEST	LoginWeb	create	1782724304014	1782724304847	OK	 
REQUEST		UC03_GET_/params	1782724304500	1782724304850	OK	 
ERROR	UC04_POST_/delete-file: Failed to build request: No attribute named 'pprbId' is defined 	1782724304854
REQUEST		UC08_POST_/send-to-bank/{fflId}	1782724304718	1782724304934	OK	 
REQUEST	LoginWeb	create	1782724304108	1782724304949	OK	 
REQUEST	LoginWeb	decrypt	1782724304890	1782724304970	OK	 
GROUP	LoginWeb	1782724297672	1782724304971	2576	OK
ERROR	UC01_POST_/file-upload: Failed to build request: No attribute named 'requestId' is defined 	1782724304971
ERROR	UC02_POST_/send-to-bank: Failed to build request: No attribute named 'requestId' is defined 	1782724304971
REQUEST		UC09_GET_/requests-and-inform	1782724304812	1782724305076	OK	 
REQUEST		UC09_GET_/requests-and-inform	1782724305015	1782724305262	OK	 
REQUEST		UC13_GET_/unread-tabs	1782724305109	1782724305313	OK	 
REQUEST		UC05_GET_/download/{fileid}	1782724305208	1782724305411	OK	 
ERROR	UC06_GET_/detail-with-attachments/{fflId}: Failed to build request: No attribute named 'fflId' is defined 	1782724305412
REQUEST	LoginWeb	decrypt	1782724305408	1782724305489	OK	 
GROUP	LoginWeb	1782724298602	1782724305491	1949	OK
ERROR	UC01_POST_/file-upload: Failed to build request: No attribute named 'requestId' is defined 	1782724305491
ERROR	UC02_POST_/send-to-bank: Failed to build request: No attribute named 'requestId' is defined 	1782724305491
REQUEST		UC07_POST_/inform-list	1782724305312	1782724305624	OK	 
REQUEST		UC05_GET_/download/{fileid}	1782724305515	1782724305718	OK	 
ERROR	UC06_GET_/detail-with-attachments/{fflId}: Failed to build request: No attribute named 'fflId' is defined 	1782724305719
REQUEST	LoginWeb	decrypt	1782724305702	1782724305782	OK	 
GROUP	LoginWeb	1782724297994	1782724305783	2801	OK
ERROR	UC01_POST_/file-upload: Failed to build request: No attribute named 'requestId' is defined 	1782724305783
ERROR	UC02_POST_/send-to-bank: Failed to build request: No attribute named 'requestId' is defined 	1782724305784
REQUEST		UC09_GET_/requests-and-inform	1782724305598	1782724305851	OK	 
REQUEST		UC10_POST_/mop-1-0	1782724305890	1782724306162	OK	 
REQUEST		UC03_GET_/params	1782724305808	1782724306163	OK	 
ERROR	UC04_POST_/delete-file: Failed to build request: No attribute named 'pprbId' is defined 	1782724306177
REQUEST		UC14_POST_/detail	1782724306110	1782724306266	OK	 
REQUEST		UC10_POST_/mop-1-0	1782724306015	1782724306312	OK	 
REQUEST		UC07_POST_/inform-list	1782724306208	1782724306513	OK	 
REQUEST		UC08_POST_/send-to-bank/{fflId}	1782724306408	1782724306624	OK	 
REQUEST		UC03_GET_/params	1782724306314	1782724306664	OK	 
ERROR	UC04_POST_/delete-file: Failed to build request: No attribute named 'pprbId' is defined 	1782724306666
REQUEST		UC07_POST_/inform-list	1782724306515	1782724306811	OK	 
REQUEST		UC03_GET_/params	1782724306609	1782724306971	OK	 
ERROR	UC04_POST_/delete-file: Failed to build request: No attribute named 'pprbId' is defined 	1782724306972
REQUEST		UC10_POST_/mop-1-0	1782724306718	1782724307006	OK	 
REQUEST		UC11_POST_/online-control	1782724306827	1782724307083	OK	 
REQUEST		UC05_GET_/download/{fileid}	1782724306905	1782724307089	OK	 
ERROR	UC06_GET_/detail-with-attachments/{fflId}: Failed to build request: No attribute named 'fflId' is defined 	1782724307099
REQUEST		UC15_POST_/callback	1782724307015	1782724307211	OK	 
REQUEST		UC11_POST_/online-control	1782724307109	1782724307365	OK	 
REQUEST		UC08_POST_/send-to-bank/{fflId}	1782724307208	1782724307411	OK	 
REQUEST		UC09_GET_/requests-and-inform	1782724307314	1782724307570	OK	 
REQUEST		UC05_GET_/download/{fileid}	1782724307421	1782724307601	OK	 
ERROR	UC06_GET_/detail-with-attachments/{fflId}: Failed to build request: No attribute named 'fflId' is defined 	1782724307602
REQUEST		UC08_POST_/send-to-bank/{fflId}	1782724307515	1782724307708	OK	 
REQUEST		UC05_GET_/download/{fileid}	1782724307628	1782724307805	OK	 
ERROR	UC06_GET_/detail-with-attachments/{fflId}: Failed to build request: No attribute named 'fflId' is defined 	1782724307806
REQUEST		UC11_POST_/online-control	1782724307734	1782724308000	OK	 
REQUEST		UC12_GET_/rehabilitation	1782724307812	1782724308097	OK	 
REQUEST		UC16_PUT_/callback	1782724307983	1782724308149	OK	 
REQUEST		UC07_POST_/inform-list	1782724307877	1782724308151	OK	 
REQUEST		UC12_GET_/rehabilitation	1782724308078	1782724308392	OK	 
REQUEST		UC09_GET_/requests-and-inform	1782724308187	1782724308452	OK	 
REQUEST		UC10_POST_/mop-1-0	1782724308281	1782724308564	OK	 
REQUEST		UC07_POST_/inform-list	1782724308378	1782724308660	OK	 
REQUEST		UC09_GET_/requests-and-inform	1782724308483	1782724308719	OK	 
REQUEST		UC07_POST_/inform-list	1782724308578	1782724308866	OK	 
REQUEST		UC13_GET_/unread-tabs	1782724308796	1782724308987	OK	 
REQUEST		UC12_GET_/rehabilitation	1782724308688	1782724309018	OK	 
REQUEST		UC17_DELETE_/callback?taskId={taskIdCB}	1782724308874	1782724309058	OK	 
REQUEST		UC08_POST_/send-to-bank/{fflId}	1782724308978	1782724309174	OK	 
REQUEST		UC13_GET_/unread-tabs	1782724309078	1782724309260	OK	 
REQUEST		UC10_POST_/mop-1-0	1782724309187	1782724309490	OK	 
REQUEST		UC11_POST_/online-control	1782724309281	1782724309571	OK	 
REQUEST		UC08_POST_/send-to-bank/{fflId}	1782724309378	1782724309584	OK	 
REQUEST		UC10_POST_/mop-1-0	1782724309485	1782724309778	OK	 
REQUEST		UC08_POST_/send-to-bank/{fflId}	1782724309598	1782724309807	OK	 
REQUEST		UC14_POST_/detail	1782724309702	1782724309875	OK	 
REQUEST		UC13_GET_/unread-tabs	1782724309788	1782724309970	OK	 
REQUEST		UC18_GET_/compliance-helper	1782724309877	1782724310030	OK	 
REQUEST		UC09_GET_/requests-and-inform	1782724309984	1782724310232	OK	 
REQUEST		UC14_POST_/detail	1782724310092	1782724310248	OK	 
REQUEST		UC11_POST_/online-control	1782724310186	1782724310472	OK	 
REQUEST		UC12_GET_/rehabilitation	1782724310280	1782724310586	OK	 
REQUEST		UC09_GET_/requests-and-inform	1782724310378	1782724310627	OK	 
REQUEST		UC11_POST_/online-control	1782724310484	1782724310748	OK	 
REQUEST		UC09_GET_/requests-and-inform	1782724310583	1782724310838	OK	 
REQUEST		UC15_POST_/callback	1782724310688	1782724310884	OK	 
REQUEST		UC14_POST_/detail	1782724310796	1782724310949	OK	 
REQUEST		UC19_GET_/activation	1782724310874	1782724311021	OK	 
REQUEST		UC10_POST_/mop-1-0	1782724310984	1782724311266	OK	 
REQUEST		UC15_POST_/callback	1782724311078	1782724311276	OK	 
REQUEST		UC13_GET_/unread-tabs	1782724311280	1782724311486	OK	 
REQUEST		UC12_GET_/rehabilitation	1782724311186	1782724311510	OK	 
REQUEST		UC10_POST_/mop-1-0	1782724311378	1782724311649	OK	 
REQUEST		UC12_GET_/rehabilitation	1782724311484	1782724311803	OK	 
REQUEST		UC16_PUT_/callback	1782724311688	1782724311833	OK	 
REQUEST		UC10_POST_/mop-1-0	1782724311578	1782724311841	OK	 
REQUEST		UC15_POST_/callback	1782724311812	1782724312018	OK	 
REQUEST		UC20_GET_/change-tariff	1782724311875	1782724312032	OK	 
REQUEST		UC11_POST_/online-control	1782724311978	1782724312227	OK	 
REQUEST		UC16_PUT_/callback	1782724312087	1782724312234	OK	 
REQUEST		UC14_POST_/detail	1782724312186	1782724312355	OK	 
REQUEST		UC13_GET_/unread-tabs	1782724312280	1782724312499	OK	 
REQUEST		UC11_POST_/online-control	1782724312378	1782724312653	OK	 
REQUEST		UC13_GET_/unread-tabs	1782724312484	1782724312667	OK	 
REQUEST		UC17_DELETE_/callback?taskId={taskIdCB}	1782724312578	1782724312794	OK	 
REQUEST		UC11_POST_/online-control	1782724312687	1782724312928	OK	 
REQUEST		UC16_PUT_/callback	1782724312796	1782724312941	OK	 
REQUEST		UC21_GET_/user-permissions	1782724312874	1782724313016	OK	 
REQUEST		UC17_DELETE_/callback?taskId={taskIdCB}	1782724313078	1782724313274	OK	 
REQUEST		UC12_GET_/rehabilitation	1782724312984	1782724313280	OK	 
REQUEST		UC15_POST_/callback	1782724313187	1782724313389	OK	 
REQUEST		UC14_POST_/detail	1782724313281	1782724313460	OK	 
REQUEST		UC14_POST_/detail	1782724313478	1782724313648	OK	 
REQUEST		UC12_GET_/rehabilitation	1782724313378	1782724313679	OK	 
REQUEST		UC18_GET_/compliance-helper	1782724313578	1782724313750	OK	 
REQUEST		UC17_DELETE_/callback?taskId={taskIdCB}	1782724313798	1782724313986	OK	 
REQUEST		UC12_GET_/rehabilitation	1782724313702	1782724314002	OK	 
REQUEST		UC18_GET_/compliance-helper	1782724313984	1782724314145	OK	 
REQUEST		UC22_GET_/print-form	1782724313874	1782724314256	OK	 
REQUEST		UC13_GET_/unread-tabs	1782724314078	1782724314276	OK	 
REQUEST		UC16_PUT_/callback	1782724314187	1782724314333	OK	 
REQUEST		UC15_POST_/callback	1782724314281	1782724314487	OK	 
REQUEST		UC15_POST_/callback	1782724314378	1782724314579	OK	 
REQUEST		UC13_GET_/unread-tabs	1782724314483	1782724314684	OK	 
REQUEST		UC19_GET_/activation	1782724314578	1782724314726	OK	 
REQUEST		UC18_GET_/compliance-helper	1782724314686	1782724314849	OK	 
REQUEST		UC13_GET_/unread-tabs	1782724314798	1782724314984	OK	 
REQUEST		UC19_GET_/activation	1782724314874	1782724315036	OK	 
REQUEST		UC14_POST_/detail	1782724315078	1782724315246	OK	 
REQUEST		UC23_GET_/rejections	1782724314983	1782724315318	OK	 
REQUEST		UC17_DELETE_/callback?taskId={taskIdCB}	1782724315187	1782724315403	OK	 
REQUEST		UC16_PUT_/callback	1782724315281	1782724315439	OK	 
REQUEST		UC16_PUT_/callback	1782724315378	1782724315518	OK	 
REQUEST		UC14_POST_/detail	1782724315479	1782724315652	OK	 
REQUEST		UC20_GET_/change-tariff	1782724315578	1782724315748	OK	 
REQUEST		UC19_GET_/activation	1782724315682	1782724315838	OK	 
REQUEST		UC14_POST_/detail	1782724315784	1782724315949	OK	 
REQUEST		UC20_GET_/change-tariff	1782724315873	1782724316033	OK	 
REQUEST		UC15_POST_/callback	1782724315983	1782724316175	OK	 
REQUEST		UC24_GET_/rejection/{operationId}	1782724316078	1782724316348	OK	 
REQUEST		UC18_GET_/compliance-helper	1782724316187	1782724316362	OK	 
REQUEST		UC17_DELETE_/callback?taskId={taskIdCB}	1782724316281	1782724316470	OK	 
REQUEST		UC17_DELETE_/callback?taskId={taskIdCB}	1782724316385	1782724316596	OK	 
REQUEST		UC15_POST_/callback	1782724316484	1782724316671	OK	 
REQUEST		UC21_GET_/user-permissions	1782724316578	1782724316736	OK	 
REQUEST		UC20_GET_/change-tariff	1782724316687	1782724316833	OK	 
REQUEST		UC15_POST_/callback	1782724316798	1782724317009	OK	 
REQUEST		UC21_GET_/user-permissions	1782724316878	1782724317019	OK	 
REQUEST		UC16_PUT_/callback	1782724317000	1782724317155	OK	 
REQUEST		UC25_GET_/active-switchers	1782724317098	1782724317259	OK	 
REQUEST		UC19_GET_/activation	1782724317203	1782724317360	OK	 
REQUEST		UC18_GET_/compliance-helper	1782724317298	1782724317454	OK	 
REQUEST		UC18_GET_/compliance-helper	1782724317407	1782724317571	OK	 
REQUEST		UC16_PUT_/callback	1782724317500	1782724317653	OK	 
REQUEST		UC21_GET_/user-permissions	1782724317703	1782724317851	OK	 
REQUEST		UC16_PUT_/callback	1782724317797	1782724317950	OK	 
REQUEST		UC22_GET_/print-form	1782724317598	1782724317970	OK	 
REQUEST		UC17_DELETE_/callback?taskId={taskIdCB}	1782724318008	1782724318211	OK	 
REQUEST		UC22_GET_/print-form	1782724317890	1782724318239	OK	 
REQUEST		UC26_GET_/system-parameters	1782724318109	1782724318258	OK	 
REQUEST		UC20_GET_/change-tariff	1782724318218	1782724318377	OK	 
REQUEST		UC19_GET_/activation	1782724318313	1782724318458	OK	 
REQUEST		UC19_GET_/activation	1782724318408	1782724318559	OK	 
REQUEST		UC17_DELETE_/callback?taskId={taskIdCB}	1782724318516	1782724318706	OK	 
REQUEST		UC17_DELETE_/callback?taskId={taskIdCB}	1782724318702	1782724318878	OK	 
REQUEST		UC22_GET_/print-form	1782724318608	1782724318937	OK	 
REQUEST		UC18_GET_/compliance-helper	1782724318890	1782724319052	OK	 
REQUEST		UC23_GET_/rejections	1782724318798	1782724319108	OK	 
REQUEST		UC27_GET_/organization	1782724319108	1782724319264	OK	 
REQUEST		UC21_GET_/user-permissions	1782724319217	1782724319374	OK	 
REQUEST		UC23_GET_/rejections	1782724319015	1782724319390	OK	 
REQUEST		UC20_GET_/change-tariff	1782724319312	1782724319468	OK	 
REQUEST		UC20_GET_/change-tariff	1782724319408	1782724319571	OK	 
REQUEST		UC18_GET_/compliance-helper	1782724319515	1782724319660	OK	 
REQUEST		UC18_GET_/compliance-helper	1782724319608	1782724319780	OK	 
REQUEST		UC19_GET_/activation	1782724319798	1782724319938	OK	 
REQUEST		UC23_GET_/rejections	1782724319715	1782724320119	OK	 
REQUEST		UC24_GET_/rejection/{operationId}	1782724319882	1782724320136	OK	 
REQUEST		UC28_GET_/compliance-profile/mtb	1782724320003	1782724320174	OK	 
REQUEST		UC22_GET_/print-form	1782724320108	1782724320421	OK	 
REQUEST		UC21_GET_/user-permissions	1782724320298	1782724320463	OK	 
REQUEST		UC24_GET_/rejection/{operationId}	1782724320202	1782724320487	OK	 
REQUEST		UC21_GET_/user-permissions	1782724320406	1782724320560	OK	 
REQUEST		UC19_GET_/activation	1782724320499	1782724320647	OK	 
REQUEST		UC19_GET_/activation	1782724320598	1782724320760	OK	 
REQUEST		UC20_GET_/change-tariff	1782724320717	1782724320866	OK	 
REQUEST		UC25_GET_/active-switchers	1782724320889	1782724321055	OK	 
REQUEST		UC24_GET_/rejection/{operationId}	1782724320798	1782724321082	OK	 
REQUEST		UC29_GET_/dopInfo	1782724321014	1782724321167	OK	 
REQUEST		UC25_GET_/active-switchers	1782724321308	1782724321480	OK	 
REQUEST		UC23_GET_/rejections	1782724321108	1782724321537	OK	 
REQUEST		UC22_GET_/print-form	1782724321218	1782724321574	OK	 
REQUEST		UC20_GET_/change-tariff	1782724321510	1782724321651	OK	 
REQUEST		UC20_GET_/change-tariff	1782724321608	1782724321749	OK	 
REQUEST		UC22_GET_/print-form	1782724321416	1782724321765	OK	 
REQUEST		UC21_GET_/user-permissions	1782724321708	1782724321871	OK	 
REQUEST		UC26_GET_/system-parameters	1782724321810	1782724321986	OK	 
REQUEST		UC25_GET_/active-switchers	1782724321888	1782724322061	OK	 
REQUEST		UC30_GET_/counterparties	1782724322013	1782724322179	OK	 
REQUEST		UC26_GET_/system-parameters	1782724322108	1782724322278	OK	 
REQUEST		UC24_GET_/rejection/{operationId}	1782724322217	1782724322493	OK	 
REQUEST		UC21_GET_/user-permissions	1782724322408	1782724322554	OK	 
REQUEST		UC21_GET_/user-permissions	1782724322516	1782724322661	OK	 
REQUEST		UC23_GET_/rejections	1782724322312	1782724322724	OK	 
REQUEST		UC27_GET_/organization	1782724322812	1782724322977	OK	 
REQUEST		UC23_GET_/rejections	1782724322598	1782724323040	OK	 
REQUEST		UC26_GET_/system-parameters	1782724322890	1782724323057	OK	 
REQUEST		UC22_GET_/print-form	1782724322708	1782724323061	OK	 
REQUEST		UC31_GET_/compliance-profile/contacts	1782724323015	1782724323160	OK	 
REQUEST		UC27_GET_/organization	1782724323109	1782724323285	OK	 
REQUEST		UC25_GET_/active-switchers	1782724323208	1782724323379	OK	 
REQUEST		UC22_GET_/print-form	1782724323327	1782724323680	OK	 
REQUEST		UC22_GET_/print-form	1782724323408	1782724323731	OK	 
REQUEST		UC28_GET_/compliance-profile/mtb	1782724323608	1782724323765	OK	 
REQUEST		UC24_GET_/rejection/{operationId}	1782724323514	1782724323852	OK	 
REQUEST		UC27_GET_/organization	1782724323811	1782724323971	OK	 
REQUEST		UC24_GET_/rejection/{operationId}	1782724323718	1782724324007	OK	 
REQUEST		UC32_GET_/compliance-profile	1782724324015	1782724324181	OK	 
REQUEST		UC23_GET_/rejections	1782724323890	1782724324235	OK	 
REQUEST		UC28_GET_/compliance-profile/mtb	1782724324109	1782724324255	OK	 
REQUEST		UC26_GET_/system-parameters	1782724324208	1782724324379	OK	 
REQUEST		UC29_GET_/dopInfo	1782724324499	1782724324656	OK	 
REQUEST		UC23_GET_/rejections	1782724324318	1782724324667	OK	 
REQUEST		UC23_GET_/rejections	1782724324408	1782724324724	OK	 
REQUEST		UC25_GET_/active-switchers	1782724324608	1782724324763	OK	 
REQUEST		UC28_GET_/compliance-profile/mtb	1782724324702	1782724324875	OK	 
REQUEST		UC25_GET_/active-switchers	1782724324812	1782724324965	OK	 
REQUEST		UC33_GET_/detail	1782724324878	1782724325066	OK	 
REQUEST		UC29_GET_/dopInfo	1782724325094	1782724325248	OK	 
REQUEST		UC24_GET_/rejection/{operationId}	1782724324988	1782724325261	OK	 
REQUEST		UC27_GET_/organization	1782724325188	1782724325358	OK	 
REQUEST		UC30_GET_/counterparties	1782724325297	1782724325462	OK	 
REQUEST		UC24_GET_/rejection/{operationId}	1782724325391	1782724325648	OK	 
REQUEST		UC26_GET_/system-parameters	1782724325592	1782724325744	OK	 
REQUEST		UC24_GET_/rejection/{operationId}	1782724325488	1782724325746	OK	 
REQUEST		UC29_GET_/dopInfo	1782724325688	1782724325849	OK	 
REQUEST		UC26_GET_/system-parameters	1782724325798	1782724325953	OK	 
REQUEST		UC34_DELETE_/alert	1782724325878	1782724326067	OK	 
REQUEST		UC30_GET_/counterparties	1782724325999	1782724326156	OK	 
REQUEST		UC25_GET_/active-switchers	1782724326098	1782724326267	OK	 
REQUEST		UC28_GET_/compliance-profile/mtb	1782724326202	1782724326379	OK	 
REQUEST		UC31_GET_/compliance-profile/contacts	1782724326298	1782724326451	OK	 
REQUEST		UC25_GET_/active-switchers	1782724326410	1782724326583	OK	 
REQUEST		UC27_GET_/organization	1782724326500	1782724326660	OK	 
REQUEST		UC25_GET_/active-switchers	1782724326598	1782724326774	OK	 
REQUEST		UC30_GET_/counterparties	1782724326702	1782724326898	OK	 
REQUEST		UC27_GET_/organization	1782724326798	1782724326968	OK	 
REQUEST		UC35_POST_/organization	1782724326890	1782724327101	OK	 
REQUEST		UC31_GET_/compliance-profile/contacts	1782724327009	1782724327155	OK	 
REQUEST		UC26_GET_/system-parameters	1782724327109	1782724327289	OK	 
REQUEST		UC29_GET_/dopInfo	1782724327218	1782724327385	OK	 
REQUEST		UC32_GET_/compliance-profile	1782724327313	1782724327490	OK	 
REQUEST		UC26_GET_/system-parameters	1782724327408	1782724327562	OK	 
REQUEST		UC28_GET_/compliance-profile/mtb	1782724327508	1782724327667	OK	 
REQUEST		UC26_GET_/system-parameters	1782724327609	1782724327786	OK	 
REQUEST		UC31_GET_/compliance-profile/contacts	1782724327718	1782724327887	OK	 
REQUEST		UC28_GET_/compliance-profile/mtb	1782724327798	1782724327969	OK	 
REQUEST		UC36_POST_/mtb	1782724327890	1782724328099	OK	 
REQUEST		UC32_GET_/compliance-profile	1782724328009	1782724328156	OK	 
REQUEST		UC27_GET_/organization	1782724328108	1782724328282	OK	 
REQUEST		UC30_GET_/counterparties	1782724328218	1782724328374	OK	 
REQUEST		UC33_GET_/detail	1782724328312	1782724328517	OK	 
REQUEST		UC27_GET_/organization	1782724328408	1782724328561	OK	 
REQUEST		UC29_GET_/dopInfo	1782724328510	1782724328659	OK	 
REQUEST		UC27_GET_/organization	1782724328608	1782724328772	OK	 
REQUEST		UC32_GET_/compliance-profile	1782724328713	1782724328869	OK	 
REQUEST		UC29_GET_/dopInfo	1782724328811	1782724328982	OK	 
REQUEST		UC37_POST_/dopInfo	1782724328889	1782724329092	OK	 
REQUEST		UC33_GET_/detail	1782724329008	1782724329210	OK	 
REQUEST		UC28_GET_/compliance-profile/mtb	1782724329109	1782724329260	OK	 
REQUEST		UC31_GET_/compliance-profile/contacts	1782724329217	1782724329379	OK	 
REQUEST		UC34_DELETE_/alert	1782724329312	1782724329519	OK	 
REQUEST		UC28_GET_/compliance-profile/mtb	1782724329408	1782724329559	OK	 
REQUEST		UC30_GET_/counterparties	1782724329508	1782724329660	OK	 
REQUEST		UC28_GET_/compliance-profile/mtb	1782724329608	1782724329769	OK	 
REQUEST		UC33_GET_/detail	1782724329708	1782724329923	OK	 
REQUEST		UC30_GET_/counterparties	1782724329799	1782724329968	OK	 
REQUEST		UC38_POST_/counterparties	1782724329887	1782724330086	OK	 
REQUEST		UC34_DELETE_/alert	1782724329988	1782724330179	OK	 
REQUEST		UC29_GET_/dopInfo	1782724330092	1782724330258	OK	 
REQUEST		UC32_GET_/compliance-profile	1782724330192	1782724330353	OK	 
REQUEST		UC35_POST_/organization	1782724330296	1782724330510	OK	 
REQUEST		UC29_GET_/dopInfo	1782724330390	1782724330559	OK	 
REQUEST		UC31_GET_/compliance-profile/contacts	1782724330488	1782724330652	OK	 
REQUEST		UC29_GET_/dopInfo	1782724330593	1782724330765	OK	 
REQUEST		UC34_DELETE_/alert	1782724330723	1782724330942	OK	 
REQUEST		UC31_GET_/compliance-profile/contacts	1782724330798	1782724330982	OK	 
REQUEST		UC39_POST_/contacts	1782724330874	1782724331057	OK	 
REQUEST		UC35_POST_/organization	1782724330983	1782724331176	OK	 
REQUEST		UC30_GET_/counterparties	1782724331078	1782724331230	OK	 
REQUEST		UC33_GET_/detail	1782724331187	1782724331398	OK	 
REQUEST		UC36_POST_/mtb	1782724331280	1782724331492	OK	 
REQUEST		UC30_GET_/counterparties	1782724331378	1782724331541	OK	 
REQUEST		UC32_GET_/compliance-profile	1782724331484	1782724331642	OK	 
REQUEST		UC30_GET_/counterparties	1782724331578	1782724331739	OK	 
REQUEST		UC35_POST_/organization	1782724331688	1782724331911	OK	 
REQUEST		UC32_GET_/compliance-profile	1782724331789	1782724331972	OK	 
REQUEST		UC40_GET_/mop2/{fflId}	1782724331874	1782724332110	OK	 
REQUEST		UC36_POST_/mtb	1782724331984	1782724332205	OK	 
REQUEST		UC31_GET_/compliance-profile/contacts	1782724332078	1782724332241	OK	 
REQUEST		UC34_DELETE_/alert	1782724332187	1782724332395	OK	 
REQUEST		UC37_POST_/dopInfo	1782724332281	1782724332481	OK	 
REQUEST		UC31_GET_/compliance-profile/contacts	1782724332378	1782724332528	OK	 
REQUEST		UC33_GET_/detail	1782724332483	1782724332684	OK	 
REQUEST		UC31_GET_/compliance-profile/contacts	1782724332578	1782724332751	OK	 
REQUEST		UC36_POST_/mtb	1782724332702	1782724332931	OK	 
REQUEST		UC33_GET_/detail	1782724332798	1782724332992	OK	 
REQUEST		UC41_GET_/onboarding/{fflId}	1782724332873	1782724333056	OK	 
USER	EFSFinmonWebDebug	END	1782724333059
USER	EFSFinmonWebDebug	START	1782724333060
REQUEST		UC37_POST_/dopInfo	1782724332983	1782724333201	OK	 
REQUEST		UC32_GET_/compliance-profile	1782724333078	1782724333240	OK	 
REQUEST		UC35_POST_/organization	1782724333187	1782724333399	OK	 
REQUEST		UC38_POST_/counterparties	1782724333281	1782724333479	OK	 
REQUEST		UC32_GET_/compliance-profile	1782724333380	1782724333551	OK	 
REQUEST		UC34_DELETE_/alert	1782724333483	1782724333707	OK	 
REQUEST		UC32_GET_/compliance-profile	1782724333578	1782724333747	OK	 
REQUEST		UC37_POST_/dopInfo	1782724333688	1782724333920	OK	 
REQUEST		UC34_DELETE_/alert	1782724333798	1782724334020	OK	 
REQUEST	LoginWeb	first_login	1782724333874	1782724334041	OK	 
REQUEST		UC38_POST_/counterparties	1782724333983	1782724334188	OK	 
REQUEST		UC33_GET_/detail	1782724334079	1782724334279	OK	 
REQUEST		UC36_POST_/mtb	1782724334178	1782724334392	OK	 
REQUEST		UC39_POST_/contacts	1782724334282	1782724334473	OK	 
REQUEST		UC33_GET_/detail	1782724334378	1782724334565	OK	 
REQUEST		UC35_POST_/organization	1782724334483	1782724334693	OK	 
REQUEST		UC33_GET_/detail	1782724334578	1782724334750	OK	 
REQUEST		UC38_POST_/counterparties	1782724334702	1782724334907	OK	 
REQUEST		UC35_POST_/organization	1782724334798	1782724335019	OK	 
REQUEST	LoginWeb	settingsLogin	1782724334874	1782724335082	OK	 
REQUEST		UC39_POST_/contacts	1782724334983	1782724335173	OK	 
REQUEST		UC34_DELETE_/alert	1782724335078	1782724335281	OK	 
REQUEST		UC37_POST_/dopInfo	1782724335187	1782724335399	OK	 
REQUEST		UC40_GET_/mop2/{fflId}	1782724335281	1782724335497	OK	 
REQUEST		UC34_DELETE_/alert	1782724335378	1782724335579	OK	 
REQUEST		UC36_POST_/mtb	1782724335479	1782724335687	OK	 
REQUEST		UC34_DELETE_/alert	1782724335578	1782724335780	OK	 
REQUEST		UC39_POST_/contacts	1782724335702	1782724335900	OK	 
REQUEST		UC36_POST_/mtb	1782724335798	1782724336020	OK	 
REQUEST	LoginWeb	newsLogin	1782724335874	1782724336071	OK	 
REQUEST		UC40_GET_/mop2/{fflId}	1782724335983	1782724336230	OK	 
REQUEST		UC35_POST_/organization	1782724336078	1782724336280	OK	 
REQUEST		UC38_POST_/counterparties	1782724336188	1782724336404	OK	 
REQUEST		UC41_GET_/onboarding/{fflId}	1782724336281	1782724336447	OK	 
USER	EFSFinmonWebDebug	END	1782724336450
USER	EFSFinmonWebDebug	START	1782724336451
REQUEST		UC35_POST_/organization	1782724336378	1782724336580	OK	 
REQUEST		UC37_POST_/dopInfo	1782724336486	1782724336687	OK	 
REQUEST		UC35_POST_/organization	1782724336578	1782724336778	OK	 
REQUEST		UC40_GET_/mop2/{fflId}	1782724336688	1782724336919	OK	 
REQUEST		UC37_POST_/dopInfo	1782724336798	1782724336990	OK	 
REQUEST	LoginWeb	preLogin	1782724336874	1782724337125	OK	 
REQUEST		UC41_GET_/onboarding/{fflId}	1782724336983	1782724337161	OK	 
USER	EFSFinmonWebDebug	END	1782724337164
USER	EFSFinmonWebDebug	START	1782724337164
REQUEST		UC36_POST_/mtb	1782724337082	1782724337283	OK	 
REQUEST		UC39_POST_/contacts	1782724337187	1782724337389	OK	 
REQUEST	LoginWeb	first_login	1782724337281	1782724337545	OK	 
REQUEST		UC36_POST_/mtb	1782724337378	1782724337580	OK	 
REQUEST		UC38_POST_/counterparties	1782724337484	1782724337686	OK	 
REQUEST		UC36_POST_/mtb	1782724337578	1782724337785	OK	 
REQUEST		UC41_GET_/onboarding/{fflId}	1782724337703	1782724337910	OK	 
USER	EFSFinmonWebDebug	END	1782724337914
USER	EFSFinmonWebDebug	START	1782724337915
REQUEST		UC38_POST_/counterparties	1782724337798	1782724338007	OK	 
REQUEST	LoginWeb	login	1782724337875	1782724338116	OK	 
REQUEST	LoginWeb	first_login	1782724337984	1782724338122	OK	 
REQUEST		UC37_POST_/dopInfo	1782724338079	1782724338273	OK	 
REQUEST		UC40_GET_/mop2/{fflId}	1782724338187	1782724338430	OK	 
REQUEST	LoginWeb	settingsLogin	1782724338280	1782724338466	OK	 
REQUEST		UC37_POST_/dopInfo	1782724338378	1782724338576	OK	 
REQUEST		UC39_POST_/contacts	1782724338484	1782724338685	OK	 
REQUEST		UC37_POST_/dopInfo	1782724338578	1782724338758	OK	 
REQUEST	LoginWeb	first_login	1782724338702	1782724338866	OK	 
REQUEST		UC39_POST_/contacts	1782724338803	1782724339004	OK	 
REQUEST	LoginWeb	settingsLogin	1782724338983	1782724339172	OK	 
REQUEST		UC38_POST_/counterparties	1782724339078	1782724339273	OK	 
REQUEST		UC41_GET_/onboarding/{fflId}	1782724339187	1782724339385	OK	 
USER	EFSFinmonWebDebug	END	1782724339390
USER	EFSFinmonWebDebug	START	1782724339390
REQUEST	LoginWeb	newsLogin	1782724339280	1782724339466	OK	 
REQUEST		UC38_POST_/counterparties	1782724339378	1782724339580	OK	 
REQUEST	LoginWeb	create	1782724338874	1782724339649	OK	 
REQUEST		UC40_GET_/mop2/{fflId}	1782724339484	1782724339719	OK	 
REQUEST		UC38_POST_/counterparties	1782724339578	1782724339783	OK	 
REQUEST	LoginWeb	settingsLogin	1782724339687	1782724339872	OK	 
REQUEST		UC40_GET_/mop2/{fflId}	1782724339790	1782724340051	OK	 
REQUEST	LoginWeb	newsLogin	1782724339896	1782724340092	OK	 
REQUEST		UC39_POST_/contacts	1782724340008	1782724340188	OK	 
REQUEST	LoginWeb	first_login	1782724340109	1782724340286	OK	 
REQUEST	LoginWeb	preLogin	1782724340208	1782724340419	OK	 
REQUEST		UC39_POST_/contacts	1782724340312	1782724340489	OK	 
REQUEST	LoginWeb	decrypt	1782724340408	1782724340533	OK	 
GROUP	LoginWeb	1782724333060	1782724340534	1964	OK
ERROR	UC01_POST_/file-upload: Failed to build request: No attribute named 'requestId' is defined 	1782724340534
ERROR	UC02_POST_/send-to-bank: Failed to build request: No attribute named 'requestId' is defined 	1782724340534
REQUEST		UC41_GET_/onboarding/{fflId}	1782724340515	1782724340707	OK	 
USER	EFSFinmonWebDebug	END	1782724340710
USER	EFSFinmonWebDebug	START	1782724340711
REQUEST		UC39_POST_/contacts	1782724340609	1782724340809	OK	 
REQUEST	LoginWeb	newsLogin	1782724340718	1782724340911	OK	 
REQUEST		UC41_GET_/onboarding/{fflId}	1782724340827	1782724341002	OK	 
USER	EFSFinmonWebDebug	END	1782724341008
USER	EFSFinmonWebDebug	START	1782724341008
REQUEST	LoginWeb	preLogin	1782724340874	1782724341093	OK	 
REQUEST		UC40_GET_/mop2/{fflId}	1782724340983	1782724341206	OK	 
REQUEST	LoginWeb	settingsLogin	1782724341078	1782724341285	OK	 
REQUEST	LoginWeb	login	1782724341187	1782724341434	OK	 
REQUEST		UC40_GET_/mop2/{fflId}	1782724341281	1782724341509	OK	 
REQUEST	LoginWeb	first_login	1782724341483	1782724341639	OK	 
REQUEST		UC03_GET_/params	1782724341378	1782724341681	OK	 
ERROR	UC04_POST_/delete-file: Failed to build request: No attribute named 'pprbId' is defined 	1782724341682
REQUEST		UC40_GET_/mop2/{fflId}	1782724341578	1782724341792	OK	 
REQUEST	LoginWeb	preLogin	1782724341702	1782724341946	OK	 
REQUEST	LoginWeb	first_login	1782724341796	1782724341955	OK	 
REQUEST	LoginWeb	login	1782724341874	1782724342137	OK	 
REQUEST		UC41_GET_/onboarding/{fflId}	1782724341983	1782724342159	OK	 
USER	EFSFinmonWebDebug	END	1782724342162
USER	EFSFinmonWebDebug	START	1782724342163
REQUEST	LoginWeb	newsLogin	1782724342078	1782724342251	OK	 
REQUEST		UC41_GET_/onboarding/{fflId}	1782724342281	1782724342452	OK	 
USER	EFSFinmonWebDebug	END	1782724342458
USER	EFSFinmonWebDebug	START	1782724342458
REQUEST	LoginWeb	settingsLogin	1782724342381	1782724342579	OK	 
REQUEST		UC05_GET_/download/{fileid}	1782724342483	1782724342664	OK	 
ERROR	UC06_GET_/detail-with-attachments/{fflId}: Failed to build request: No attribute named 'fflId' is defined 	1782724342665
REQUEST		UC41_GET_/onboarding/{fflId}	1782724342578	1782724342756	OK	 
USER	EFSFinmonWebDebug	END	1782724342761
USER	EFSFinmonWebDebug	START	1782724342761
REQUEST	LoginWeb	create	1782724342187	1782724342943	OK	 
REQUEST	LoginWeb	login	1782724342688	1782724342974	OK	 
REQUEST	LoginWeb	settingsLogin	1782724342798	1782724342990	OK	 
REQUEST	LoginWeb	first_login	1782724342984	1782724343156	OK	 
REQUEST	LoginWeb	preLogin	1782724343078	1782724343296	OK	 
REQUEST	LoginWeb	first_login	1782724343188	1782724343363	OK	 
REQUEST	LoginWeb	newsLogin	1782724343281	1782724343468	OK	 
REQUEST		UC07_POST_/inform-list	1782724343378	1782724343637	OK	 
REQUEST	LoginWeb	first_login	1782724343483	1782724343644	OK	 
REQUEST	LoginWeb	create	1782724342874	1782724343667	OK	 
REQUEST	LoginWeb	decrypt	1782724343593	1782724343677	OK	 
GROUP	LoginWeb	1782724336451	1782724343678	1934	OK
ERROR	UC01_POST_/file-upload: Failed to build request: No attribute named 'requestId' is defined 	1782724343678
ERROR	UC02_POST_/send-to-bank: Failed to build request: No attribute named 'requestId' is defined 	1782724343678
REQUEST	LoginWeb	newsLogin	1782724343798	1782724344000	OK	 
REQUEST	LoginWeb	settingsLogin	1782724343874	1782724344054	OK	 
REQUEST	LoginWeb	login	1782724343983	1782724344246	OK	 
REQUEST	LoginWeb	settingsLogin	1782724344078	1782724344264	OK	 
REQUEST	LoginWeb	preLogin	1782724344187	1782724344408	OK	 
REQUEST	LoginWeb	create	1782724343688	1782724344445	OK	 
REQUEST		UC08_POST_/send-to-bank/{fflId}	1782724344281	1782724344463	OK	 
REQUEST	LoginWeb	settingsLogin	1782724344378	1782724344542	OK	 
REQUEST	LoginWeb	decrypt	1782724344484	1782724344556	OK	 
GROUP	LoginWeb	1782724337164	1782724344557	1870	OK
ERROR	UC01_POST_/file-upload: Failed to build request: No attribute named 'requestId' is defined 	1782724344557
ERROR	UC02_POST_/send-to-bank: Failed to build request: No attribute named 'requestId' is defined 	1782724344557
REQUEST	LoginWeb	preLogin	1782724344702	1782724344929	OK	 
REQUEST		UC03_GET_/params	1782724344578	1782724344979	OK	 
ERROR	UC04_POST_/delete-file: Failed to build request: No attribute named 'pprbId' is defined 	1782724344980
REQUEST	LoginWeb	newsLogin	1782724344796	1782724345014	OK	 
REQUEST	LoginWeb	newsLogin	1782724344983	1782724345167	OK	 
REQUEST	LoginWeb	decrypt	1782724345187	1782724345272	OK	 
GROUP	LoginWeb	1782724337915	1782724345273	1914	OK
ERROR	UC01_POST_/file-upload: Failed to build request: No attribute named 'requestId' is defined 	1782724345273
ERROR	UC02_POST_/send-to-bank: Failed to build request: No attribute named 'requestId' is defined 	1782724345273
REQUEST	LoginWeb	login	1782724345078	1782724345346	OK	 
REQUEST		UC09_GET_/requests-and-inform	1782724345281	1782724345500	OK	 
REQUEST	LoginWeb	newsLogin	1782724345378	1782724345573	OK	 
REQUEST	LoginWeb	create	1782724344874	1782724345670	OK	 
REQUEST		UC03_GET_/params	1782724345485	1782724345796	OK	 
ERROR	UC04_POST_/delete-file: Failed to build request: No attribute named 'pprbId' is defined 	1782724345797
REQUEST	LoginWeb	login	1782724345592	1782724345851	OK	 
REQUEST		UC05_GET_/download/{fileid}	1782724345688	1782724345880	OK	 
ERROR	UC06_GET_/detail-with-attachments/{fflId}: Failed to build request: No attribute named 'fflId' is defined 	1782724345881
REQUEST	LoginWeb	preLogin	1782724345780	1782724345990	OK	 
REQUEST	LoginWeb	preLogin	1782724345874	1782724346110	OK	 
REQUEST		UC03_GET_/params	1782724345983	1782724346355	OK	 
ERROR	UC04_POST_/delete-file: Failed to build request: No attribute named 'pprbId' is defined 	1782724346357
REQUEST		UC10_POST_/mop-1-0	1782724346187	1782724346434	OK	 
REQUEST	LoginWeb	decrypt	1782724346388	1782724346459	OK	 
GROUP	LoginWeb	1782724339390	1782724346461	1905	OK
ERROR	UC01_POST_/file-upload: Failed to build request: No attribute named 'requestId' is defined 	1782724346461
ERROR	UC02_POST_/send-to-bank: Failed to build request: No attribute named 'requestId' is defined 	1782724346461
REQUEST	LoginWeb	preLogin	1782724346281	1782724346506	OK	 
REQUEST		UC05_GET_/download/{fileid}	1782724346482	1782724346667	OK	 
ERROR	UC06_GET_/detail-with-attachments/{fflId}: Failed to build request: No attribute named 'fflId' is defined 	1782724346668
REQUEST	LoginWeb	create	1782724346078	1782724346915	OK	 
REQUEST		UC07_POST_/inform-list	1782724346702	1782724346990	OK	 
REQUEST	LoginWeb	login	1782724346798	1782724347074	OK	 
REQUEST	LoginWeb	login	1782724346875	1782724347150	OK	 
REQUEST		UC05_GET_/download/{fileid}	1782724346984	1782724347172	OK	 
ERROR	UC06_GET_/detail-with-attachments/{fflId}: Failed to build request: No attribute named 'fflId' is defined 	1782724347173
REQUEST		UC11_POST_/online-control	1782724347079	1782724347324	OK	 
REQUEST	LoginWeb	create	1782724346578	1782724347354	OK	 
REQUEST		UC03_GET_/params	1782724347187	1782724347549	OK	 
ERROR	UC04_POST_/delete-file: Failed to build request: No attribute named 'pprbId' is defined 	1782724347550
REQUEST	LoginWeb	login	1782724347281	1782724347562	OK	 
REQUEST	LoginWeb	decrypt	1782724347488	1782724347572	OK	 
GROUP	LoginWeb	1782724340711	1782724347573	1951	OK
ERROR	UC01_POST_/file-upload: Failed to build request: No attribute named 'requestId' is defined 	1782724347573
ERROR	UC02_POST_/send-to-bank: Failed to build request: No attribute named 'requestId' is defined 	1782724347573
REQUEST		UC07_POST_/inform-list	1782724347378	1782724347666	OK	 
REQUEST		UC08_POST_/send-to-bank/{fflId}	1782724347598	1782724347781	OK	 
REQUEST	LoginWeb	decrypt	1782724348078	1782724348153	OK	 
GROUP	LoginWeb	1782724341008	1782724348154	1890	OK
ERROR	UC01_POST_/file-upload: Failed to build request: No attribute named 'requestId' is defined 	1782724348154
ERROR	UC02_POST_/send-to-bank: Failed to build request: No attribute named 'requestId' is defined 	1782724348155
REQUEST		UC07_POST_/inform-list	1782724347874	1782724348161	OK	 
REQUEST		UC12_GET_/rehabilitation	1782724347984	1782724348280	OK	 
REQUEST		UC05_GET_/download/{fileid}	1782724348187	1782724348380	OK	 
ERROR	UC06_GET_/detail-with-attachments/{fflId}: Failed to build request: No attribute named 'fflId' is defined 	1782724348381
REQUEST	LoginWeb	create	1782724347702	1782724348461	OK	 
REQUEST	LoginWeb	create	1782724347798	1782724348619	OK	 
REQUEST		UC08_POST_/send-to-bank/{fflId}	1782724348484	1782724348665	OK	 
REQUEST		UC03_GET_/params	1782724348378	1782724348746	OK	 
ERROR	UC04_POST_/delete-file: Failed to build request: No attribute named 'pprbId' is defined 	1782724348748
REQUEST		UC09_GET_/requests-and-inform	1782724348578	1782724348828	OK	 
REQUEST		UC08_POST_/send-to-bank/{fflId}	1782724348796	1782724348990	OK	 
REQUEST		UC13_GET_/unread-tabs	1782724348874	1782724349056	OK	 
REQUEST		UC03_GET_/params	1782724348687	1782724349067	OK	 
ERROR	UC04_POST_/delete-file: Failed to build request: No attribute named 'pprbId' is defined 	1782724349068
REQUEST	LoginWeb	create	1782724348280	1782724349091	OK	 
REQUEST	LoginWeb	decrypt	1782724349078	1782724349158	OK	 
GROUP	LoginWeb	1782724342163	1782724349160	1895	OK
ERROR	UC01_POST_/file-upload: Failed to build request: No attribute named 'requestId' is defined 	1782724349160
ERROR	UC02_POST_/send-to-bank: Failed to build request: No attribute named 'requestId' is defined 	1782724349160
REQUEST	LoginWeb	decrypt	1782724349187	1782724349263	OK	 
GROUP	LoginWeb	1782724342459	1782724349264	1953	OK
ERROR	UC01_POST_/file-upload: Failed to build request: No attribute named 'requestId' is defined 	1782724349264
ERROR	UC02_POST_/send-to-bank: Failed to build request: No attribute named 'requestId' is defined 	1782724349265
REQUEST		UC07_POST_/inform-list	1782724348983	1782724349269	OK	 
REQUEST		UC09_GET_/requests-and-inform	1782724349296	1782724349530	OK	 
REQUEST		UC05_GET_/download/{fileid}	1782724349378	1782724349565	OK	 
ERROR	UC06_GET_/detail-with-attachments/{fflId}: Failed to build request: No attribute named 'fflId' is defined 	1782724349566
REQUEST		UC10_POST_/mop-1-0	1782724349484	1782724349779	OK	 
REQUEST		UC14_POST_/detail	1782724349688	1782724349834	OK	 
REQUEST		UC09_GET_/requests-and-inform	1782724349598	1782724349867	OK	 
REQUEST	LoginWeb	decrypt	1782724349888	1782724349978	OK	 
GROUP	LoginWeb	1782724342761	1782724349980	1927	OK
ERROR	UC01_POST_/file-upload: Failed to build request: No attribute named 'requestId' is defined 	1782724349980
ERROR	UC02_POST_/send-to-bank: Failed to build request: No attribute named 'requestId' is defined 	1782724349980
REQUEST		UC05_GET_/download/{fileid}	1782724349791	1782724349983	OK	 
ERROR	UC06_GET_/detail-with-attachments/{fflId}: Failed to build request: No attribute named 'fflId' is defined 	1782724349984
REQUEST		UC03_GET_/params	1782724350002	1782724350371	OK	 
ERROR	UC04_POST_/delete-file: Failed to build request: No attribute named 'pprbId' is defined 	1782724350373
REQUEST		UC08_POST_/send-to-bank/{fflId}	1782724350202	1782724350419	OK	 
REQUEST		UC03_GET_/params	1782724350108	1782724350477	OK	 
ERROR	UC04_POST_/delete-file: Failed to build request: No attribute named 'pprbId' is defined 	1782724350478
REQUEST		UC10_POST_/mop-1-0	1782724350298	1782724350566	OK	 
REQUEST		UC07_POST_/inform-list	1782724350405	1782724350698	OK	 
REQUEST		UC11_POST_/online-control	1782724350499	1782724350762	OK	 
REQUEST		UC15_POST_/callback	1782724350598	1782724350794	OK	 
REQUEST		UC10_POST_/mop-1-0	1782724350708	1782724351007	OK	 
REQUEST		UC07_POST_/inform-list	1782724350868	1782724351141	OK	 
REQUEST		UC03_GET_/params	1782724350798	1782724351157	OK	 
ERROR	UC04_POST_/delete-file: Failed to build request: No attribute named 'pprbId' is defined 	1782724351160
REQUEST		UC05_GET_/download/{fileid}	1782724350999	1782724351197	OK	 
ERROR	UC06_GET_/detail-with-attachments/{fflId}: Failed to build request: No attribute named 'fflId' is defined 	1782724351199
REQUEST		UC09_GET_/requests-and-inform	1782724351108	1782724351384	OK	 
REQUEST		UC05_GET_/download/{fileid}	1782724351202	1782724351405	OK	 
ERROR	UC06_GET_/detail-with-attachments/{fflId}: Failed to build request: No attribute named 'fflId' is defined 	1782724351411
REQUEST		UC11_POST_/online-control	1782724351298	1782724351555	OK	 
REQUEST		UC08_POST_/send-to-bank/{fflId}	1782724351399	1782724351584	OK	 
REQUEST		UC16_PUT_/callback	1782724351608	1782724351768	OK	 
REQUEST		UC12_GET_/rehabilitation	1782724351499	1782724351820	OK	 
REQUEST		UC11_POST_/online-control	1782724351688	1782724351971	OK	 
REQUEST		UC08_POST_/send-to-bank/{fflId}	1782724351780	1782724351986	OK	 
REQUEST		UC05_GET_/download/{fileid}	1782724351901	1782724352121	OK	 
ERROR	UC06_GET_/detail-with-attachments/{fflId}: Failed to build request: No attribute named 'fflId' is defined 	1782724352122
REQUEST		UC07_POST_/inform-list	1782724352018	1782724352312	OK	 
REQUEST		UC10_POST_/mop-1-0	1782724352125	1782724352419	OK	 
REQUEST		UC07_POST_/inform-list	1782724352219	1782724352499	OK	 
REQUEST		UC12_GET_/rehabilitation	1782724352324	1782724352616	OK	 
REQUEST		UC09_GET_/requests-and-inform	1782724352418	1782724352654	OK	 
REQUEST		UC17_DELETE_/callback?taskId={taskIdCB}	1782724352518	1782724352703	OK	 
REQUEST		UC13_GET_/unread-tabs	1782724352624	1782724352806	OK	 
REQUEST		UC12_GET_/rehabilitation	1782724352718	1782724353029	OK	 
REQUEST		UC09_GET_/requests-and-inform	1782724352828	1782724353092	OK	 
REQUEST		UC07_POST_/inform-list	1782724352890	1782724353192	OK	 
REQUEST		UC08_POST_/send-to-bank/{fflId}	1782724353015	1782724353222	OK	 
REQUEST		UC11_POST_/online-control	1782724353109	1782724353387	OK	 
REQUEST		UC08_POST_/send-to-bank/{fflId}	1782724353208	1782724353392	OK	 
REQUEST		UC13_GET_/unread-tabs	1782724353313	1782724353478	OK	 
REQUEST		UC18_GET_/compliance-helper	1782724353511	1782724353662	OK	 
REQUEST		UC10_POST_/mop-1-0	1782724353408	1782724353677	OK	 
REQUEST		UC14_POST_/detail	1782724353608	1782724353788	OK	 
REQUEST		UC13_GET_/unread-tabs	1782724353718	1782724353919	OK	 
REQUEST		UC10_POST_/mop-1-0	1782724353811	1782724354057	OK	 
REQUEST		UC08_POST_/send-to-bank/{fflId}	1782724353889	1782724354096	OK	 
REQUEST		UC09_GET_/requests-and-inform	1782724354014	1782724354253	OK	 
REQUEST		UC12_GET_/rehabilitation	1782724354109	1782724354426	OK	 
REQUEST		UC14_POST_/detail	1782724354312	1782724354453	OK	 
REQUEST		UC09_GET_/requests-and-inform	1782724354218	1782724354458	OK	 
REQUEST		UC19_GET_/activation	1782724354408	1782724354551	OK	 
REQUEST		UC11_POST_/online-control	1782724354516	1782724354771	OK	 
REQUEST		UC15_POST_/callback	1782724354608	1782724354809	OK	 
REQUEST		UC14_POST_/detail	1782724354702	1782724354887	OK	 
REQUEST		UC11_POST_/online-control	1782724354812	1782724355073	OK	 
REQUEST		UC09_GET_/requests-and-inform	1782724354890	1782724355162	OK	 
REQUEST		UC10_POST_/mop-1-0	1782724355015	1782724355295	OK	 
REQUEST		UC13_GET_/unread-tabs	1782724355124	1782724355313	OK	 
REQUEST		UC15_POST_/callback	1782724355218	1782724355404	OK	 
REQUEST		UC10_POST_/mop-1-0	1782724355312	1782724355551	OK	 
REQUEST		UC20_GET_/change-tariff	1782724355408	1782724355551	OK	 
REQUEST		UC16_PUT_/callback	1782724355609	1782724355750	OK	 
REQUEST		UC12_GET_/rehabilitation	1782724355515	1782724355796	OK	 
REQUEST		UC15_POST_/callback	1782724355718	1782724355914	OK	 
REQUEST		UC12_GET_/rehabilitation	1782724355811	1782724356086	OK	 
REQUEST		UC10_POST_/mop-1-0	1782724355878	1782724356191	OK	 
REQUEST		UC11_POST_/online-control	1782724355999	1782724356262	OK	 
REQUEST		UC14_POST_/detail	1782724356098	1782724356277	OK	 
REQUEST		UC16_PUT_/callback	1782724356202	1782724356356	OK	 
REQUEST		UC11_POST_/online-control	1782724356298	1782724356544	OK	 
REQUEST		UC21_GET_/user-permissions	1782724356406	1782724356553	OK	 
REQUEST		UC17_DELETE_/callback?taskId={taskIdCB}	1782724356499	1782724356709	OK	 
REQUEST		UC13_GET_/unread-tabs	1782724356598	1782724356797	OK	 
REQUEST		UC16_PUT_/callback	1782724356718	1782724356892	OK	 
REQUEST		UC13_GET_/unread-tabs	1782724356798	1782724356989	OK	 
REQUEST		UC11_POST_/online-control	1782724356890	1782724357189	OK	 
REQUEST		UC15_POST_/callback	1782724357109	1782724357308	OK	 
REQUEST		UC12_GET_/rehabilitation	1782724357015	1782724357325	OK	 
REQUEST		UC17_DELETE_/callback?taskId={taskIdCB}	1782724357208	1782724357416	OK	 
REQUEST		UC12_GET_/rehabilitation	1782724357312	1782724357597	OK	 
REQUEST		UC18_GET_/compliance-helper	1782724357516	1782724357689	OK	 
REQUEST		UC22_GET_/print-form	1782724357408	1782724357758	OK	 
REQUEST		UC14_POST_/detail	1782724357610	1782724357788	OK	 
REQUEST		UC17_DELETE_/callback?taskId={taskIdCB}	1782724357708	1782724357918	OK	 
REQUEST		UC14_POST_/detail	1782724357827	1782724357994	OK	 
REQUEST		UC16_PUT_/callback	1782724357999	1782724358153	OK	 
REQUEST		UC12_GET_/rehabilitation	1782724357878	1782724358203	OK	 
REQUEST		UC13_GET_/unread-tabs	1782724358098	1782724358303	OK	 
REQUEST		UC18_GET_/compliance-helper	1782724358203	1782724358360	OK	 
REQUEST		UC13_GET_/unread-tabs	1782724358311	1782724358509	OK	 
REQUEST		UC19_GET_/activation	1782724358405	1782724358643	OK	 
REQUEST		UC15_POST_/callback	1782724358593	1782724358793	OK	 
REQUEST		UC23_GET_/rejections	1782724358488	1782724358835	OK	 
REQUEST		UC18_GET_/compliance-helper	1782724358702	1782724358884	OK	 
REQUEST		UC15_POST_/callback	1782724358798	1782724358982	OK	 
REQUEST		UC17_DELETE_/callback?taskId={taskIdCB}	1782724358890	1782724359079	OK	 
REQUEST		UC13_GET_/unread-tabs	1782724359015	1782724359209	OK	 
REQUEST		UC14_POST_/detail	1782724359109	1782724359262	OK	 
REQUEST		UC19_GET_/activation	1782724359218	1782724359374	OK	 
REQUEST		UC14_POST_/detail	1782724359313	1782724359478	OK	 
REQUEST		UC20_GET_/change-tariff	1782724359408	1782724359550	OK	 
REQUEST		UC16_PUT_/callback	1782724359516	1782724359669	OK	 
REQUEST		UC24_GET_/rejection/{operationId}	1782724359610	1782724359859	OK	 
REQUEST		UC19_GET_/activation	1782724359708	1782724359897	OK	 
REQUEST		UC16_PUT_/callback	1782724359798	1782724359934	OK	 
REQUEST		UC18_GET_/compliance-helper	1782724359889	1782724360049	OK	 
REQUEST		UC14_POST_/detail	1782724360008	1782724360177	OK	 
REQUEST		UC15_POST_/callback	1782724360108	1782724360309	OK	 
REQUEST		UC20_GET_/change-tariff	1782724360218	1782724360373	OK	 
REQUEST		UC15_POST_/callback	1782724360312	1782724360515	OK	 
REQUEST		UC21_GET_/user-permissions	1782724360411	1782724360589	OK	 
REQUEST		UC17_DELETE_/callback?taskId={taskIdCB}	1782724360515	1782724360701	OK	 
REQUEST		UC25_GET_/active-switchers	1782724360608	1782724360767	OK	 
REQUEST		UC20_GET_/change-tariff	1782724360718	1782724360883	OK	 
REQUEST		UC17_DELETE_/callback?taskId={taskIdCB}	1782724360827	1782724361024	OK	 
REQUEST		UC19_GET_/activation	1782724360889	1782724361048	OK	 
REQUEST		UC15_POST_/callback	1782724361015	1782724361231	OK	 
REQUEST		UC16_PUT_/callback	1782724361109	1782724361268	OK	 
REQUEST		UC21_GET_/user-permissions	1782724361208	1782724361371	OK	 
REQUEST		UC16_PUT_/callback	1782724361313	1782724361466	OK	 
REQUEST		UC18_GET_/compliance-helper	1782724361515	1782724361686	OK	 
REQUEST		UC22_GET_/print-form	1782724361408	1782724361738	OK	 
REQUEST		UC26_GET_/system-parameters	1782724361608	1782724361775	OK	 
REQUEST		UC21_GET_/user-permissions	1782724361717	1782724361870	OK	 
REQUEST		UC18_GET_/compliance-helper	1782724361811	1782724361973	OK	 
REQUEST		UC20_GET_/change-tariff	1782724361890	1782724362062	OK	 
REQUEST		UC16_PUT_/callback	1782724362015	1782724362176	OK	 
REQUEST		UC17_DELETE_/callback?taskId={taskIdCB}	1782724362109	1782724362324	OK	 
REQUEST		UC17_DELETE_/callback?taskId={taskIdCB}	1782724362313	1782724362517	OK	 
REQUEST		UC22_GET_/print-form	1782724362208	1782724362550	OK	 
REQUEST		UC19_GET_/activation	1782724362408	1782724362569	OK	 
REQUEST		UC27_GET_/organization	1782724362608	1782724362770	OK	 
REQUEST		UC23_GET_/rejections	1782724362511	1782724362882	OK	 
REQUEST		UC19_GET_/activation	1782724362798	1782724362953	OK	 
REQUEST		UC21_GET_/user-permissions	1782724362878	1782724363021	OK	 
REQUEST		UC22_GET_/print-form	1782724362717	1782724363047	OK	 
REQUEST		UC17_DELETE_/callback?taskId={taskIdCB}	1782724362999	1782724363215	OK	 
REQUEST		UC18_GET_/compliance-helper	1782724363098	1782724363259	OK	 
REQUEST		UC18_GET_/compliance-helper	1782724363202	1782724363362	OK	 
REQUEST		UC20_GET_/change-tariff	1782724363406	1782724363562	OK	 
REQUEST		UC23_GET_/rejections	1782724363298	1782724363638	OK	 
REQUEST		UC28_GET_/compliance-profile/mtb	1782724363500	1782724363652	OK	 
REQUEST		UC20_GET_/change-tariff	1782724363702	1782724363851	OK	 
REQUEST		UC24_GET_/rejection/{operationId}	1782724363588	1782724363883	OK	 
REQUEST		UC22_GET_/print-form	1782724363798	1782724364103	OK	 
REQUEST		UC18_GET_/compliance-helper	1782724364015	1782724364177	OK	 
REQUEST		UC19_GET_/activation	1782724364108	1782724364268	OK	 
REQUEST		UC23_GET_/rejections	1782724363890	1782724364275	OK	 
REQUEST		UC19_GET_/activation	1782724364218	1782724364366	OK	 
REQUEST		UC21_GET_/user-permissions	1782724364312	1782724364480	OK	 
REQUEST		UC24_GET_/rejection/{operationId}	1782724364408	1782724364674	OK	 
REQUEST		UC29_GET_/dopInfo	1782724364515	1782724364682	OK	 
REQUEST		UC21_GET_/user-permissions	1782724364609	1782724364747	OK	 
REQUEST		UC25_GET_/active-switchers	1782724364702	1782724364874	OK	 
REQUEST		UC19_GET_/activation	1782724364889	1782724365060	OK	 
REQUEST		UC20_GET_/change-tariff	1782724365014	1782724365170	OK	 
REQUEST		UC23_GET_/rejections	1782724364811	1782724365191	OK	 
REQUEST		UC20_GET_/change-tariff	1782724365217	1782724365361	OK	 
REQUEST		UC24_GET_/rejection/{operationId}	1782724365109	1782724365377	OK	 
REQUEST		UC25_GET_/active-switchers	1782724365408	1782724365567	OK	 
REQUEST		UC30_GET_/counterparties	1782724365515	1782724365668	OK	 
REQUEST		UC22_GET_/print-form	1782724365312	1782724365716	OK	 
REQUEST		UC26_GET_/system-parameters	1782724365708	1782724365888	OK	 
REQUEST		UC22_GET_/print-form	1782724365609	1782724365930	OK	 
REQUEST		UC20_GET_/change-tariff	1782724365811	1782724365971	OK	 
REQUEST		UC21_GET_/user-permissions	1782724365889	1782724366053	OK	 
REQUEST		UC21_GET_/user-permissions	1782724366109	1782724366261	OK	 
REQUEST		UC24_GET_/rejection/{operationId}	1782724366014	1782724366309	OK	 
REQUEST		UC25_GET_/active-switchers	1782724366218	1782724366388	OK	 
REQUEST		UC26_GET_/system-parameters	1782724366313	1782724366484	OK	 
REQUEST		UC31_GET_/compliance-profile/contacts	1782724366408	1782724366559	OK	 
REQUEST		UC27_GET_/organization	1782724366610	1782724366766	OK	 
REQUEST		UC23_GET_/rejections	1782724366516	1782724366862	OK	 
REQUEST		UC21_GET_/user-permissions	1782724366798	1782724366946	OK	 
REQUEST		UC23_GET_/rejections	1782724366708	1782724367049	OK	 
REQUEST		UC22_GET_/print-form	1782724366889	1782724367215	OK	 
REQUEST		UC25_GET_/active-switchers	1782724367109	1782724367284	OK	 
REQUEST		UC22_GET_/print-form	1782724367014	1782724367333	OK	 
REQUEST		UC26_GET_/system-parameters	1782724367218	1782724367379	OK	 
REQUEST		UC27_GET_/organization	1782724367311	1782724367474	OK	 
REQUEST		UC32_GET_/compliance-profile	1782724367408	1782724367572	OK	 
REQUEST		UC28_GET_/compliance-profile/mtb	1782724367515	1782724367667	OK	 
REQUEST		UC24_GET_/rejection/{operationId}	1782724367608	1782724367875	OK	 
REQUEST		UC22_GET_/print-form	1782724367718	1782724368020	OK	 
REQUEST		UC24_GET_/rejection/{operationId}	1782724367812	1782724368088	OK	 
REQUEST		UC26_GET_/system-parameters	1782724368002	1782724368178	OK	 
REQUEST		UC23_GET_/rejections	1782724367893	1782724368225	OK	 
REQUEST		UC27_GET_/organization	1782724368206	1782724368376	OK	 
REQUEST		UC23_GET_/rejections	1782724368098	1782724368459	OK	 
REQUEST		UC28_GET_/compliance-profile/mtb	1782724368300	1782724368460	OK	 
REQUEST		UC33_GET_/detail	1782724368406	1782724368594	OK	 
REQUEST		UC29_GET_/dopInfo	1782724368499	1782724368681	OK	 
REQUEST		UC25_GET_/active-switchers	1782724368598	1782724368753	OK	 
REQUEST		UC25_GET_/active-switchers	1782724368812	1782724368989	OK	 
REQUEST		UC27_GET_/organization	1782724368879	1782724369059	OK	 
REQUEST		UC23_GET_/rejections	1782724368718	1782724369138	OK	 
REQUEST		UC28_GET_/compliance-profile/mtb	1782724369109	1782724369281	OK	 
REQUEST		UC24_GET_/rejection/{operationId}	1782724369015	1782724369297	OK	 
REQUEST		UC24_GET_/rejection/{operationId}	1782724369208	1782724369459	OK	 
REQUEST		UC29_GET_/dopInfo	1782724369313	1782724369483	OK	 
REQUEST		UC34_DELETE_/alert	1782724369411	1782724369600	OK	 
REQUEST		UC30_GET_/counterparties	1782724369515	1782724369664	OK	 
REQUEST		UC26_GET_/system-parameters	1782724369609	1782724369784	OK	 
REQUEST		UC26_GET_/system-parameters	1782724369702	1782724369848	OK	 
REQUEST		UC28_GET_/compliance-profile/mtb	1782724369788	1782724369949	OK	 
REQUEST		UC29_GET_/dopInfo	1782724370008	1782724370186	OK	 
REQUEST		UC24_GET_/rejection/{operationId}	1782724369898	1782724370188	OK	 
REQUEST		UC25_GET_/active-switchers	1782724370108	1782724370272	OK	 
REQUEST		UC25_GET_/active-switchers	1782724370218	1782724370359	OK	 
REQUEST		UC30_GET_/counterparties	1782724370312	1782724370466	OK	 
REQUEST		UC35_POST_/organization	1782724370408	1782724370611	OK	 
REQUEST		UC31_GET_/compliance-profile/contacts	1782724370515	1782724370667	OK	 
REQUEST		UC27_GET_/organization	1782724370609	1782724370759	OK	 
REQUEST		UC27_GET_/organization	1782724370718	1782724370880	OK	 
REQUEST		UC29_GET_/dopInfo	1782724370812	1782724370978	OK	 
REQUEST		UC30_GET_/counterparties	1782724370878	1782724371048	OK	 
REQUEST		UC25_GET_/active-switchers	1782724370998	1782724371175	OK	 
REQUEST		UC26_GET_/system-parameters	1782724371098	1782724371269	OK	 
REQUEST		UC26_GET_/system-parameters	1782724371203	1782724371361	OK	 
REQUEST		UC31_GET_/compliance-profile/contacts	1782724371298	1782724371456	OK	 
REQUEST		UC36_POST_/mtb	1782724371407	1782724371591	OK	 
REQUEST		UC32_GET_/compliance-profile	1782724371501	1782724371665	OK	 
REQUEST		UC28_GET_/compliance-profile/mtb	1782724371608	1782724371768	OK	 
REQUEST		UC28_GET_/compliance-profile/mtb	1782724371702	1782724371861	OK	 
REQUEST		UC30_GET_/counterparties	1782724371795	1782724371961	OK	 
REQUEST		UC31_GET_/compliance-profile/contacts	1782724371889	1782724372047	OK	 
REQUEST		UC26_GET_/system-parameters	1782724372014	1782724372171	OK	 
REQUEST		UC27_GET_/organization	1782724372108	1782724372264	OK	 
REQUEST		UC27_GET_/organization	1782724372217	1782724372381	OK	 
REQUEST		UC32_GET_/compliance-profile	1782724372312	1782724372456	OK	 
REQUEST		UC37_POST_/dopInfo	1782724372408	1782724372612	OK	 
REQUEST		UC33_GET_/detail	1782724372516	1782724372701	OK	 
REQUEST		UC29_GET_/dopInfo	1782724372624	1782724372777	OK	 
REQUEST		UC29_GET_/dopInfo	1782724372718	1782724372881	OK	 
REQUEST		UC31_GET_/compliance-profile/contacts	1782724372798	1782724372978	OK	 
REQUEST		UC32_GET_/compliance-profile	1782724372890	1782724373068	OK	 
REQUEST		UC27_GET_/organization	1782724373015	1782724373166	OK	 
REQUEST		UC28_GET_/compliance-profile/mtb	1782724373109	1782724373292	OK	 
REQUEST		UC28_GET_/compliance-profile/mtb	1782724373217	1782724373375	OK	 
REQUEST		UC33_GET_/detail	1782724373312	1782724373507	OK	 
REQUEST		UC38_POST_/counterparties	1782724373408	1782724373606	OK	 
REQUEST		UC34_DELETE_/alert	1782724373515	1782724373717	OK	 
REQUEST		UC30_GET_/counterparties	1782724373609	1782724373765	OK	 
REQUEST		UC30_GET_/counterparties	1782724373718	1782724373863	OK	 
REQUEST		UC32_GET_/compliance-profile	1782724373798	1782724373953	OK	 
REQUEST		UC33_GET_/detail	1782724373891	1782724374078	OK	 
REQUEST		UC28_GET_/compliance-profile/mtb	1782724374016	1782724374178	OK	 
REQUEST		UC29_GET_/dopInfo	1782724374110	1782724374260	OK	 
REQUEST		UC29_GET_/dopInfo	1782724374218	1782724374377	OK	 
REQUEST		UC34_DELETE_/alert	1782724374312	1782724374509	OK	 
REQUEST		UC39_POST_/contacts	1782724374408	1782724374601	OK	 
REQUEST		UC35_POST_/organization	1782724374515	1782724374726	OK	 
REQUEST		UC31_GET_/compliance-profile/contacts	1782724374609	1782724374771	OK	 
REQUEST		UC31_GET_/compliance-profile/contacts	1782724374708	1782724374877	OK	 
REQUEST		UC33_GET_/detail	1782724374798	1782724374978	OK	 
REQUEST		UC34_DELETE_/alert	1782724374890	1782724375093	OK	 
REQUEST		UC29_GET_/dopInfo	1782724375015	1782724375178	OK	 
REQUEST		UC30_GET_/counterparties	1782724375110	1782724375277	OK	 
REQUEST		UC30_GET_/counterparties	1782724375208	1782724375349	OK	 
REQUEST		UC35_POST_/organization	1782724375313	1782724375517	OK	 
REQUEST		UC40_GET_/mop2/{fflId}	1782724375408	1782724375617	OK	 
REQUEST		UC36_POST_/mtb	1782724375517	1782724375731	OK	 
REQUEST		UC32_GET_/compliance-profile	1782724375610	1782724375757	OK	 
REQUEST		UC32_GET_/compliance-profile	1782724375708	1782724375864	OK	 
REQUEST		UC34_DELETE_/alert	1782724375798	1782724375992	OK	 
REQUEST		UC35_POST_/organization	1782724375890	1782724376107	OK	 
REQUEST		UC30_GET_/counterparties	1782724376015	1782724376185	OK	 
REQUEST		UC31_GET_/compliance-profile/contacts	1782724376112	1782724376286	OK	 
REQUEST		UC31_GET_/compliance-profile/contacts	1782724376208	1782724376361	OK	 
REQUEST		UC36_POST_/mtb	1782724376309	1782724376490	OK	 
REQUEST		UC41_GET_/onboarding/{fflId}	1782724376416	1782724376600	OK	 
USER	EFSFinmonWebDebug	END	1782724376606
USER	EFSFinmonWebDebug	START	1782724376606
REQUEST		UC37_POST_/dopInfo	1782724376510	1782724376725	OK	 
REQUEST		UC33_GET_/detail	1782724376608	1782724376799	OK	 
REQUEST		UC33_GET_/detail	1782724376713	1782724376891	OK	 
REQUEST		UC35_POST_/organization	1782724376815	1782724377017	OK	 
REQUEST		UC36_POST_/mtb	1782724376891	1782724377109	OK	 
REQUEST		UC31_GET_/compliance-profile/contacts	1782724377016	1782724377179	OK	 
REQUEST		UC32_GET_/compliance-profile	1782724377110	1782724377283	OK	 
REQUEST		UC32_GET_/compliance-profile	1782724377208	1782724377355	OK	 
REQUEST		UC37_POST_/dopInfo	1782724377314	1782724377512	OK	 
REQUEST	LoginWeb	first_login	1782724377408	1782724377554	OK	 
REQUEST		UC38_POST_/counterparties	1782724377515	1782724377711	OK	 
REQUEST		UC34_DELETE_/alert	1782724377608	1782724377798	OK	 
REQUEST		UC34_DELETE_/alert	1782724377718	1782724377916	OK	 
REQUEST		UC36_POST_/mtb	1782724377827	1782724378034	OK	 
REQUEST		UC37_POST_/dopInfo	1782724377889	1782724378104	OK	 
REQUEST		UC32_GET_/compliance-profile	1782724378015	1782724378182	OK	 
REQUEST		UC33_GET_/detail	1782724378109	1782724378295	OK	 
REQUEST		UC33_GET_/detail	1782724378218	1782724378395	OK	 
REQUEST		UC38_POST_/counterparties	1782724378313	1782724378522	OK	 
REQUEST	LoginWeb	settingsLogin	1782724378408	1782724378585	OK	 
REQUEST		UC39_POST_/contacts	1782724378514	1782724378717	OK	 
REQUEST		UC35_POST_/organization	1782724378608	1782724378805	OK	 
REQUEST		UC35_POST_/organization	1782724378717	1782724378915	OK	 
REQUEST		UC37_POST_/dopInfo	1782724378811	1782724379002	OK	 
REQUEST		UC38_POST_/counterparties	1782724378889	1782724379087	OK	 
REQUEST		UC33_GET_/detail	1782724379014	1782724379213	OK	 
REQUEST		UC34_DELETE_/alert	1782724379109	1782724379315	OK	 
REQUEST		UC34_DELETE_/alert	1782724379218	1782724379399	OK	 
REQUEST		UC39_POST_/contacts	1782724379312	1782724379510	OK	 
REQUEST	LoginWeb	newsLogin	1782724379408	1782724379602	OK	 
REQUEST		UC40_GET_/mop2/{fflId}	1782724379515	1782724379740	OK	 
REQUEST		UC36_POST_/mtb	1782724379608	1782724379791	OK	 
REQUEST		UC36_POST_/mtb	1782724379718	1782724379915	OK	 
REQUEST		UC38_POST_/counterparties	1782724379810	1782724380014	OK	 
REQUEST		UC39_POST_/contacts	1782724379886	1782724380084	OK	 
REQUEST		UC34_DELETE_/alert	1782724379990	1782724380192	OK	 
REQUEST		UC35_POST_/organization	1782724380088	1782724380303	OK	 
REQUEST		UC35_POST_/organization	1782724380188	1782724380376	OK	 
REQUEST		UC40_GET_/mop2/{fflId}	1782724380296	1782724380515	OK	 
REQUEST	LoginWeb	preLogin	1782724380390	1782724380611	OK	 
REQUEST		UC41_GET_/onboarding/{fflId}	1782724380488	1782724380681	OK	 
USER	EFSFinmonWebDebug	END	1782724380685
USER	EFSFinmonWebDebug	START	1782724380686
REQUEST		UC37_POST_/dopInfo	1782724380592	1782724380802	OK	 
REQUEST		UC37_POST_/dopInfo	1782724380717	1782724380902	OK	 
REQUEST		UC39_POST_/contacts	1782724380798	1782724381006	OK	 
REQUEST		UC40_GET_/mop2/{fflId}	1782724380873	1782724381128	OK	 
REQUEST		UC35_POST_/organization	1782724380983	1782724381184	OK	 
REQUEST		UC36_POST_/mtb	1782724381081	1782724381286	OK	 
REQUEST		UC36_POST_/mtb	1782724381186	1782724381366	OK	 
REQUEST		UC41_GET_/onboarding/{fflId}	1782724381280	1782724381457	OK	 
USER	EFSFinmonWebDebug	END	1782724381460
USER	EFSFinmonWebDebug	START	1782724381461
REQUEST	LoginWeb	first_login	1782724381484	1782724381645	OK	 
REQUEST	LoginWeb	login	1782724381378	1782724381660	OK	 
REQUEST		UC38_POST_/counterparties	1782724381578	1782724381790	OK	 
REQUEST		UC38_POST_/counterparties	1782724381687	1782724381893	OK	 
REQUEST		UC40_GET_/mop2/{fflId}	1782724381796	1782724382040	OK	 
REQUEST		UC41_GET_/onboarding/{fflId}	1782724381878	1782724382086	OK	 
USER	EFSFinmonWebDebug	END	1782724382090
USER	EFSFinmonWebDebug	START	1782724382090
REQUEST		UC36_POST_/mtb	1782724381999	1782724382207	OK	 
REQUEST		UC37_POST_/dopInfo	1782724382098	1782724382311	OK	 
REQUEST		UC37_POST_/dopInfo	1782724382202	1782724382379	OK	 
REQUEST	LoginWeb	first_login	1782724382298	1782724382469	OK	 
REQUEST	LoginWeb	settingsLogin	1782724382405	1782724382602	OK	 
REQUEST		UC39_POST_/contacts	1782724382598	1782724382807	OK	 
REQUEST		UC39_POST_/contacts	1782724382716	1782724382893	OK	 
REQUEST		UC41_GET_/onboarding/{fflId}	1782724382794	1782724382986	OK	 
USER	EFSFinmonWebDebug	END	1782724382990
USER	EFSFinmonWebDebug	START	1782724382990
REQUEST	LoginWeb	first_login	1782724382888	1782724383054	OK	 
REQUEST		UC37_POST_/dopInfo	1782724383013	1782724383221	OK	 
REQUEST		UC38_POST_/counterparties	1782724383108	1782724383305	OK	 
REQUEST	LoginWeb	create	1782724382499	1782724383327	OK	 
REQUEST		UC38_POST_/counterparties	1782724383218	1782724383392	OK	 
REQUEST	LoginWeb	settingsLogin	1782724383312	1782724383464	OK	 
REQUEST	LoginWeb	newsLogin	1782724383408	1782724383629	OK	 
REQUEST		UC40_GET_/mop2/{fflId}	1782724383515	1782724383738	OK	 
REQUEST		UC40_GET_/mop2/{fflId}	1782724383609	1782724383831	OK	 
REQUEST	LoginWeb	first_login	1782724383703	1782724383866	OK	 
REQUEST	LoginWeb	settingsLogin	1782724383811	1782724383969	OK	 
REQUEST		UC38_POST_/counterparties	1782724383889	1782724384082	OK	 
REQUEST	LoginWeb	decrypt	1782724384108	1782724384189	OK	 
GROUP	LoginWeb	1782724376606	1782724384191	1929	OK
ERROR	UC01_POST_/file-upload: Failed to build request: No attribute named 'requestId' is defined 	1782724384191
ERROR	UC02_POST_/send-to-bank: Failed to build request: No attribute named 'requestId' is defined 	1782724384191
REQUEST		UC39_POST_/contacts	1782724384014	1782724384213	OK	 
REQUEST		UC39_POST_/contacts	1782724384218	1782724384417	OK	 
REQUEST	LoginWeb	newsLogin	1782724384312	1782724384517	OK	 
REQUEST	LoginWeb	preLogin	1782724384408	1782724384609	OK	 
REQUEST		UC41_GET_/onboarding/{fflId}	1782724384515	1782724384695	OK	 
USER	EFSFinmonWebDebug	END	1782724384699
USER	EFSFinmonWebDebug	START	1782724384699
REQUEST		UC41_GET_/onboarding/{fflId}	1782724384609	1782724384795	OK	 
USER	EFSFinmonWebDebug	END	1782724384800
USER	EFSFinmonWebDebug	START	1782724384801
REQUEST	LoginWeb	settingsLogin	1782724384718	1782724384886	OK	 
REQUEST	LoginWeb	newsLogin	1782724384812	1782724385025	OK	 
REQUEST		UC39_POST_/contacts	1782724384890	1782724385091	OK	 
REQUEST		UC40_GET_/mop2/{fflId}	1782724385110	1782724385330	OK	 
REQUEST		UC03_GET_/params	1782724385015	1782724385411	OK	 
ERROR	UC04_POST_/delete-file: Failed to build request: No attribute named 'pprbId' is defined 	1782724385413
REQUEST		UC40_GET_/mop2/{fflId}	1782724385208	1782724385433	OK	 
REQUEST	LoginWeb	preLogin	1782724385308	1782724385554	OK	 
REQUEST	LoginWeb	login	1782724385408	1782724385678	OK	 
REQUEST	LoginWeb	first_login	1782724385515	1782724385692	OK	 
REQUEST	LoginWeb	first_login	1782724385608	1782724385781	OK	 
REQUEST	LoginWeb	preLogin	1782724385812	1782724386037	OK	 
REQUEST		UC40_GET_/mop2/{fflId}	1782724385890	1782724386140	OK	 
REQUEST		UC41_GET_/onboarding/{fflId}	1782724386015	1782724386186	OK	 
USER	EFSFinmonWebDebug	END	1782724386191
USER	EFSFinmonWebDebug	START	1782724386191
REQUEST		UC05_GET_/download/{fileid}	1782724386109	1782724386316	OK	 
ERROR	UC06_GET_/detail-with-attachments/{fflId}: Failed to build request: No attribute named 'fflId' is defined 	1782724386317
REQUEST		UC41_GET_/onboarding/{fflId}	1782724386219	1782724386396	OK	 
USER	EFSFinmonWebDebug	END	1782724386401
USER	EFSFinmonWebDebug	START	1782724386401
REQUEST	LoginWeb	login	1782724386313	1782724386585	OK	 
REQUEST	LoginWeb	settingsLogin	1782724386515	1782724386681	OK	 
REQUEST	LoginWeb	settingsLogin	1782724386608	1782724386778	OK	 
REQUEST	LoginWeb	login	1782724386718	1782724386966	OK	 
REQUEST		UC41_GET_/onboarding/{fflId}	1782724386798	1782724386999	OK	 
USER	EFSFinmonWebDebug	END	1782724387002
USER	EFSFinmonWebDebug	START	1782724387002
REQUEST	LoginWeb	first_login	1782724386890	1782724387054	OK	 
REQUEST	LoginWeb	create	1782724386408	1782724387247	OK	 
REQUEST	LoginWeb	first_login	1782724387109	1782724387275	OK	 
REQUEST		UC07_POST_/inform-list	1782724387015	1782724387306	OK	 
REQUEST	LoginWeb	newsLogin	1782724385718	1782724387340	OK	 
REQUEST	LoginWeb	newsLogin	1782724387313	1782724387505	OK	 
REQUEST	LoginWeb	newsLogin	1782724387408	1782724387632	OK	 
REQUEST	LoginWeb	first_login	1782724387608	1782724387788	OK	 
REQUEST	LoginWeb	decrypt	1782724387811	1782724387886	OK	 
GROUP	LoginWeb	1782724380686	1782724387888	1964	OK
ERROR	UC01_POST_/file-upload: Failed to build request: No attribute named 'requestId' is defined 	1782724387888
ERROR	UC02_POST_/send-to-bank: Failed to build request: No attribute named 'requestId' is defined 	1782724387888
REQUEST	LoginWeb	settingsLogin	1782724387717	1782724387893	OK	 
REQUEST	LoginWeb	settingsLogin	1782724387889	1782724388067	OK	 
REQUEST	LoginWeb	create	1782724387218	1782724388093	OK	 
REQUEST		UC08_POST_/send-to-bank/{fflId}	1782724388014	1782724388218	OK	 
REQUEST	LoginWeb	preLogin	1782724388108	1782724388321	OK	 
REQUEST	LoginWeb	create	1782724387518	1782724388379	OK	 
REQUEST	LoginWeb	preLogin	1782724388218	1782724388447	OK	 
REQUEST	LoginWeb	settingsLogin	1782724388408	1782724388586	OK	 
REQUEST	LoginWeb	newsLogin	1782724388608	1782724388837	OK	 
REQUEST	LoginWeb	preLogin	1782724388312	1782724388872	OK	 
REQUEST	LoginWeb	decrypt	1782724388798	1782724388873	OK	 
GROUP	LoginWeb	1782724381461	1782724388875	1996	OK
ERROR	UC01_POST_/file-upload: Failed to build request: No attribute named 'requestId' is defined 	1782724388875
ERROR	UC02_POST_/send-to-bank: Failed to build request: No attribute named 'requestId' is defined 	1782724388878
REQUEST		UC03_GET_/params	1782724388514	1782724388886	OK	 
ERROR	UC04_POST_/delete-file: Failed to build request: No attribute named 'pprbId' is defined 	1782724388887
REQUEST	LoginWeb	newsLogin	1782724388702	1782724388898	OK	 
REQUEST		UC09_GET_/requests-and-inform	1782724388889	1782724389131	OK	 
REQUEST	LoginWeb	decrypt	1782724389109	1782724389192	OK	 
GROUP	LoginWeb	1782724382090	1782724389193	1954	OK
ERROR	UC01_POST_/file-upload: Failed to build request: No attribute named 'requestId' is defined 	1782724389193
ERROR	UC02_POST_/send-to-bank: Failed to build request: No attribute named 'requestId' is defined 	1782724389193
REQUEST	LoginWeb	login	1782724389009	1782724389276	OK	 
REQUEST	LoginWeb	login	1782724389218	1782724389487	OK	 
REQUEST	LoginWeb	newsLogin	1782724389312	1782724389509	OK	 
REQUEST	LoginWeb	preLogin	1782724389408	1782724389618	OK	 
REQUEST	LoginWeb	login	1782724389515	1782724389766	OK	 
REQUEST		UC05_GET_/download/{fileid}	1782724389718	1782724389897	OK	 
ERROR	UC06_GET_/detail-with-attachments/{fflId}: Failed to build request: No attribute named 'fflId' is defined 	1782724389898
REQUEST		UC03_GET_/params	1782724389608	1782724389992	OK	 
ERROR	UC04_POST_/delete-file: Failed to build request: No attribute named 'pprbId' is defined 	1782724389993
REQUEST	LoginWeb	preLogin	1782724389800	1782724390009	OK	 
REQUEST		UC10_POST_/mop-1-0	1782724389882	1782724390161	OK	 
REQUEST		UC03_GET_/params	1782724390001	1782724390387	OK	 
ERROR	UC04_POST_/delete-file: Failed to build request: No attribute named 'pprbId' is defined 	1782724390388
REQUEST	LoginWeb	login	1782724390405	1782724390679	OK	 
REQUEST		UC05_GET_/download/{fileid}	1782724390702	1782724390899	OK	 
ERROR	UC06_GET_/detail-with-attachments/{fflId}: Failed to build request: No attribute named 'fflId' is defined 	1782724390900
REQUEST		UC07_POST_/inform-list	1782724390608	1782724390908	OK	 
REQUEST	LoginWeb	create	1782724390108	1782724390948	OK	 
REQUEST	LoginWeb	create	1782724390202	1782724390989	OK	 
REQUEST	LoginWeb	login	1782724390798	1782724391057	OK	 
REQUEST		UC11_POST_/online-control	1782724390889	1782724391167	OK	 
REQUEST		UC05_GET_/download/{fileid}	1782724391014	1782724391225	OK	 
ERROR	UC06_GET_/detail-with-attachments/{fflId}: Failed to build request: No attribute named 'fflId' is defined 	1782724391226
REQUEST	LoginWeb	create	1782724390499	1782724391332	OK	 
REQUEST	LoginWeb	decrypt	1782724391405	1782724391482	OK	 
GROUP	LoginWeb	1782724382990	1782724391483	3350	OK
ERROR	UC01_POST_/file-upload: Failed to build request: No attribute named 'requestId' is defined 	1782724391483
ERROR	UC02_POST_/send-to-bank: Failed to build request: No attribute named 'requestId' is defined 	1782724391484
REQUEST		UC07_POST_/inform-list	1782724391202	1782724391496	OK	 
REQUEST		UC08_POST_/send-to-bank/{fflId}	1782724391312	1782724391526	OK	 
REQUEST	LoginWeb	decrypt	1782724391515	1782724391601	OK	 
GROUP	LoginWeb	1782724384699	1782724391602	1906	OK
ERROR	UC01_POST_/file-upload: Failed to build request: No attribute named 'requestId' is defined 	1782724391602
ERROR	UC02_POST_/send-to-bank: Failed to build request: No attribute named 'requestId' is defined 	1782724391602
REQUEST	LoginWeb	preLogin	1782724390298	1782724391849	OK	 
REQUEST	LoginWeb	create	1782724391109	1782724391962	OK	 
REQUEST	LoginWeb	decrypt	1782724391889	1782724391962	OK	 
GROUP	LoginWeb	1782724384801	1782724391968	2284	OK
ERROR	UC01_POST_/file-upload: Failed to build request: No attribute named 'requestId' is defined 	1782724391968
ERROR	UC02_POST_/send-to-bank: Failed to build request: No attribute named 'requestId' is defined 	1782724391968
REQUEST		UC12_GET_/rehabilitation	1782724391702	1782724392008	OK	 
REQUEST		UC07_POST_/inform-list	1782724391811	1782724392105	OK	 
REQUEST		UC08_POST_/send-to-bank/{fflId}	1782724392108	1782724392315	OK	 
REQUEST		UC03_GET_/params	1782724392014	1782724392384	OK	 
ERROR	UC04_POST_/delete-file: Failed to build request: No attribute named 'pprbId' is defined 	1782724392385
REQUEST		UC09_GET_/requests-and-inform	1782724392208	1782724392454	OK	 
REQUEST	LoginWeb	create	1782724391609	1782724392456	OK	 
REQUEST	LoginWeb	decrypt	1782724392500	1782724392586	OK	 
GROUP	LoginWeb	1782724386191	1782724392588	1992	OK
ERROR	UC01_POST_/file-upload: Failed to build request: No attribute named 'requestId' is defined 	1782724392588
ERROR	UC02_POST_/send-to-bank: Failed to build request: No attribute named 'requestId' is defined 	1782724392588
REQUEST		UC03_GET_/params	1782724392312	1782724392640	OK	 
ERROR	UC04_POST_/delete-file: Failed to build request: No attribute named 'pprbId' is defined 	1782724392641
REQUEST	LoginWeb	login	1782724392408	1782724392664	OK	 
REQUEST		UC13_GET_/unread-tabs	1782724392708	1782724392921	OK	 
REQUEST		UC03_GET_/params	1782724392625	1782724392962	OK	 
ERROR	UC04_POST_/delete-file: Failed to build request: No attribute named 'pprbId' is defined 	1782724392964
REQUEST		UC08_POST_/send-to-bank/{fflId}	1782724392812	1782724393001	OK	 
REQUEST		UC09_GET_/requests-and-inform	1782724392890	1782724393159	OK	 
REQUEST		UC05_GET_/download/{fileid}	1782724393015	1782724393201	OK	 
ERROR	UC06_GET_/detail-with-attachments/{fflId}: Failed to build request: No attribute named 'fflId' is defined 	1782724393202
REQUEST	LoginWeb	decrypt	1782724393218	1782724393286	OK	 
GROUP	LoginWeb	1782724386402	1782724393287	1923	OK
ERROR	UC01_POST_/file-upload: Failed to build request: No attribute named 'requestId' is defined 	1782724393287
ERROR	UC02_POST_/send-to-bank: Failed to build request: No attribute named 'requestId' is defined 	1782724393287
REQUEST		UC10_POST_/mop-1-0	1782724393109	1782724393377	OK	 
REQUEST		UC05_GET_/download/{fileid}	1782724393408	1782724393621	OK	 
ERROR	UC06_GET_/detail-with-attachments/{fflId}: Failed to build request: No attribute named 'fflId' is defined 	1782724393623
REQUEST		UC03_GET_/params	1782724393311	1782724393661	OK	 
ERROR	UC04_POST_/delete-file: Failed to build request: No attribute named 'pprbId' is defined 	1782724393663
REQUEST		UC14_POST_/detail	1782724393608	1782724393752	OK	 
REQUEST		UC05_GET_/download/{fileid}	1782724393702	1782724393896	OK	 
ERROR	UC06_GET_/detail-with-attachments/{fflId}: Failed to build request: No attribute named 'fflId' is defined 	1782724393897
REQUEST		UC09_GET_/requests-and-inform	1782724393811	1782724394072	OK	 
REQUEST		UC10_POST_/mop-1-0	1782724393890	1782724394186	OK	 
REQUEST		UC07_POST_/inform-list	1782724394014	1782724394300	OK	 
REQUEST	LoginWeb	create	1782724393515	1782724394316	OK	 
REQUEST		UC03_GET_/params	1782724394109	1782724394446	OK	 
ERROR	UC04_POST_/delete-file: Failed to build request: No attribute named 'pprbId' is defined 	1782724394447
REQUEST		UC11_POST_/online-control	1782724394218	1782724394472	OK	 
REQUEST		UC05_GET_/download/{fileid}	1782724394408	1782724394592	OK	 
ERROR	UC06_GET_/detail-with-attachments/{fflId}: Failed to build request: No attribute named 'fflId' is defined 	1782724394594
REQUEST		UC07_POST_/inform-list	1782724394308	1782724394600	OK	 
REQUEST		UC15_POST_/callback	1782724394515	1782724394727	OK	 
REQUEST		UC07_POST_/inform-list	1782724394608	1782724394895	OK	 
REQUEST		UC10_POST_/mop-1-0	1782724394718	1782724395018	OK	 
REQUEST		UC11_POST_/online-control	1782724394812	1782724395080	OK	 
REQUEST		UC08_POST_/send-to-bank/{fflId}	1782724394889	1782724395095	OK	 
REQUEST	LoginWeb	decrypt	1782724395014	1782724395105	OK	 
GROUP	LoginWeb	1782724387003	1782724395107	3254	OK
ERROR	UC01_POST_/file-upload: Failed to build request: No attribute named 'requestId' is defined 	1782724395107
ERROR	UC02_POST_/send-to-bank: Failed to build request: No attribute named 'requestId' is defined 	1782724395107
REQUEST		UC05_GET_/download/{fileid}	1782724395109	1782724395296	OK	 
ERROR	UC06_GET_/detail-with-attachments/{fflId}: Failed to build request: No attribute named 'fflId' is defined 	1782724395297
REQUEST		UC12_GET_/rehabilitation	1782724395218	1782724395520	OK	 
REQUEST		UC07_POST_/inform-list	1782724395312	1782724395601	OK	 
REQUEST		UC08_POST_/send-to-bank/{fflId}	1782724395408	1782724395613	OK	 
REQUEST		UC16_PUT_/callback	1782724395515	1782724395671	OK	 
REQUEST		UC08_POST_/send-to-bank/{fflId}	1782724395608	1782724395799	OK	 
REQUEST		UC11_POST_/online-control	1782724395702	1782724395963	OK	 
REQUEST		UC12_GET_/rehabilitation	1782724395798	1782724396101	OK	 
REQUEST		UC09_GET_/requests-and-inform	1782724395890	1782724396156	OK	 
REQUEST		UC03_GET_/params	1782724396014	1782724396364	OK	 
ERROR	UC04_POST_/delete-file: Failed to build request: No attribute named 'pprbId' is defined 	1782724396366
REQUEST		UC07_POST_/inform-list	1782724396109	1782724396388	OK	 
REQUEST		UC13_GET_/unread-tabs	1782724396218	1782724396396	OK	 
REQUEST		UC08_POST_/send-to-bank/{fflId}	1782724396313	1782724396499	OK	 
REQUEST		UC09_GET_/requests-and-inform	1782724396408	1782724396652	OK	 
REQUEST		UC17_DELETE_/callback?taskId={taskIdCB}	1782724396514	1782724396707	OK	 
REQUEST		UC09_GET_/requests-and-inform	1782724396608	1782724396850	OK	 
REQUEST		UC13_GET_/unread-tabs	1782724396798	1782724396983	OK	 
REQUEST		UC12_GET_/rehabilitation	1782724396717	1782724397018	OK	 
REQUEST		UC10_POST_/mop-1-0	1782724396889	1782724397187	OK	 
REQUEST		UC05_GET_/download/{fileid}	1782724397014	1782724397208	OK	 
ERROR	UC06_GET_/detail-with-attachments/{fflId}: Failed to build request: No attribute named 'fflId' is defined 	1782724397209
REQUEST		UC08_POST_/send-to-bank/{fflId}	1782724397109	1782724397298	OK	 
REQUEST		UC14_POST_/detail	1782724397218	1782724397364	OK	 
REQUEST		UC09_GET_/requests-and-inform	1782724397313	1782724397544	OK	 
REQUEST		UC18_GET_/compliance-helper	1782724397508	1782724397668	OK	 
REQUEST		UC10_POST_/mop-1-0	1782724397408	1782724397679	OK	 
REQUEST		UC14_POST_/detail	1782724397718	1782724397880	OK	 
REQUEST		UC10_POST_/mop-1-0	1782724397608	1782724397883	OK	 
REQUEST		UC13_GET_/unread-tabs	1782724397811	1782724398007	OK	 
REQUEST		UC11_POST_/online-control	1782724397889	1782724398150	OK	 
REQUEST		UC07_POST_/inform-list	1782724398014	1782724398294	OK	 
REQUEST		UC09_GET_/requests-and-inform	1782724398108	1782724398339	OK	 
REQUEST		UC15_POST_/callback	1782724398217	1782724398410	OK	 
REQUEST		UC19_GET_/activation	1782724398408	1782724398562	OK	 
REQUEST		UC10_POST_/mop-1-0	1782724398312	1782724398602	OK	 
REQUEST		UC11_POST_/online-control	1782724398515	1782724398795	OK	 
REQUEST		UC15_POST_/callback	1782724398609	1782724398807	OK	 
REQUEST		UC11_POST_/online-control	1782724398718	1782724398972	OK	 
REQUEST		UC14_POST_/detail	1782724398812	1782724398980	OK	 
REQUEST		UC12_GET_/rehabilitation	1782724398890	1782724399186	OK	 
REQUEST		UC08_POST_/send-to-bank/{fflId}	1782724399015	1782724399211	OK	 
REQUEST		UC16_PUT_/callback	1782724399218	1782724399361	OK	 
REQUEST		UC10_POST_/mop-1-0	1782724399124	1782724399400	OK	 
REQUEST		UC20_GET_/change-tariff	1782724399312	1782724399475	OK	 
REQUEST		UC11_POST_/online-control	1782724399408	1782724399679	OK	 
REQUEST		UC16_PUT_/callback	1782724399609	1782724399756	OK	 
REQUEST		UC12_GET_/rehabilitation	1782724399515	1782724399799	OK	 
REQUEST		UC15_POST_/callback	1782724399808	1782724400012	OK	 
REQUEST		UC12_GET_/rehabilitation	1782724399702	1782724400018	OK	 
REQUEST		UC13_GET_/unread-tabs	1782724399898	1782724400100	OK	 
REQUEST		UC09_GET_/requests-and-inform	1782724400004	1782724400264	OK	 
REQUEST		UC17_DELETE_/callback?taskId={taskIdCB}	1782724400111	1782724400316	OK	 
REQUEST		UC11_POST_/online-control	1782724400202	1782724400446	OK	 
REQUEST		UC21_GET_/user-permissions	1782724400298	1782724400454	OK	 
REQUEST		UC17_DELETE_/callback?taskId={taskIdCB}	1782724400501	1782724400697	OK	 
REQUEST		UC12_GET_/rehabilitation	1782724400407	1782724400725	OK	 
REQUEST		UC13_GET_/unread-tabs	1782724400598	1782724400797	OK	 
REQUEST		UC16_PUT_/callback	1782724400718	1782724400877	OK	 
REQUEST		UC13_GET_/unread-tabs	1782724400827	1782724401028	OK	 
REQUEST		UC14_POST_/detail	1782724400874	1782724401046	OK	 
REQUEST		UC18_GET_/compliance-helper	1782724401078	1782724401242	OK	 
REQUEST		UC10_POST_/mop-1-0	1782724400983	1782724401277	OK	 
REQUEST		UC12_GET_/rehabilitation	1782724401187	1782724401459	OK	 
REQUEST		UC18_GET_/compliance-helper	1782724401378	1782724401544	OK	 
REQUEST		UC22_GET_/print-form	1782724401280	1782724401625	OK	 
REQUEST		UC13_GET_/unread-tabs	1782724401483	1782724401690	OK	 
REQUEST		UC14_POST_/detail	1782724401578	1782724401732	OK	 
REQUEST		UC17_DELETE_/callback?taskId={taskIdCB}	1782724401702	1782724401901	OK	 
REQUEST		UC14_POST_/detail	1782724401796	1782724401955	OK	 
REQUEST		UC15_POST_/callback	1782724401874	1782724402065	OK	 
REQUEST		UC19_GET_/activation	1782724401983	1782724402127	OK	 
REQUEST		UC11_POST_/online-control	1782724402078	1782724402342	OK	 
REQUEST		UC13_GET_/unread-tabs	1782724402187	1782724402365	OK	 
REQUEST		UC19_GET_/activation	1782724402296	1782724402451	OK	 
REQUEST		UC14_POST_/detail	1782724402488	1782724402647	OK	 
REQUEST		UC15_POST_/callback	1782724402593	1782724402788	OK	 
REQUEST		UC23_GET_/rejections	1782724402406	1782724402790	OK	 
REQUEST		UC18_GET_/compliance-helper	1782724402688	1782724402852	OK	 
REQUEST		UC15_POST_/callback	1782724402791	1782724402991	OK	 
REQUEST		UC16_PUT_/callback	1782724402874	1782724403029	OK	 
REQUEST		UC20_GET_/change-tariff	1782724402984	1782724403144	OK	 
REQUEST		UC14_POST_/detail	1782724403187	1782724403370	OK	 
REQUEST		UC12_GET_/rehabilitation	1782724403078	1782724403379	OK	 
REQUEST		UC20_GET_/change-tariff	1782724403281	1782724403443	OK	 
REQUEST		UC15_POST_/callback	1782724403378	1782724403564	OK	 
REQUEST		UC16_PUT_/callback	1782724403483	1782724403624	OK	 
REQUEST		UC19_GET_/activation	1782724403686	1782724403844	OK	 
REQUEST		UC24_GET_/rejection/{operationId}	1782724403578	1782724403865	OK	 
REQUEST		UC16_PUT_/callback	1782724403798	1782724403950	OK	 
REQUEST		UC17_DELETE_/callback?taskId={taskIdCB}	1782724403868	1782724404066	OK	 
REQUEST		UC21_GET_/user-permissions	1782724403999	1782724404149	OK	 
REQUEST		UC15_POST_/callback	1782724404098	1782724404287	OK	 
REQUEST		UC13_GET_/unread-tabs	1782724404203	1782724404406	OK	 
REQUEST		UC21_GET_/user-permissions	1782724404298	1782724404446	OK	 
REQUEST		UC16_PUT_/callback	1782724404398	1782724404553	OK	 
REQUEST		UC17_DELETE_/callback?taskId={taskIdCB}	1782724404499	1782724404698	OK	 
REQUEST		UC20_GET_/change-tariff	1782724404608	1782724404770	OK	 
REQUEST		UC25_GET_/active-switchers	1782724404688	1782724404850	OK	 
REQUEST		UC17_DELETE_/callback?taskId={taskIdCB}	1782724404780	1782724404981	OK	 
REQUEST		UC18_GET_/compliance-helper	1782724404905	1782724405076	OK	 
REQUEST		UC16_PUT_/callback	1782724405109	1782724405272	OK	 
REQUEST		UC22_GET_/print-form	1782724405015	1782724405356	OK	 
REQUEST		UC14_POST_/detail	1782724405218	1782724405387	OK	 
REQUEST		UC17_DELETE_/callback?taskId={taskIdCB}	1782724405408	1782724405622	OK	 
REQUEST		UC22_GET_/print-form	1782724405312	1782724405649	OK	 
REQUEST		UC18_GET_/compliance-helper	1782724405514	1782724405669	OK	 
REQUEST		UC21_GET_/user-permissions	1782724405608	1782724405774	OK	 
REQUEST		UC26_GET_/system-parameters	1782724405717	1782724405879	OK	 
REQUEST		UC18_GET_/compliance-helper	1782724405826	1782724406000	OK	 
REQUEST		UC19_GET_/activation	1782724405874	1782724406056	OK	 
REQUEST		UC17_DELETE_/callback?taskId={taskIdCB}	1782724405978	1782724406189	OK	 
REQUEST		UC15_POST_/callback	1782724406187	1782724406403	OK	 
REQUEST		UC23_GET_/rejections	1782724406078	1782724406419	OK	 
REQUEST		UC18_GET_/compliance-helper	1782724406281	1782724406449	OK	 
REQUEST		UC19_GET_/activation	1782724406521	1782724406675	OK	 
REQUEST		UC23_GET_/rejections	1782724406391	1782724406788	OK	 
REQUEST		UC27_GET_/organization	1782724406717	1782724406886	OK	 
REQUEST		UC22_GET_/print-form	1782724406608	1782724406942	OK	 
REQUEST		UC19_GET_/activation	1782724406798	1782724406959	OK	 
REQUEST		UC20_GET_/change-tariff	1782724406873	1782724407038	OK	 
REQUEST		UC18_GET_/compliance-helper	1782724406982	1782724407129	OK	 
REQUEST		UC16_PUT_/callback	1782724407078	1782724407231	OK	 
REQUEST		UC24_GET_/rejection/{operationId}	1782724407187	1782724407433	OK	 
REQUEST		UC19_GET_/activation	1782724407281	1782724407436	OK	 
REQUEST		UC20_GET_/change-tariff	1782724407378	1782724407535	OK	 
REQUEST		UC24_GET_/rejection/{operationId}	1782724407485	1782724407762	OK	 
REQUEST		UC28_GET_/compliance-profile/mtb	1782724407608	1782724407778	OK	 
REQUEST		UC20_GET_/change-tariff	1782724407780	1782724407931	OK	 
REQUEST		UC23_GET_/rejections	1782724407688	1782724408038	OK	 
REQUEST		UC21_GET_/user-permissions	1782724407878	1782724408040	OK	 
REQUEST		UC19_GET_/activation	1782724407998	1782724408154	OK	 
REQUEST		UC17_DELETE_/callback?taskId={taskIdCB}	1782724408098	1782724408286	OK	 
REQUEST		UC25_GET_/active-switchers	1782724408202	1782724408377	OK	 
REQUEST		UC20_GET_/change-tariff	1782724408298	1782724408441	OK	 
REQUEST		UC21_GET_/user-permissions	1782724408406	1782724408555	OK	 
REQUEST		UC25_GET_/active-switchers	1782724408500	1782724408670	OK	 
REQUEST		UC29_GET_/dopInfo	1782724408598	1782724408747	OK	 
REQUEST		UC21_GET_/user-permissions	1782724408688	1782724408835	OK	 
REQUEST		UC24_GET_/rejection/{operationId}	1782724408798	1782724409097	OK	 
REQUEST		UC20_GET_/change-tariff	1782724409014	1782724409174	OK	 
REQUEST		UC22_GET_/print-form	1782724408889	1782724409224	OK	 
REQUEST		UC18_GET_/compliance-helper	1782724409109	1782724409282	OK	 
REQUEST		UC26_GET_/system-parameters	1782724409218	1782724409371	OK	 
REQUEST		UC21_GET_/user-permissions	1782724409312	1782724409466	OK	 
REQUEST		UC26_GET_/system-parameters	1782724409515	1782724409676	OK	 
REQUEST		UC22_GET_/print-form	1782724409408	1782724409763	OK	 
REQUEST		UC30_GET_/counterparties	1782724409609	1782724409784	OK	 
REQUEST		UC25_GET_/active-switchers	1782724409808	1782724409970	OK	 
REQUEST		UC21_GET_/user-permissions	1782724409896	1782724410064	OK	 
REQUEST		UC22_GET_/print-form	1782724409713	1782724410064	OK	 
REQUEST		UC19_GET_/activation	1782724410098	1782724410258	OK	 
REQUEST		UC27_GET_/organization	1782724410202	1782724410385	OK	 
REQUEST		UC23_GET_/rejections	1782724410002	1782724410412	OK	 
REQUEST		UC27_GET_/organization	1782724410406	1782724410579	OK	 
REQUEST		UC22_GET_/print-form	1782724410298	1782724410646	OK	 
REQUEST		UC31_GET_/compliance-profile/contacts	1782724410609	1782724410763	OK	 
REQUEST		UC26_GET_/system-parameters	1782724410718	1782724410889	OK	 
REQUEST		UC23_GET_/rejections	1782724410515	1782724410900	OK	 
REQUEST		UC20_GET_/change-tariff	1782724410983	1782724411141	OK	 
REQUEST		UC22_GET_/print-form	1782724410827	1782724411158	OK	 
REQUEST		UC28_GET_/compliance-profile/mtb	1782724411078	1782724411244	OK	 
REQUEST		UC23_GET_/rejections	1782724410874	1782724411277	OK	 
REQUEST		UC28_GET_/compliance-profile/mtb	1782724411278	1782724411447	OK	 
REQUEST		UC24_GET_/rejection/{operationId}	1782724411187	1782724411491	OK	 
REQUEST		UC32_GET_/compliance-profile	1782724411499	1782724411665	OK	 
REQUEST		UC27_GET_/organization	1782724411598	1782724411759	OK	 
REQUEST		UC23_GET_/rejections	1782724411378	1782724411781	OK	 
REQUEST		UC21_GET_/user-permissions	1782724411798	1782724411946	OK	 
REQUEST		UC24_GET_/rejection/{operationId}	1782724411702	1782724411991	OK	 
REQUEST		UC29_GET_/dopInfo	1782724411984	1782724412141	OK	 
REQUEST		UC23_GET_/rejections	1782724411874	1782724412230	OK	 
REQUEST		UC29_GET_/dopInfo	1782724412187	1782724412364	OK	 
REQUEST		UC24_GET_/rejection/{operationId}	1782724412078	1782724412372	OK	 
REQUEST		UC25_GET_/active-switchers	1782724412281	1782724412462	OK	 
REQUEST		UC33_GET_/detail	1782724412378	1782724412582	OK	 
REQUEST		UC28_GET_/compliance-profile/mtb	1782724412483	1782724412649	OK	 
REQUEST		UC24_GET_/rejection/{operationId}	1782724412578	1782724412844	OK	 
REQUEST		UC25_GET_/active-switchers	1782724412788	1782724412947	OK	 
REQUEST		UC22_GET_/print-form	1782724412688	1782724413015	OK	 
REQUEST		UC30_GET_/counterparties	1782724412871	1782724413033	OK	 
REQUEST		UC24_GET_/rejection/{operationId}	1782724412998	1782724413267	OK	 
REQUEST		UC30_GET_/counterparties	1782724413098	1782724413274	OK	 
REQUEST		UC25_GET_/active-switchers	1782724413198	1782724413370	OK	 
REQUEST		UC26_GET_/system-parameters	1782724413305	1782724413482	OK	 
REQUEST		UC34_DELETE_/alert	1782724413398	1782724413603	OK	 
REQUEST		UC29_GET_/dopInfo	1782724413498	1782724413669	OK	 
REQUEST		UC25_GET_/active-switchers	1782724413608	1782724413783	OK	 
REQUEST		UC26_GET_/system-parameters	1782724413688	1782724413862	OK	 
REQUEST		UC31_GET_/compliance-profile/contacts	1782724413905	1782724414078	OK	 
REQUEST		UC23_GET_/rejections	1782724413780	1782724414122	OK	 
REQUEST		UC25_GET_/active-switchers	1782724414016	1782724414180	OK	 
REQUEST		UC31_GET_/compliance-profile/contacts	1782724414110	1782724414286	OK	 
REQUEST		UC26_GET_/system-parameters	1782724414208	1782724414391	OK	 
REQUEST		UC27_GET_/organization	1782724414314	1782724414496	OK	 
REQUEST		UC35_POST_/organization	1782724414408	1782724414617	OK	 
REQUEST		UC30_GET_/counterparties	1782724414514	1782724414672	OK	 
REQUEST		UC26_GET_/system-parameters	1782724414608	1782724414768	OK	 
REQUEST		UC27_GET_/organization	1782724414717	1782724414895	OK	 
REQUEST		UC32_GET_/compliance-profile	1782724414828	1782724414994	OK	 
REQUEST		UC24_GET_/rejection/{operationId}	1782724414874	1782724415132	OK	 
REQUEST		UC26_GET_/system-parameters	1782724414978	1782724415146	OK	 
REQUEST		UC32_GET_/compliance-profile	1782724415078	1782724415243	OK	 
REQUEST		UC27_GET_/organization	1782724415187	1782724415347	OK	 
REQUEST		UC28_GET_/compliance-profile/mtb	1782724415282	1782724415447	OK	 
REQUEST		UC36_POST_/mtb	1782724415378	1782724415583	OK	 
REQUEST		UC31_GET_/compliance-profile/contacts	1782724415486	1782724415667	OK	 
REQUEST		UC27_GET_/organization	1782724415578	1782724415738	OK	 
REQUEST		UC28_GET_/compliance-profile/mtb	1782724415688	1782724415850	OK	 
REQUEST		UC33_GET_/detail	1782724415796	1782724415983	OK	 
REQUEST		UC25_GET_/active-switchers	1782724415874	1782724416050	OK	 
REQUEST		UC27_GET_/organization	1782724415983	1782724416153	OK	 
REQUEST		UC33_GET_/detail	1782724416078	1782724416278	OK	 
REQUEST		UC28_GET_/compliance-profile/mtb	1782724416187	1782724416358	OK	 
REQUEST		UC29_GET_/dopInfo	1782724416281	1782724416454	OK	 
REQUEST		UC37_POST_/dopInfo	1782724416378	1782724416586	OK	 
REQUEST		UC32_GET_/compliance-profile	1782724416485	1782724416641	OK	 
REQUEST		UC28_GET_/compliance-profile/mtb	1782724416578	1782724416746	OK	 
REQUEST		UC29_GET_/dopInfo	1782724416687	1782724416844	OK	 
REQUEST		UC34_DELETE_/alert	1782724416781	1782724416988	OK	 
REQUEST		UC26_GET_/system-parameters	1782724416874	1782724417045	OK	 
REQUEST		UC28_GET_/compliance-profile/mtb	1782724416984	1782724417144	OK	 
REQUEST		UC34_DELETE_/alert	1782724417078	1782724417277	OK	 
REQUEST		UC29_GET_/dopInfo	1782724417187	1782724417343	OK	 
REQUEST		UC30_GET_/counterparties	1782724417280	1782724417455	OK	 
REQUEST		UC38_POST_/counterparties	1782724417378	1782724417592	OK	 
REQUEST		UC33_GET_/detail	1782724417484	1782724417704	OK	 
REQUEST		UC29_GET_/dopInfo	1782724417578	1782724417741	OK	 
REQUEST		UC30_GET_/counterparties	1782724417686	1782724417861	OK	 
REQUEST		UC35_POST_/organization	1782724417798	1782724418004	OK	 
REQUEST		UC27_GET_/organization	1782724417874	1782724418045	OK	 
REQUEST		UC29_GET_/dopInfo	1782724417983	1782724418132	OK	 
REQUEST		UC35_POST_/organization	1782724418078	1782724418284	OK	 
REQUEST		UC30_GET_/counterparties	1782724418178	1782724418343	OK	 
REQUEST		UC31_GET_/compliance-profile/contacts	1782724418280	1782724418439	OK	 
REQUEST		UC39_POST_/contacts	1782724418378	1782724418580	OK	 
REQUEST		UC34_DELETE_/alert	1782724418483	1782724418673	OK	 
REQUEST		UC30_GET_/counterparties	1782724418578	1782724418745	OK	 
REQUEST		UC31_GET_/compliance-profile/contacts	1782724418686	1782724418853	OK	 
REQUEST		UC36_POST_/mtb	1782724418796	1782724419003	OK	 
REQUEST		UC28_GET_/compliance-profile/mtb	1782724418874	1782724419040	OK	 
REQUEST		UC30_GET_/counterparties	1782724418984	1782724419142	OK	 
REQUEST		UC36_POST_/mtb	1782724419078	1782724419270	OK	 
REQUEST		UC31_GET_/compliance-profile/contacts	1782724419187	1782724419334	OK	 
REQUEST		UC32_GET_/compliance-profile	1782724419280	1782724419494	OK	 
REQUEST		UC40_GET_/mop2/{fflId}	1782724419378	1782724419603	OK	 
REQUEST		UC35_POST_/organization	1782724419484	1782724419677	OK	 
REQUEST		UC31_GET_/compliance-profile/contacts	1782724419578	1782724419745	OK	 
REQUEST		UC32_GET_/compliance-profile	1782724419687	1782724419911	OK	 
REQUEST		UC37_POST_/dopInfo	1782724419788	1782724420001	OK	 
REQUEST		UC29_GET_/dopInfo	1782724419871	1782724420041	OK	 
REQUEST		UC31_GET_/compliance-profile/contacts	1782724419989	1782724420151	OK	 
REQUEST		UC37_POST_/dopInfo	1782724420093	1782724420314	OK	 
REQUEST		UC32_GET_/compliance-profile	1782724420188	1782724420343	OK	 
REQUEST		UC33_GET_/detail	1782724420292	1782724420547	OK	 
REQUEST		UC41_GET_/onboarding/{fflId}	1782724420389	1782724420574	OK	 
USER	EFSFinmonWebDebug	END	1782724420578
USER	EFSFinmonWebDebug	START	1782724420578
REQUEST		UC36_POST_/mtb	1782724420488	1782724420710	OK	 
REQUEST		UC32_GET_/compliance-profile	1782724420592	1782724420757	OK	 
REQUEST		UC33_GET_/detail	1782724420686	1782724420885	OK	 
REQUEST		UC38_POST_/counterparties	1782724420795	1782724421000	OK	 
REQUEST		UC30_GET_/counterparties	1782724420890	1782724421067	OK	 
REQUEST		UC32_GET_/compliance-profile	1782724421015	1782724421164	OK	 
REQUEST		UC38_POST_/counterparties	1782724421109	1782724421326	OK	 
REQUEST		UC33_GET_/detail	1782724421208	1782724421400	OK	 
REQUEST		UC34_DELETE_/alert	1782724421313	1782724421521	OK	 
REQUEST	LoginWeb	first_login	1782724421408	1782724421583	OK	 
REQUEST		UC37_POST_/dopInfo	1782724421515	1782724421728	OK	 
REQUEST		UC33_GET_/detail	1782724421609	1782724421813	OK	 
REQUEST		UC34_DELETE_/alert	1782724421718	1782724421933	OK	 
REQUEST		UC39_POST_/contacts	1782724421812	1782724422023	OK	 
REQUEST		UC31_GET_/compliance-profile/contacts	1782724421905	1782724422083	OK	 
REQUEST		UC33_GET_/detail	1782724422014	1782724422215	OK	 
REQUEST		UC39_POST_/contacts	1782724422109	1782724422314	OK	 
REQUEST		UC34_DELETE_/alert	1782724422218	1782724422434	OK	 
REQUEST		UC35_POST_/organization	1782724422313	1782724422528	OK	 
REQUEST	LoginWeb	settingsLogin	1782724422412	1782724422574	OK	 
REQUEST		UC38_POST_/counterparties	1782724422514	1782724422714	OK	 
REQUEST		UC34_DELETE_/alert	1782724422608	1782724422825	OK	 
REQUEST		UC35_POST_/organization	1782724422718	1782724422931	OK	 
REQUEST		UC32_GET_/compliance-profile	1782724422874	1782724423032	OK	 
REQUEST		UC40_GET_/mop2/{fflId}	1782724422828	1782724423056	OK	 
REQUEST		UC34_DELETE_/alert	1782724422983	1782724423178	OK	 
REQUEST		UC40_GET_/mop2/{fflId}	1782724423078	1782724423332	OK	 
REQUEST		UC35_POST_/organization	1782724423187	1782724423382	OK	 
REQUEST		UC36_POST_/mtb	1782724423280	1782724423477	OK	 
REQUEST	LoginWeb	newsLogin	1782724423378	1782724423581	OK	 
REQUEST		UC39_POST_/contacts	1782724423478	1782724423695	OK	 
REQUEST		UC35_POST_/organization	1782724423578	1782724423796	OK	 
REQUEST		UC36_POST_/mtb	1782724423702	1782724423910	OK	 
REQUEST		UC33_GET_/detail	1782724423798	1782724423985	OK	 
REQUEST		UC41_GET_/onboarding/{fflId}	1782724423874	1782724424052	OK	 
USER	EFSFinmonWebDebug	END	1782724424056
USER	EFSFinmonWebDebug	START	1782724424057
REQUEST		UC35_POST_/organization	1782724423983	1782724424181	OK	 
REQUEST		UC41_GET_/onboarding/{fflId}	1782724424079	1782724424281	OK	 
USER	EFSFinmonWebDebug	END	1782724424286
USER	EFSFinmonWebDebug	START	1782724424286
REQUEST		UC36_POST_/mtb	1782724424188	1782724424397	OK	 
REQUEST		UC37_POST_/dopInfo	1782724424282	1782724424498	OK	 
REQUEST	LoginWeb	preLogin	1782724424378	1782724424610	OK	 
REQUEST		UC40_GET_/mop2/{fflId}	1782724424485	1782724424709	OK	 
REQUEST		UC36_POST_/mtb	1782724424578	1782724424798	OK	 
REQUEST		UC37_POST_/dopInfo	1782724424702	1782724424907	OK	 
REQUEST		UC34_DELETE_/alert	1782724424780	1782724424989	OK	 
REQUEST	LoginWeb	first_login	1782724424874	1782724425054	OK	 
REQUEST		UC36_POST_/mtb	1782724424983	1782724425178	OK	 
REQUEST	LoginWeb	first_login	1782724425092	1782724425254	OK	 
REQUEST		UC37_POST_/dopInfo	1782724425186	1782724425394	OK	 
REQUEST		UC38_POST_/counterparties	1782724425280	1782724425492	OK	 
REQUEST	LoginWeb	login	1782724425378	1782724425642	OK	 
REQUEST		UC41_GET_/onboarding/{fflId}	1782724425484	1782724425678	OK	 
USER	EFSFinmonWebDebug	END	1782724425681
USER	EFSFinmonWebDebug	START	1782724425681
REQUEST		UC37_POST_/dopInfo	1782724425578	1782724425791	OK	 
REQUEST		UC38_POST_/counterparties	1782724425702	1782724425921	OK	 
REQUEST		UC35_POST_/organization	1782724425798	1782724426007	OK	 
REQUEST	LoginWeb	settingsLogin	1782724425874	1782724426056	OK	 
REQUEST		UC37_POST_/dopInfo	1782724425984	1782724426167	OK	 
REQUEST	LoginWeb	settingsLogin	1782724426078	1782724426261	OK	 
REQUEST		UC38_POST_/counterparties	1782724426187	1782724426372	OK	 
REQUEST		UC39_POST_/contacts	1782724426280	1782724426474	OK	 
REQUEST	LoginWeb	first_login	1782724426486	1782724426671	OK	 
REQUEST		UC38_POST_/counterparties	1782724426578	1782724426790	OK	 
REQUEST		UC39_POST_/contacts	1782724426702	1782724426893	OK	 
REQUEST		UC36_POST_/mtb	1782724426796	1782724427005	OK	 
REQUEST	LoginWeb	newsLogin	1782724426874	1782724427052	OK	 
REQUEST		UC38_POST_/counterparties	1782724426983	1782724427187	OK	 
REQUEST	LoginWeb	create	1782724426378	1782724427214	OK	 
REQUEST	LoginWeb	newsLogin	1782724427078	1782724427267	OK	 
REQUEST		UC39_POST_/contacts	1782724427181	1782724427377	OK	 
REQUEST		UC40_GET_/mop2/{fflId}	1782724427280	1782724427520	OK	 
REQUEST	LoginWeb	settingsLogin	1782724427378	1782724427578	OK	 
REQUEST		UC39_POST_/contacts	1782724427484	1782724427685	OK	 
REQUEST		UC40_GET_/mop2/{fflId}	1782724427593	1782724427824	OK	 
REQUEST		UC37_POST_/dopInfo	1782724427688	1782724427885	OK	 
REQUEST	LoginWeb	preLogin	1782724427796	1782724427992	OK	 
REQUEST	LoginWeb	decrypt	1782724427985	1782724428068	OK	 
GROUP	LoginWeb	1782724420578	1782724428070	1955	OK
ERROR	UC01_POST_/file-upload: Failed to build request: No attribute named 'requestId' is defined 	1782724428070
ERROR	UC02_POST_/send-to-bank: Failed to build request: No attribute named 'requestId' is defined 	1782724428070
REQUEST		UC39_POST_/contacts	1782724427876	1782724428070	OK	 
REQUEST	LoginWeb	preLogin	1782724428080	1782724428322	OK	 
REQUEST		UC40_GET_/mop2/{fflId}	1782724428178	1782724428399	OK	 
REQUEST		UC41_GET_/onboarding/{fflId}	1782724428280	1782724428474	OK	 
USER	EFSFinmonWebDebug	END	1782724428477
USER	EFSFinmonWebDebug	START	1782724428477
REQUEST	LoginWeb	newsLogin	1782724428378	1782724428574	OK	 
REQUEST		UC40_GET_/mop2/{fflId}	1782724428484	1782724428728	OK	 
REQUEST		UC41_GET_/onboarding/{fflId}	1782724428578	1782724428782	OK	 
USER	EFSFinmonWebDebug	END	1782724428785
USER	EFSFinmonWebDebug	START	1782724428786
REQUEST		UC38_POST_/counterparties	1782724428688	1782724428885	OK	 
REQUEST	LoginWeb	login	1782724428798	1782724429042	OK	 
REQUEST		UC40_GET_/mop2/{fflId}	1782724428983	1782724429197	OK	 
REQUEST		UC03_GET_/params	1782724428874	1782724429254	OK	 
ERROR	UC04_POST_/delete-file: Failed to build request: No attribute named 'pprbId' is defined 	1782724429256
REQUEST	LoginWeb	login	1782724429078	1782724429314	OK	 
REQUEST		UC41_GET_/onboarding/{fflId}	1782724429187	1782724429383	OK	 
USER	EFSFinmonWebDebug	END	1782724429387
USER	EFSFinmonWebDebug	START	1782724429388
REQUEST	LoginWeb	first_login	1782724429281	1782724429454	OK	 
REQUEST	LoginWeb	preLogin	1782724429378	1782724429625	OK	 
REQUEST		UC41_GET_/onboarding/{fflId}	1782724429484	1782724429674	OK	 
USER	EFSFinmonWebDebug	END	1782724429682
USER	EFSFinmonWebDebug	START	1782724429683
REQUEST		UC39_POST_/contacts	1782724429688	1782724429882	OK	 
REQUEST		UC41_GET_/onboarding/{fflId}	1782724429870	1782724430069	OK	 
USER	EFSFinmonWebDebug	END	1782724430087
USER	EFSFinmonWebDebug	START	1782724430087
REQUEST		UC05_GET_/download/{fileid}	1782724429988	1782724430169	OK	 
ERROR	UC06_GET_/detail-with-attachments/{fflId}: Failed to build request: No attribute named 'fflId' is defined 	1782724430171
REQUEST	LoginWeb	first_login	1782724429578	1782724430186	OK	 
REQUEST	LoginWeb	first_login	1782724430188	1782724430355	OK	 
REQUEST	LoginWeb	settingsLogin	1782724430296	1782724430456	OK	 
REQUEST	LoginWeb	create	1782724429784	1782724430554	OK	 
REQUEST	LoginWeb	login	1782724430389	1782724430650	OK	 
REQUEST	LoginWeb	first_login	1782724430488	1782724430664	OK	 
REQUEST		UC40_GET_/mop2/{fflId}	1782724430578	1782724430786	OK	 
REQUEST	LoginWeb	first_login	1782724430688	1782724430833	OK	 
REQUEST	LoginWeb	create	1782724430097	1782724430885	OK	 
REQUEST	LoginWeb	settingsLogin	1782724430878	1782724431066	OK	 
REQUEST		UC07_POST_/inform-list	1782724430780	1782724431102	OK	 
REQUEST	LoginWeb	settingsLogin	1782724430999	1782724431173	OK	 
REQUEST	LoginWeb	newsLogin	1782724431098	1782724431269	OK	 
REQUEST	LoginWeb	decrypt	1782724431203	1782724431283	OK	 
GROUP	LoginWeb	1782724424057	1782724431285	1830	OK
ERROR	UC01_POST_/file-upload: Failed to build request: No attribute named 'requestId' is defined 	1782724431285
ERROR	UC02_POST_/send-to-bank: Failed to build request: No attribute named 'requestId' is defined 	1782724431285
REQUEST	LoginWeb	settingsLogin	1782724431407	1782724431576	OK	 
REQUEST		UC41_GET_/onboarding/{fflId}	1782724431499	1782724431679	OK	 
USER	EFSFinmonWebDebug	END	1782724431683
USER	EFSFinmonWebDebug	START	1782724431683
REQUEST	LoginWeb	decrypt	1782724431688	1782724431764	OK	 
GROUP	LoginWeb	1782724424286	1782724431765	1876	OK
ERROR	UC01_POST_/file-upload: Failed to build request: No attribute named 'requestId' is defined 	1782724431765
ERROR	UC02_POST_/send-to-bank: Failed to build request: No attribute named 'requestId' is defined 	1782724431765
REQUEST	LoginWeb	settingsLogin	1782724431608	1782724431790	OK	 
REQUEST	LoginWeb	newsLogin	1782724431798	1782724432048	OK	 
REQUEST	LoginWeb	create	1782724431298	1782724432072	OK	 
REQUEST		UC08_POST_/send-to-bank/{fflId}	1782724431890	1782724432096	OK	 
REQUEST	LoginWeb	newsLogin	1782724432014	1782724432207	OK	 
REQUEST	LoginWeb	preLogin	1782724432109	1782724432315	OK	 
REQUEST	LoginWeb	newsLogin	1782724432312	1782724432524	OK	 
REQUEST		UC03_GET_/params	1782724432218	1782724432542	OK	 
ERROR	UC04_POST_/delete-file: Failed to build request: No attribute named 'pprbId' is defined 	1782724432543
REQUEST	LoginWeb	first_login	1782724432408	1782724432561	OK	 
REQUEST	LoginWeb	newsLogin	1782724432608	1782724432804	OK	 
REQUEST		UC03_GET_/params	1782724432515	1782724432822	OK	 
ERROR	UC04_POST_/delete-file: Failed to build request: No attribute named 'pprbId' is defined 	1782724432824
REQUEST	LoginWeb	decrypt	1782724432798	1782724432887	OK	 
GROUP	LoginWeb	1782724425681	1782724432889	1952	OK
ERROR	UC01_POST_/file-upload: Failed to build request: No attribute named 'requestId' is defined 	1782724432889
ERROR	UC02_POST_/send-to-bank: Failed to build request: No attribute named 'requestId' is defined 	1782724432889
REQUEST	LoginWeb	preLogin	1782724432734	1782724432960	OK	 
REQUEST		UC09_GET_/requests-and-inform	1782724432890	1782724433138	OK	 
REQUEST	LoginWeb	preLogin	1782724433010	1782724433245	OK	 
REQUEST	LoginWeb	login	1782724433109	1782724433376	OK	 
REQUEST	LoginWeb	preLogin	1782724433218	1782724433427	OK	 
REQUEST		UC05_GET_/download/{fileid}	1782724433313	1782724433500	OK	 
ERROR	UC06_GET_/detail-with-attachments/{fflId}: Failed to build request: No attribute named 'fflId' is defined 	1782724433501
REQUEST	LoginWeb	settingsLogin	1782724433408	1782724433605	OK	 
REQUEST	LoginWeb	preLogin	1782724433516	1782724433736	OK	 
REQUEST		UC05_GET_/download/{fileid}	1782724433609	1782724433799	OK	 
ERROR	UC06_GET_/detail-with-attachments/{fflId}: Failed to build request: No attribute named 'fflId' is defined 	1782724433800
REQUEST		UC03_GET_/params	1782724433718	1782724434040	OK	 
ERROR	UC04_POST_/delete-file: Failed to build request: No attribute named 'pprbId' is defined 	1782724434041
REQUEST	LoginWeb	login	1782724433798	1782724434054	OK	 
REQUEST		UC10_POST_/mop-1-0	1782724433890	1782724434170	OK	 
REQUEST	LoginWeb	login	1782724434015	1782724434241	OK	 
REQUEST	LoginWeb	login	1782724434217	1782724434499	OK	 
REQUEST		UC07_POST_/inform-list	1782724434312	1782724434565	OK	 
REQUEST	LoginWeb	newsLogin	1782724434408	1782724434603	OK	 
REQUEST	LoginWeb	login	1782724434515	1782724434765	OK	 
REQUEST	LoginWeb	create	1782724434108	1782724434866	OK	 
REQUEST		UC07_POST_/inform-list	1782724434624	1782724434871	OK	 
REQUEST		UC05_GET_/download/{fileid}	1782724434702	1782724434910	OK	 
ERROR	UC06_GET_/detail-with-attachments/{fflId}: Failed to build request: No attribute named 'fflId' is defined 	1782724434911
REQUEST		UC11_POST_/online-control	1782724434889	1782724435165	OK	 
REQUEST		UC08_POST_/send-to-bank/{fflId}	1782724435218	1782724435412	OK	 
REQUEST	LoginWeb	preLogin	1782724435313	1782724435537	OK	 
REQUEST	LoginWeb	decrypt	1782724435516	1782724435588	OK	 
GROUP	LoginWeb	1782724428478	1782724435589	1807	OK
ERROR	UC01_POST_/file-upload: Failed to build request: No attribute named 'requestId' is defined 	1782724435589
ERROR	UC02_POST_/send-to-bank: Failed to build request: No attribute named 'requestId' is defined 	1782724435589
REQUEST	LoginWeb	create	1782724434811	1782724435668	OK	 
REQUEST		UC08_POST_/send-to-bank/{fflId}	1782724435609	1782724435805	OK	 
REQUEST	LoginWeb	create	1782724435014	1782724435856	OK	 
REQUEST	LoginWeb	create	1782724435109	1782724435941	OK	 
REQUEST		UC07_POST_/inform-list	1782724435718	1782724436014	OK	 
REQUEST		UC12_GET_/rehabilitation	1782724435812	1782724436116	OK	 
REQUEST		UC09_GET_/requests-and-inform	1782724435878	1782724436127	OK	 
REQUEST	LoginWeb	create	1782724435408	1782724436246	OK	 
REQUEST	LoginWeb	login	1782724435999	1782724436252	OK	 
REQUEST	LoginWeb	decrypt	1782724436218	1782724436311	OK	 
GROUP	LoginWeb	1782724428786	1782724436312	2478	OK
ERROR	UC01_POST_/file-upload: Failed to build request: No attribute named 'requestId' is defined 	1782724436312
ERROR	UC02_POST_/send-to-bank: Failed to build request: No attribute named 'requestId' is defined 	1782724436312
REQUEST		UC03_GET_/params	1782724436098	1782724436409	OK	 
ERROR	UC04_POST_/delete-file: Failed to build request: No attribute named 'pprbId' is defined 	1782724436411
REQUEST	LoginWeb	decrypt	1782724436400	1782724436485	OK	 
GROUP	LoginWeb	1782724429388	1782724436486	1922	OK
ERROR	UC01_POST_/file-upload: Failed to build request: No attribute named 'requestId' is defined 	1782724436486
ERROR	UC02_POST_/send-to-bank: Failed to build request: No attribute named 'requestId' is defined 	1782724436487
REQUEST		UC09_GET_/requests-and-inform	1782724436298	1782724436527	OK	 
REQUEST	LoginWeb	decrypt	1782724436498	1782724436583	OK	 
GROUP	LoginWeb	1782724429683	1782724436584	1965	OK
ERROR	UC01_POST_/file-upload: Failed to build request: No attribute named 'requestId' is defined 	1782724436584
ERROR	UC02_POST_/send-to-bank: Failed to build request: No attribute named 'requestId' is defined 	1782724436584
REQUEST		UC08_POST_/send-to-bank/{fflId}	1782724436603	1782724436798	OK	 
REQUEST		UC13_GET_/unread-tabs	1782724436696	1782724436884	OK	 
REQUEST	LoginWeb	decrypt	1782724436896	1782724436977	OK	 
GROUP	LoginWeb	1782724430087	1782724436979	1912	OK
ERROR	UC01_POST_/file-upload: Failed to build request: No attribute named 'requestId' is defined 	1782724436979
ERROR	UC02_POST_/send-to-bank: Failed to build request: No attribute named 'requestId' is defined 	1782724436979
REQUEST		UC10_POST_/mop-1-0	1782724436801	1782724437081	OK	 
REQUEST		UC05_GET_/download/{fileid}	1782724437198	1782724437367	OK	 
ERROR	UC06_GET_/detail-with-attachments/{fflId}: Failed to build request: No attribute named 'fflId' is defined 	1782724437368
REQUEST		UC03_GET_/params	1782724437100	1782724437466	OK	 
ERROR	UC04_POST_/delete-file: Failed to build request: No attribute named 'pprbId' is defined 	1782724437468
REQUEST		UC03_GET_/params	1782724437298	1782724437648	OK	 
ERROR	UC04_POST_/delete-file: Failed to build request: No attribute named 'pprbId' is defined 	1782724437650
REQUEST		UC10_POST_/mop-1-0	1782724437406	1782724437692	OK	 
REQUEST		UC09_GET_/requests-and-inform	1782724437598	1782724437840	OK	 
REQUEST	LoginWeb	create	1782724437005	1782724437846	OK	 
REQUEST		UC03_GET_/params	1782724437500	1782724437860	OK	 
ERROR	UC04_POST_/delete-file: Failed to build request: No attribute named 'pprbId' is defined 	1782724437876
REQUEST		UC14_POST_/detail	1782724437703	1782724437868	OK	 
REQUEST		UC11_POST_/online-control	1782724437874	1782724438143	OK	 
REQUEST		UC03_GET_/params	1782724437827	1782724438171	OK	 
ERROR	UC04_POST_/delete-file: Failed to build request: No attribute named 'pprbId' is defined 	1782724438172
REQUEST		UC07_POST_/inform-list	1782724437983	1782724438238	OK	 
REQUEST		UC05_GET_/download/{fileid}	1782724438078	1782724438280	OK	 
ERROR	UC06_GET_/detail-with-attachments/{fflId}: Failed to build request: No attribute named 'fflId' is defined 	1782724438281
REQUEST		UC05_GET_/download/{fileid}	1782724438187	1782724438376	OK	 
ERROR	UC06_GET_/detail-with-attachments/{fflId}: Failed to build request: No attribute named 'fflId' is defined 	1782724438377
REQUEST		UC11_POST_/online-control	1782724438281	1782724438537	OK	 
REQUEST	LoginWeb	decrypt	1782724438484	1782724438558	OK	 
GROUP	LoginWeb	1782724431683	1782724438559	1937	OK
ERROR	UC01_POST_/file-upload: Failed to build request: No attribute named 'requestId' is defined 	1782724438559
ERROR	UC02_POST_/send-to-bank: Failed to build request: No attribute named 'requestId' is defined 	1782724438559
REQUEST		UC10_POST_/mop-1-0	1782724438378	1782724438659	OK	 
REQUEST		UC15_POST_/callback	1782724438593	1782724438794	OK	 
REQUEST		UC05_GET_/download/{fileid}	1782724438688	1782724438895	OK	 
ERROR	UC06_GET_/detail-with-attachments/{fflId}: Failed to build request: No attribute named 'fflId' is defined 	1782724438896
REQUEST		UC05_GET_/download/{fileid}	1782724438874	1782724439061	OK	 
ERROR	UC06_GET_/detail-with-attachments/{fflId}: Failed to build request: No attribute named 'fflId' is defined 	1782724439062
REQUEST		UC12_GET_/rehabilitation	1782724438781	1782724439079	OK	 
REQUEST		UC08_POST_/send-to-bank/{fflId}	1782724438983	1782724439173	OK	 
REQUEST		UC07_POST_/inform-list	1782724439078	1782724439374	OK	 
REQUEST		UC07_POST_/inform-list	1782724439187	1782724439512	OK	 
REQUEST		UC12_GET_/rehabilitation	1782724439280	1782724439565	OK	 
REQUEST		UC16_PUT_/callback	1782724439578	1782724439731	OK	 
REQUEST		UC11_POST_/online-control	1782724439484	1782724439749	OK	 
REQUEST		UC03_GET_/params	1782724439380	1782724439757	OK	 
ERROR	UC04_POST_/delete-file: Failed to build request: No attribute named 'pprbId' is defined 	1782724439768
REQUEST		UC07_POST_/inform-list	1782724439688	1782724439985	OK	 
REQUEST		UC13_GET_/unread-tabs	1782724439872	1782724440055	OK	 
REQUEST		UC07_POST_/inform-list	1782724439801	1782724440086	OK	 
REQUEST		UC09_GET_/requests-and-inform	1782724440001	1782724440260	OK	 
REQUEST		UC08_POST_/send-to-bank/{fflId}	1782724440114	1782724440329	OK	 
REQUEST		UC08_POST_/send-to-bank/{fflId}	1782724440204	1782724440397	OK	 
REQUEST		UC13_GET_/unread-tabs	1782724440298	1782724440482	OK	 
REQUEST		UC17_DELETE_/callback?taskId={taskIdCB}	1782724440408	1782724440606	OK	 
REQUEST		UC05_GET_/download/{fileid}	1782724440598	1782724440796	OK	 
ERROR	UC06_GET_/detail-with-attachments/{fflId}: Failed to build request: No attribute named 'fflId' is defined 	1782724440797
REQUEST		UC12_GET_/rehabilitation	1782724440499	1782724440805	OK	 
REQUEST		UC08_POST_/send-to-bank/{fflId}	1782724440702	1782724440896	OK	 
REQUEST		UC14_POST_/detail	1782724440780	1782724440937	OK	 
REQUEST		UC08_POST_/send-to-bank/{fflId}	1782724440878	1782724441077	OK	 
REQUEST		UC10_POST_/mop-1-0	1782724440999	1782724441268	OK	 
REQUEST		UC09_GET_/requests-and-inform	1782724441098	1782724441370	OK	 
REQUEST		UC09_GET_/requests-and-inform	1782724441203	1782724441455	OK	 
REQUEST		UC14_POST_/detail	1782724441298	1782724441473	OK	 
REQUEST		UC18_GET_/compliance-helper	1782724441407	1782724441566	OK	 
REQUEST		UC13_GET_/unread-tabs	1782724441608	1782724441804	OK	 
REQUEST		UC07_POST_/inform-list	1782724441514	1782724441837	OK	 
REQUEST		UC09_GET_/requests-and-inform	1782724441702	1782724441946	OK	 
REQUEST		UC15_POST_/callback	1782724441795	1782724442000	OK	 
REQUEST		UC09_GET_/requests-and-inform	1782724441889	1782724442150	OK	 
REQUEST		UC11_POST_/online-control	1782724442009	1782724442255	OK	 
REQUEST		UC10_POST_/mop-1-0	1782724442109	1782724442415	OK	 
REQUEST		UC10_POST_/mop-1-0	1782724442218	1782724442497	OK	 
REQUEST		UC15_POST_/callback	1782724442313	1782724442507	OK	 
REQUEST		UC19_GET_/activation	1782724442408	1782724442579	OK	 
REQUEST		UC14_POST_/detail	1782724442516	1782724442681	OK	 
REQUEST		UC08_POST_/send-to-bank/{fflId}	1782724442609	1782724442810	OK	 
REQUEST		UC16_PUT_/callback	1782724442812	1782724442971	OK	 
REQUEST		UC10_POST_/mop-1-0	1782724442718	1782724443016	OK	 
REQUEST		UC10_POST_/mop-1-0	1782724442890	1782724443152	OK	 
REQUEST		UC12_GET_/rehabilitation	1782724443015	1782724443295	OK	 
REQUEST		UC11_POST_/online-control	1782724443109	1782724443395	OK	 
REQUEST		UC16_PUT_/callback	1782724443308	1782724443458	OK	 
REQUEST		UC11_POST_/online-control	1782724443210	1782724443465	OK	 
REQUEST		UC20_GET_/change-tariff	1782724443414	1782724443585	OK	 
REQUEST		UC15_POST_/callback	1782724443508	1782724443720	OK	 
REQUEST		UC09_GET_/requests-and-inform	1782724443611	1782724443886	OK	 
REQUEST		UC17_DELETE_/callback?taskId={taskIdCB}	1782724443717	1782724443916	OK	 
REQUEST		UC11_POST_/online-control	1782724443810	1782724444092	OK	 
REQUEST		UC11_POST_/online-control	1782724443890	1782724444139	OK	 
REQUEST		UC13_GET_/unread-tabs	1782724444013	1782724444195	OK	 
REQUEST		UC17_DELETE_/callback?taskId={taskIdCB}	1782724444218	1782724444402	OK	 
REQUEST		UC12_GET_/rehabilitation	1782724444108	1782724444448	OK	 
REQUEST		UC21_GET_/user-permissions	1782724444408	1782724444573	OK	 
REQUEST		UC12_GET_/rehabilitation	1782724444312	1782724444611	OK	 
REQUEST		UC16_PUT_/callback	1782724444515	1782724444673	OK	 
REQUEST		UC18_GET_/compliance-helper	1782724444718	1782724444874	OK	 
REQUEST		UC10_POST_/mop-1-0	1782724444609	1782724444904	OK	 
REQUEST		UC12_GET_/rehabilitation	1782724444798	1782724445114	OK	 
REQUEST		UC14_POST_/detail	1782724445015	1782724445182	OK	 
REQUEST		UC12_GET_/rehabilitation	1782724444890	1782724445207	OK	 
REQUEST		UC18_GET_/compliance-helper	1782724445109	1782724445277	OK	 
REQUEST		UC13_GET_/unread-tabs	1782724445208	1782724445424	OK	 
REQUEST		UC13_GET_/unread-tabs	1782724445408	1782724445600	OK	 
REQUEST		UC22_GET_/print-form	1782724445312	1782724445672	OK	 
REQUEST		UC17_DELETE_/callback?taskId={taskIdCB}	1782724445516	1782724445706	OK	 
REQUEST		UC19_GET_/activation	1782724445609	1782724445768	OK	 
REQUEST		UC11_POST_/online-control	1782724445718	1782724445985	OK	 
REQUEST		UC13_GET_/unread-tabs	1782724445811	1782724445992	OK	 
REQUEST		UC15_POST_/callback	1782724445889	1782724446093	OK	 
REQUEST		UC13_GET_/unread-tabs	1782724446014	1782724446200	OK	 
REQUEST		UC19_GET_/activation	1782724446108	1782724446261	OK	 
REQUEST		UC14_POST_/detail	1782724446218	1782724446395	OK	 
REQUEST		UC14_POST_/detail	1782724446312	1782724446488	OK	 
REQUEST		UC18_GET_/compliance-helper	1782724446499	1782724446683	OK	 
REQUEST		UC20_GET_/change-tariff	1782724446609	1782724446772	OK	 
REQUEST		UC23_GET_/rejections	1782724446406	1782724446785	OK	 
REQUEST		UC14_POST_/detail	1782724446828	1782724446999	OK	 
REQUEST		UC12_GET_/rehabilitation	1782724446718	1782724447044	OK	 
REQUEST		UC16_PUT_/callback	1782724446890	1782724447046	OK	 
REQUEST		UC14_POST_/detail	1782724447015	1782724447192	OK	 
REQUEST		UC20_GET_/change-tariff	1782724447109	1782724447274	OK	 
REQUEST		UC15_POST_/callback	1782724447208	1782724447409	OK	 
REQUEST		UC15_POST_/callback	1782724447308	1782724447524	OK	 
REQUEST		UC19_GET_/activation	1782724447408	1782724447566	OK	 
REQUEST		UC21_GET_/user-permissions	1782724447514	1782724447685	OK	 
REQUEST		UC24_GET_/rejection/{operationId}	1782724447608	1782724447910	OK	 
REQUEST		UC15_POST_/callback	1782724447718	1782724447933	OK	 
REQUEST		UC13_GET_/unread-tabs	1782724447827	1782724448028	OK	 
REQUEST		UC17_DELETE_/callback?taskId={taskIdCB}	1782724447890	1782724448072	OK	 
REQUEST		UC15_POST_/callback	1782724448015	1782724448206	OK	 
REQUEST		UC21_GET_/user-permissions	1782724448109	1782724448249	OK	 
REQUEST		UC16_PUT_/callback	1782724448218	1782724448391	OK	 
REQUEST		UC16_PUT_/callback	1782724448313	1782724448469	OK	 
REQUEST		UC20_GET_/change-tariff	1782724448420	1782724448587	OK	 
REQUEST		UC25_GET_/active-switchers	1782724448608	1782724448775	OK	 
REQUEST		UC16_PUT_/callback	1782724448702	1782724448847	OK	 
REQUEST		UC22_GET_/print-form	1782724448514	1782724448857	OK	 
REQUEST		UC14_POST_/detail	1782724448811	1782724448995	OK	 
REQUEST		UC18_GET_/compliance-helper	1782724448878	1782724449028	OK	 
REQUEST		UC16_PUT_/callback	1782724448999	1782724449151	OK	 
REQUEST		UC17_DELETE_/callback?taskId={taskIdCB}	1782724449203	1782724449415	OK	 
REQUEST		UC22_GET_/print-form	1782724449098	1782724449437	OK	 
REQUEST		UC17_DELETE_/callback?taskId={taskIdCB}	1782724449298	1782724449504	OK	 
REQUEST		UC21_GET_/user-permissions	1782724449406	1782724449561	OK	 
REQUEST		UC26_GET_/system-parameters	1782724449500	1782724449672	OK	 
REQUEST		UC17_DELETE_/callback?taskId={taskIdCB}	1782724449598	1782724449790	OK	 
REQUEST		UC15_POST_/callback	1782724449801	1782724450014	OK	 
REQUEST		UC23_GET_/rejections	1782724449703	1782724450021	OK	 
REQUEST		UC19_GET_/activation	1782724449894	1782724450058	OK	 
REQUEST		UC17_DELETE_/callback?taskId={taskIdCB}	1782724450002	1782724450205	OK	 
REQUEST		UC18_GET_/compliance-helper	1782724450108	1782724450274	OK	 
REQUEST		UC18_GET_/compliance-helper	1782724450298	1782724450453	OK	 
REQUEST		UC23_GET_/rejections	1782724450202	1782724450558	OK	 
REQUEST		UC27_GET_/organization	1782724450498	1782724450661	OK	 
REQUEST		UC22_GET_/print-form	1782724450405	1782724450743	OK	 
REQUEST		UC18_GET_/compliance-helper	1782724450608	1782724450768	OK	 
REQUEST		UC16_PUT_/callback	1782724450733	1782724450902	OK	 
REQUEST		UC20_GET_/change-tariff	1782724450874	1782724451037	OK	 
REQUEST		UC24_GET_/rejection/{operationId}	1782724450811	1782724451100	OK	 
REQUEST		UC18_GET_/compliance-helper	1782724450983	1782724451149	OK	 
REQUEST		UC19_GET_/activation	1782724451078	1782724451241	OK	 
REQUEST		UC19_GET_/activation	1782724451187	1782724451337	OK	 
REQUEST		UC24_GET_/rejection/{operationId}	1782724451280	1782724451535	OK	 
REQUEST		UC28_GET_/compliance-profile/mtb	1782724451378	1782724451549	OK	 
REQUEST		UC19_GET_/activation	1782724451593	1782724451755	OK	 
REQUEST		UC23_GET_/rejections	1782724451488	1782724451847	OK	 
REQUEST		UC17_DELETE_/callback?taskId={taskIdCB}	1782724451688	1782724451895	OK	 
REQUEST		UC21_GET_/user-permissions	1782724451811	1782724451966	OK	 
REQUEST		UC25_GET_/active-switchers	1782724451874	1782724452048	OK	 
REQUEST		UC19_GET_/activation	1782724451983	1782724452129	OK	 
REQUEST		UC20_GET_/change-tariff	1782724452078	1782724452243	OK	 
REQUEST		UC20_GET_/change-tariff	1782724452186	1782724452343	OK	 
REQUEST		UC25_GET_/active-switchers	1782724452280	1782724452441	OK	 
REQUEST		UC29_GET_/dopInfo	1782724452378	1782724452541	OK	 
REQUEST		UC20_GET_/change-tariff	1782724452484	1782724452643	OK	 
REQUEST		UC24_GET_/rejection/{operationId}	1782724452578	1782724452861	OK	 
REQUEST		UC18_GET_/compliance-helper	1782724452688	1782724452862	OK	 
REQUEST		UC26_GET_/system-parameters	1782724452874	1782724453058	OK	 
REQUEST		UC22_GET_/print-form	1782724452798	1782724453123	OK	 
REQUEST		UC20_GET_/change-tariff	1782724452983	1782724453140	OK	 
REQUEST		UC21_GET_/user-permissions	1782724453078	1782724453238	OK	 
REQUEST		UC21_GET_/user-permissions	1782724453186	1782724453327	OK	 
REQUEST		UC26_GET_/system-parameters	1782724453280	1782724453451	OK	 
REQUEST		UC30_GET_/counterparties	1782724453378	1782724453537	OK	 
REQUEST		UC21_GET_/user-permissions	1782724453483	1782724453632	OK	 
REQUEST		UC25_GET_/active-switchers	1782724453609	1782724453788	OK	 
REQUEST		UC19_GET_/activation	1782724453692	1782724453845	OK	 
REQUEST		UC27_GET_/organization	1782724453796	1782724453974	OK	 
REQUEST		UC21_GET_/user-permissions	1782724453984	1782724454138	OK	 
REQUEST		UC23_GET_/rejections	1782724453875	1782724454192	OK	 
REQUEST		UC22_GET_/print-form	1782724454078	1782724454416	OK	 
REQUEST		UC27_GET_/organization	1782724454280	1782724454455	OK	 
REQUEST		UC22_GET_/print-form	1782724454188	1782724454537	OK	 
REQUEST		UC31_GET_/compliance-profile/contacts	1782724454378	1782724454547	OK	 
REQUEST		UC26_GET_/system-parameters	1782724454579	1782724454747	OK	 
REQUEST		UC22_GET_/print-form	1782724454486	1782724454822	OK	 
REQUEST		UC20_GET_/change-tariff	1782724454678	1782724454841	OK	 
REQUEST		UC28_GET_/compliance-profile/mtb	1782724454796	1782724454966	OK	 
REQUEST		UC22_GET_/print-form	1782724454874	1782724455226	OK	 
REQUEST		UC24_GET_/rejection/{operationId}	1782724454983	1782724455240	OK	 
REQUEST		UC28_GET_/compliance-profile/mtb	1782724455187	1782724455348	OK	 
REQUEST		UC23_GET_/rejections	1782724455078	1782724455491	OK	 
REQUEST		UC32_GET_/compliance-profile	1782724455390	1782724455553	OK	 
REQUEST		UC27_GET_/organization	1782724455499	1782724455657	OK	 
REQUEST		UC23_GET_/rejections	1782724455296	1782724455658	OK	 
REQUEST		UC21_GET_/user-permissions	1782724455687	1782724455830	OK	 
REQUEST		UC29_GET_/dopInfo	1782724455791	1782724455956	OK	 
REQUEST		UC23_GET_/rejections	1782724455593	1782724455978	OK	 
REQUEST		UC25_GET_/active-switchers	1782724455983	1782724456140	OK	 
REQUEST		UC23_GET_/rejections	1782724455874	1782724456196	OK	 
REQUEST		UC29_GET_/dopInfo	1782724456078	1782724456235	OK	 
REQUEST		UC33_GET_/detail	1782724456281	1782724456473	OK	 
REQUEST		UC24_GET_/rejection/{operationId}	1782724456187	1782724456488	OK	 
REQUEST		UC28_GET_/compliance-profile/mtb	1782724456378	1782724456551	OK	 
REQUEST		UC24_GET_/rejection/{operationId}	1782724456483	1782724456743	OK	 
REQUEST		UC30_GET_/counterparties	1782724456688	1782724456849	OK	 
REQUEST		UC22_GET_/print-form	1782724456578	1782724456945	OK	 
REQUEST		UC26_GET_/system-parameters	1782724456868	1782724457017	OK	 
REQUEST		UC24_GET_/rejection/{operationId}	1782724456798	1782724457055	OK	 
REQUEST		UC30_GET_/counterparties	1782724457098	1782724457245	OK	 
REQUEST		UC24_GET_/rejection/{operationId}	1782724456999	1782724457262	OK	 
REQUEST		UC34_DELETE_/alert	1782724457203	1782724457396	OK	 
REQUEST		UC25_GET_/active-switchers	1782724457298	1782724457459	OK	 
REQUEST		UC29_GET_/dopInfo	1782724457398	1782724457559	OK	 
REQUEST		UC25_GET_/active-switchers	1782724457499	1782724457659	OK	 
REQUEST		UC31_GET_/compliance-profile/contacts	1782724457608	1782724457767	OK	 
REQUEST		UC27_GET_/organization	1782724457780	1782724457932	OK	 
REQUEST		UC25_GET_/active-switchers	1782724457905	1782724458066	OK	 
REQUEST		UC23_GET_/rejections	1782724457688	1782724458090	OK	 
REQUEST		UC31_GET_/compliance-profile/contacts	1782724458015	1782724458162	OK	 
REQUEST		UC25_GET_/active-switchers	1782724458108	1782724458281	OK	 
REQUEST		UC35_POST_/organization	1782724458218	1782724458418	OK	 
REQUEST		UC26_GET_/system-parameters	1782724458313	1782724458503	OK	 
REQUEST		UC30_GET_/counterparties	1782724458408	1782724458567	OK	 
REQUEST		UC26_GET_/system-parameters	1782724458514	1782724458680	OK	 
REQUEST		UC32_GET_/compliance-profile	1782724458608	1782724458771	OK	 
REQUEST		UC28_GET_/compliance-profile/mtb	1782724458738	1782724458890	OK	 
REQUEST		UC26_GET_/system-parameters	1782724458827	1782724458994	OK	 
REQUEST		UC32_GET_/compliance-profile	1782724458978	1782724459141	OK	 
REQUEST		UC24_GET_/rejection/{operationId}	1782724458874	1782724459170	OK	 
REQUEST		UC26_GET_/system-parameters	1782724459078	1782724459246	OK	 
REQUEST		UC36_POST_/mtb	1782724459187	1782724459383	OK	 
REQUEST		UC27_GET_/organization	1782724459280	1782724459470	OK	 
REQUEST		UC31_GET_/compliance-profile/contacts	1782724459378	1782724459530	OK	 
REQUEST		UC27_GET_/organization	1782724459484	1782724459653	OK	 
REQUEST		UC33_GET_/detail	1782724459578	1782724459757	OK	 
REQUEST		UC29_GET_/dopInfo	1782724459688	1782724459840	OK	 
REQUEST		UC27_GET_/organization	1782724459798	1782724459963	OK	 
REQUEST		UC33_GET_/detail	1782724459868	1782724460060	OK	 
REQUEST		UC25_GET_/active-switchers	1782724459989	1782724460180	OK	 
REQUEST		UC27_GET_/organization	1782724460093	1782724460246	OK	 
REQUEST		UC37_POST_/dopInfo	1782724460190	1782724460377	OK	 
REQUEST		UC28_GET_/compliance-profile/mtb	1782724460288	1782724460478	OK	 
REQUEST		UC32_GET_/compliance-profile	1782724460394	1782724460559	OK	 
REQUEST		UC28_GET_/compliance-profile/mtb	1782724460488	1782724460654	OK	 
REQUEST		UC34_DELETE_/alert	1782724460592	1782724460791	OK	 
REQUEST		UC30_GET_/counterparties	1782724460688	1782724460856	OK	 
REQUEST		UC28_GET_/compliance-profile/mtb	1782724460780	1782724460946	OK	 
REQUEST		UC34_DELETE_/alert	1782724460889	1782724461087	OK	 
REQUEST		UC26_GET_/system-parameters	1782724461014	1782724461193	OK	 
REQUEST		UC28_GET_/compliance-profile/mtb	1782724461124	1782724461278	OK	 
REQUEST		UC38_POST_/counterparties	1782724461218	1782724461419	OK	 
REQUEST		UC29_GET_/dopInfo	1782724461312	1782724461500	OK	 
REQUEST		UC33_GET_/detail	1782724461408	1782724461615	OK	 
REQUEST		UC29_GET_/dopInfo	1782724461515	1782724461672	OK	 
REQUEST		UC35_POST_/organization	1782724461609	1782724461816	OK	 
REQUEST		UC31_GET_/compliance-profile/contacts	1782724461718	1782724461872	OK	 
REQUEST		UC29_GET_/dopInfo	1782724461798	1782724461942	OK	 
REQUEST		UC35_POST_/organization	1782724461890	1782724462092	OK	 
REQUEST		UC27_GET_/organization	1782724462016	1782724462207	OK	 
REQUEST		UC29_GET_/dopInfo	1782724462109	1782724462277	OK	 
REQUEST		UC39_POST_/contacts	1782724462217	1782724462399	OK	 
REQUEST		UC30_GET_/counterparties	1782724462312	1782724462471	OK	 
REQUEST		UC34_DELETE_/alert	1782724462408	1782724462591	OK	 
REQUEST		UC30_GET_/counterparties	1782724462516	1782724462693	OK	 
REQUEST		UC36_POST_/mtb	1782724462609	1782724462798	OK	 
REQUEST		UC32_GET_/compliance-profile	1782724462717	1782724462876	OK	 
REQUEST		UC30_GET_/counterparties	1782724462811	1782724462965	OK	 
REQUEST		UC36_POST_/mtb	1782724462889	1782724463089	OK	 
REQUEST		UC28_GET_/compliance-profile/mtb	1782724463014	1782724463193	OK	 
REQUEST		UC30_GET_/counterparties	1782724463109	1782724463285	OK	 
REQUEST		UC40_GET_/mop2/{fflId}	1782724463213	1782724463464	OK	 
REQUEST		UC31_GET_/compliance-profile/contacts	1782724463313	1782724463471	OK	 
REQUEST		UC35_POST_/organization	1782724463408	1782724463594	OK	 
REQUEST		UC31_GET_/compliance-profile/contacts	1782724463516	1782724463660	OK	 
REQUEST		UC37_POST_/dopInfo	1782724463610	1782724463805	OK	 
REQUEST		UC33_GET_/detail	1782724463708	1782724463884	OK	 
REQUEST		UC31_GET_/compliance-profile/contacts	1782724463798	1782724463975	OK	 
REQUEST		UC37_POST_/dopInfo	1782724463878	1782724464069	OK	 
REQUEST		UC29_GET_/dopInfo	1782724463998	1782724464170	OK	 
REQUEST		UC31_GET_/compliance-profile/contacts	1782724464108	1782724464269	OK	 
REQUEST		UC41_GET_/onboarding/{fflId}	1782724464202	1782724464374	OK	 
USER	EFSFinmonWebDebug	END	1782724464377
USER	EFSFinmonWebDebug	START	1782724464378
REQUEST		UC32_GET_/compliance-profile	1782724464311	1782724464469	OK	 
REQUEST		UC36_POST_/mtb	1782724464405	1782724464616	OK	 
REQUEST		UC32_GET_/compliance-profile	1782724464499	1782724464650	OK	 
REQUEST		UC38_POST_/counterparties	1782724464608	1782724464802	OK	 
REQUEST		UC34_DELETE_/alert	1782724464702	1782724464875	OK	 
REQUEST		UC32_GET_/compliance-profile	1782724464798	1782724464946	OK	 
REQUEST		UC38_POST_/counterparties	1782724464889	1782724465098	OK	 
REQUEST		UC30_GET_/counterparties	1782724465015	1782724465197	OK	 
REQUEST		UC32_GET_/compliance-profile	1782724465109	1782724465261	OK	 
REQUEST	LoginWeb	first_login	1782724465218	1782724465404	OK	 
REQUEST		UC33_GET_/detail	1782724465312	1782724465534	OK	 
REQUEST		UC37_POST_/dopInfo	1782724465408	1782724465605	OK	 
REQUEST		UC33_GET_/detail	1782724465515	1782724465709	OK	 
REQUEST		UC39_POST_/contacts	1782724465608	1782724465810	OK	 
REQUEST		UC35_POST_/organization	1782724465718	1782724465922	OK	 
REQUEST		UC33_GET_/detail	1782724465812	1782724466015	OK	 
REQUEST		UC39_POST_/contacts	1782724465879	1782724466074	OK	 
REQUEST		UC31_GET_/compliance-profile/contacts	1782724466014	1782724466187	OK	 
REQUEST		UC33_GET_/detail	1782724466109	1782724466298	OK	 
REQUEST	LoginWeb	settingsLogin	1782724466218	1782724466381	OK	 
REQUEST		UC34_DELETE_/alert	1782724466312	1782724466523	OK	 
REQUEST		UC38_POST_/counterparties	1782724466421	1782724466635	OK	 
REQUEST		UC34_DELETE_/alert	1782724466515	1782724466777	OK	 
REQUEST		UC40_GET_/mop2/{fflId}	1782724466609	1782724466850	OK	 
REQUEST		UC36_POST_/mtb	1782724466702	1782724466880	OK	 
REQUEST		UC34_DELETE_/alert	1782724466798	1782724466998	OK	 
REQUEST		UC40_GET_/mop2/{fflId}	1782724466908	1782724467143	OK	 
REQUEST		UC32_GET_/compliance-profile	1782724467030	1782724467205	OK	 
REQUEST		UC34_DELETE_/alert	1782724467128	1782724467311	OK	 
REQUEST	LoginWeb	newsLogin	1782724467234	1782724467452	OK	 
REQUEST		UC35_POST_/organization	1782724467328	1782724467549	OK	 
REQUEST		UC39_POST_/contacts	1782724467438	1782724467689	OK	 
REQUEST		UC35_POST_/organization	1782724467530	1782724467729	OK	 
REQUEST		UC41_GET_/onboarding/{fflId}	1782724467628	1782724467797	OK	 
USER	EFSFinmonWebDebug	END	1782724467801
USER	EFSFinmonWebDebug	START	1782724467801
REQUEST		UC37_POST_/dopInfo	1782724467734	1782724467934	OK	 
REQUEST		UC35_POST_/organization	1782724467828	1782724468043	OK	 
REQUEST		UC41_GET_/onboarding/{fflId}	1782724467878	1782724468071	OK	 
USER	EFSFinmonWebDebug	END	1782724468076
USER	EFSFinmonWebDebug	START	1782724468076
REQUEST		UC33_GET_/detail	1782724468015	1782724468216	OK	 
REQUEST		UC35_POST_/organization	1782724468098	1782724468283	OK	 
REQUEST		UC36_POST_/mtb	1782724468298	1782724468511	OK	 
REQUEST		UC40_GET_/mop2/{fflId}	1782724468407	1782724468629	OK	 
REQUEST		UC36_POST_/mtb	1782724468501	1782724468697	OK	 
REQUEST	LoginWeb	first_login	1782724468608	1782724468765	OK	 
REQUEST		UC38_POST_/counterparties	1782724468688	1782724468877	OK	 
REQUEST		UC36_POST_/mtb	1782724468796	1782724468995	OK	 
REQUEST	LoginWeb	first_login	1782724468889	1782724469039	OK	 
REQUEST		UC34_DELETE_/alert	1782724469014	1782724469221	OK	 
REQUEST		UC36_POST_/mtb	1782724469108	1782724469312	OK	 
REQUEST		UC37_POST_/dopInfo	1782724469218	1782724469428	OK	 
REQUEST		UC41_GET_/onboarding/{fflId}	1782724469312	1782724469509	OK	 
USER	EFSFinmonWebDebug	END	1782724469512
USER	EFSFinmonWebDebug	START	1782724469513
REQUEST		UC37_POST_/dopInfo	1782724469408	1782724469594	OK	 
REQUEST	LoginWeb	settingsLogin	1782724469515	1782724469707	OK	 
REQUEST		UC39_POST_/contacts	1782724469608	1782724469810	OK	 
REQUEST		UC37_POST_/dopInfo	1782724469718	1782724469927	OK	 
REQUEST	LoginWeb	settingsLogin	1782724469811	1782724469967	OK	 
REQUEST		UC35_POST_/organization	1782724469888	1782724470087	OK	 
REQUEST		UC37_POST_/dopInfo	1782724470009	1782724470189	OK	 
REQUEST	LoginWeb	preLogin	1782724468203	1782724470259	OK	 
REQUEST		UC38_POST_/counterparties	1782724470108	1782724470325	OK	 
REQUEST	LoginWeb	first_login	1782724470218	1782724470368	OK	 
REQUEST		UC38_POST_/counterparties	1782724470313	1782724470521	OK	 
REQUEST	LoginWeb	newsLogin	1782724470408	1782724470614	OK	 
REQUEST		UC40_GET_/mop2/{fflId}	1782724470516	1782724470742	OK	 
REQUEST		UC38_POST_/counterparties	1782724470598	1782724470805	OK	 
REQUEST	LoginWeb	newsLogin	1782724470701	1782724470927	OK	 
REQUEST		UC36_POST_/mtb	1782724470798	1782724471002	OK	 
REQUEST		UC38_POST_/counterparties	1782724470889	1782724471085	OK	 
REQUEST	LoginWeb	login	1782724471014	1782724471270	OK	 
REQUEST		UC39_POST_/contacts	1782724471109	1782724471318	OK	 
REQUEST	LoginWeb	settingsLogin	1782724471208	1782724471386	OK	 
REQUEST		UC39_POST_/contacts	1782724471313	1782724471499	OK	 
REQUEST	LoginWeb	preLogin	1782724471408	1782724471616	OK	 
REQUEST		UC41_GET_/onboarding/{fflId}	1782724471516	1782724471695	OK	 
USER	EFSFinmonWebDebug	END	1782724471699
USER	EFSFinmonWebDebug	START	1782724471699
REQUEST		UC39_POST_/contacts	1782724471610	1782724471801	OK	 
REQUEST	LoginWeb	preLogin	1782724471709	1782724471920	OK	 
REQUEST		UC37_POST_/dopInfo	1782724471811	1782724472006	OK	 
REQUEST		UC39_POST_/contacts	1782724471878	1782724472077	OK	 
REQUEST		UC40_GET_/mop2/{fflId}	1782724472098	1782724472347	OK	 
REQUEST	LoginWeb	newsLogin	1782724472202	1782724472388	OK	 
REQUEST		UC40_GET_/mop2/{fflId}	1782724472298	1782724472524	OK	 
REQUEST	LoginWeb	first_login	1782724472500	1782724472656	OK	 
REQUEST	LoginWeb	login	1782724472406	1782724472661	OK	 
REQUEST	LoginWeb	create	1782724471999	1782724472810	OK	 
REQUEST		UC40_GET_/mop2/{fflId}	1782724472598	1782724472860	OK	 
REQUEST	LoginWeb	login	1782724472703	1782724472953	OK	 
REQUEST		UC38_POST_/counterparties	1782724472798	1782724473007	OK	 
REQUEST		UC40_GET_/mop2/{fflId}	1782724472889	1782724473109	OK	 
REQUEST		UC41_GET_/onboarding/{fflId}	1782724473014	1782724473232	OK	 
USER	EFSFinmonWebDebug	END	1782724473236
USER	EFSFinmonWebDebug	START	1782724473236
REQUEST	LoginWeb	preLogin	1782724473108	1782724473308	OK	 
REQUEST		UC41_GET_/onboarding/{fflId}	1782724473218	1782724473394	OK	 
USER	EFSFinmonWebDebug	END	1782724473398
USER	EFSFinmonWebDebug	START	1782724473398
REQUEST	LoginWeb	settingsLogin	1782724473311	1782724473476	OK	 
REQUEST	LoginWeb	decrypt	1782724473515	1782724473589	OK	 
GROUP	LoginWeb	1782724464378	1782724473591	3764	OK
ERROR	UC01_POST_/file-upload: Failed to build request: No attribute named 'requestId' is defined 	1782724473591
ERROR	UC02_POST_/send-to-bank: Failed to build request: No attribute named 'requestId' is defined 	1782724473591
REQUEST		UC41_GET_/onboarding/{fflId}	1782724473608	1782724473792	OK	 
USER	EFSFinmonWebDebug	END	1782724473796
USER	EFSFinmonWebDebug	START	1782724473797
REQUEST		UC39_POST_/contacts	1782724473808	1782724474011	OK	 
REQUEST		UC41_GET_/onboarding/{fflId}	1782724473878	1782724474056	OK	 
USER	EFSFinmonWebDebug	END	1782724474059
USER	EFSFinmonWebDebug	START	1782724474059
REQUEST	LoginWeb	first_login	1782724473999	1782724474180	OK	 
REQUEST	LoginWeb	create	1782724473408	1782724474242	OK	 
REQUEST	LoginWeb	first_login	1782724474198	1782724474352	OK	 
REQUEST	LoginWeb	login	1782724474098	1782724474366	OK	 
REQUEST	LoginWeb	newsLogin	1782724474308	1782724474500	OK	 
REQUEST	LoginWeb	create	1782724473712	1782724474530	OK	 
REQUEST	LoginWeb	first_login	1782724474499	1782724474672	OK	 
REQUEST		UC03_GET_/params	1782724474405	1782724474719	OK	 
ERROR	UC04_POST_/delete-file: Failed to build request: No attribute named 'pprbId' is defined 	1782724474720
REQUEST		UC40_GET_/mop2/{fflId}	1782724474592	1782724474827	OK	 
REQUEST	LoginWeb	first_login	1782724474688	1782724474846	OK	 
REQUEST	LoginWeb	settingsLogin	1782724474798	1782724474982	OK	 
REQUEST	LoginWeb	decrypt	1782724474905	1782724474991	OK	 
GROUP	LoginWeb	1782724467801	1782724474992	1938	OK
ERROR	UC01_POST_/file-upload: Failed to build request: No attribute named 'requestId' is defined 	1782724474992
ERROR	UC02_POST_/send-to-bank: Failed to build request: No attribute named 'requestId' is defined 	1782724474993
REQUEST	LoginWeb	settingsLogin	1782724475014	1782724475250	OK	 
REQUEST	LoginWeb	decrypt	1782724475313	1782724475384	OK	 
GROUP	LoginWeb	1782724468076	1782724475385	1882	OK
ERROR	UC01_POST_/file-upload: Failed to build request: No attribute named 'requestId' is defined 	1782724475385
ERROR	UC02_POST_/send-to-bank: Failed to build request: No attribute named 'requestId' is defined 	1782724475385
REQUEST	LoginWeb	preLogin	1782724475219	1782724475415	OK	 
REQUEST	LoginWeb	settingsLogin	1782724475412	1782724475609	OK	 
REQUEST		UC05_GET_/download/{fileid}	1782724475514	1782724475714	OK	 
ERROR	UC06_GET_/detail-with-attachments/{fflId}: Failed to build request: No attribute named 'fflId' is defined 	1782724475715
REQUEST		UC41_GET_/onboarding/{fflId}	1782724475608	1782724475803	OK	 
USER	EFSFinmonWebDebug	END	1782724475807
USER	EFSFinmonWebDebug	START	1782724475807
REQUEST	LoginWeb	create	1782724475109	1782724475903	OK	 
REQUEST	LoginWeb	settingsLogin	1782724475717	1782724475915	OK	 
REQUEST	LoginWeb	newsLogin	1782724475826	1782724476028	OK	 
REQUEST	LoginWeb	newsLogin	1782724475985	1782724476170	OK	 
REQUEST		UC03_GET_/params	1782724475873	1782724476246	OK	 
ERROR	UC04_POST_/delete-file: Failed to build request: No attribute named 'pprbId' is defined 	1782724476247
REQUEST		UC03_GET_/params	1782724476080	1782724476444	OK	 
ERROR	UC04_POST_/delete-file: Failed to build request: No attribute named 'pprbId' is defined 	1782724476446
REQUEST	LoginWeb	login	1782724476178	1782724476448	OK	 
REQUEST	LoginWeb	newsLogin	1782724476283	1782724476499	OK	 
REQUEST	LoginWeb	first_login	1782724476478	1782724476638	OK	 
REQUEST		UC07_POST_/inform-list	1782724476378	1782724476638	OK	 
REQUEST	LoginWeb	decrypt	1782724476578	1782724476646	OK	 
GROUP	LoginWeb	1782724469513	1782724476664	1844	OK
ERROR	UC01_POST_/file-upload: Failed to build request: No attribute named 'requestId' is defined 	1782724476664
ERROR	UC02_POST_/send-to-bank: Failed to build request: No attribute named 'requestId' is defined 	1782724476664
REQUEST	LoginWeb	newsLogin	1782724476688	1782724476872	OK	 
REQUEST	LoginWeb	preLogin	1782724476796	1782724477024	OK	 
REQUEST		UC05_GET_/download/{fileid}	1782724476998	1782724477180	OK	 
ERROR	UC06_GET_/detail-with-attachments/{fflId}: Failed to build request: No attribute named 'fflId' is defined 	1782724477181
REQUEST		UC05_GET_/download/{fileid}	1782724477098	1782724477282	OK	 
ERROR	UC06_GET_/detail-with-attachments/{fflId}: Failed to build request: No attribute named 'fflId' is defined 	1782724477284
REQUEST	LoginWeb	preLogin	1782724477298	1782724477518	OK	 
REQUEST	LoginWeb	settingsLogin	1782724477406	1782724477603	OK	 
REQUEST		UC08_POST_/send-to-bank/{fflId}	1782724477500	1782724477684	OK	 
REQUEST		UC03_GET_/params	1782724477608	1782724477928	OK	 
ERROR	UC04_POST_/delete-file: Failed to build request: No attribute named 'pprbId' is defined 	1782724477929
REQUEST	LoginWeb	preLogin	1782724477702	1782724477933	OK	 
REQUEST	LoginWeb	login	1782724477798	1782724478052	OK	 
REQUEST	LoginWeb	create	1782724477202	1782724478071	OK	 
REQUEST		UC07_POST_/inform-list	1782724477889	1782724478149	OK	 
REQUEST	LoginWeb	preLogin	1782724476878	1782724478260	OK	 
REQUEST		UC07_POST_/inform-list	1782724478015	1782724478312	OK	 
REQUEST	LoginWeb	login	1782724478110	1782724478366	OK	 
REQUEST	LoginWeb	newsLogin	1782724478208	1782724478393	OK	 
REQUEST		UC09_GET_/requests-and-inform	1782724478313	1782724478532	OK	 
REQUEST		UC05_GET_/download/{fileid}	1782724478407	1782724478598	OK	 
ERROR	UC06_GET_/detail-with-attachments/{fflId}: Failed to build request: No attribute named 'fflId' is defined 	1782724478599
REQUEST	LoginWeb	login	1782724478501	1782724478750	OK	 
REQUEST	LoginWeb	decrypt	1782724478718	1782724478796	OK	 
GROUP	LoginWeb	1782724471699	1782724478797	1926	OK
ERROR	UC01_POST_/file-upload: Failed to build request: No attribute named 'requestId' is defined 	1782724478797
ERROR	UC02_POST_/send-to-bank: Failed to build request: No attribute named 'requestId' is defined 	1782724478798
REQUEST		UC08_POST_/send-to-bank/{fflId}	1782724478812	1782724478995	OK	 
REQUEST	LoginWeb	login	1782724478890	1782724479143	OK	 
REQUEST		UC08_POST_/send-to-bank/{fflId}	1782724479015	1782724479298	OK	 
REQUEST	LoginWeb	create	1782724478624	1782724479421	OK	 
REQUEST	LoginWeb	preLogin	1782724479218	1782724479454	OK	 
REQUEST		UC10_POST_/mop-1-0	1782724479312	1782724479559	OK	 
REQUEST		UC07_POST_/inform-list	1782724479408	1782724479684	OK	 
REQUEST		UC03_GET_/params	1782724479609	1782724479948	OK	 
ERROR	UC04_POST_/delete-file: Failed to build request: No attribute named 'pprbId' is defined 	1782724479949
REQUEST		UC09_GET_/requests-and-inform	1782724479715	1782724479961	OK	 
REQUEST	LoginWeb	create	1782724479109	1782724479972	OK	 
REQUEST	LoginWeb	decrypt	1782724480009	1782724480086	OK	 
GROUP	LoginWeb	1782724473236	1782724480087	1923	OK
ERROR	UC01_POST_/file-upload: Failed to build request: No attribute named 'requestId' is defined 	1782724480087
ERROR	UC02_POST_/send-to-bank: Failed to build request: No attribute named 'requestId' is defined 	1782724480087
REQUEST		UC09_GET_/requests-and-inform	1782724479891	1782724480141	OK	 
REQUEST	LoginWeb	login	1782724480109	1782724480356	OK	 
REQUEST	LoginWeb	create	1782724479515	1782724480392	OK	 
REQUEST		UC11_POST_/online-control	1782724480217	1782724480449	OK	 
REQUEST		UC08_POST_/send-to-bank/{fflId}	1782724480312	1782724480504	OK	 
REQUEST		UC05_GET_/download/{fileid}	1782724480408	1782724480599	OK	 
ERROR	UC06_GET_/detail-with-attachments/{fflId}: Failed to build request: No attribute named 'fflId' is defined 	1782724480600
REQUEST	LoginWeb	create	1782724479809	1782724480602	OK	 
REQUEST	LoginWeb	decrypt	1782724480609	1782724480689	OK	 
GROUP	LoginWeb	1782724473797	1782724480691	2005	OK
ERROR	UC01_POST_/file-upload: Failed to build request: No attribute named 'requestId' is defined 	1782724480691
ERROR	UC02_POST_/send-to-bank: Failed to build request: No attribute named 'requestId' is defined 	1782724480691
REQUEST		UC10_POST_/mop-1-0	1782724480515	1782724480795	OK	 
REQUEST		UC03_GET_/params	1782724480708	1782724481066	OK	 
ERROR	UC04_POST_/delete-file: Failed to build request: No attribute named 'pprbId' is defined 	1782724481067
REQUEST	LoginWeb	decrypt	1782724481014	1782724481097	OK	 
GROUP	LoginWeb	1782724474060	1782724481099	1980	OK
ERROR	UC01_POST_/file-upload: Failed to build request: No attribute named 'requestId' is defined 	1782724481099
ERROR	UC02_POST_/send-to-bank: Failed to build request: No attribute named 'requestId' is defined 	1782724481099
REQUEST		UC10_POST_/mop-1-0	1782724480811	1782724481101	OK	 
REQUEST		UC12_GET_/rehabilitation	1782724481108	1782724481380	OK	 
REQUEST		UC09_GET_/requests-and-inform	1782724481218	1782724481451	OK	 
REQUEST	LoginWeb	decrypt	1782724481408	1782724481485	OK	 
GROUP	LoginWeb	1782724473398	1782724481486	3080	OK
ERROR	UC01_POST_/file-upload: Failed to build request: No attribute named 'requestId' is defined 	1782724481486
ERROR	UC02_POST_/send-to-bank: Failed to build request: No attribute named 'requestId' is defined 	1782724481486
REQUEST		UC07_POST_/inform-list	1782724481312	1782724481582	OK	 
REQUEST	LoginWeb	create	1782724480889	1782724481681	OK	 
REQUEST		UC03_GET_/params	1782724481515	1782724481844	OK	 
ERROR	UC04_POST_/delete-file: Failed to build request: No attribute named 'pprbId' is defined 	1782724481846
REQUEST		UC11_POST_/online-control	1782724481609	1782724481854	OK	 
REQUEST		UC05_GET_/download/{fileid}	1782724481718	1782724481909	OK	 
ERROR	UC06_GET_/detail-with-attachments/{fflId}: Failed to build request: No attribute named 'fflId' is defined 	1782724481910
REQUEST		UC11_POST_/online-control	1782724481890	1782724482168	OK	 
REQUEST		UC13_GET_/unread-tabs	1782724482015	1782724482193	OK	 
REQUEST		UC03_GET_/params	1782724481827	1782724482229	OK	 
ERROR	UC04_POST_/delete-file: Failed to build request: No attribute named 'pprbId' is defined 	1782724482231
REQUEST		UC10_POST_/mop-1-0	1782724482109	1782724482359	OK	 
REQUEST	LoginWeb	decrypt	1782724482408	1782724482482	OK	 
GROUP	LoginWeb	1782724475807	1782724482483	1891	OK
ERROR	UC01_POST_/file-upload: Failed to build request: No attribute named 'requestId' is defined 	1782724482484
ERROR	UC02_POST_/send-to-bank: Failed to build request: No attribute named 'requestId' is defined 	1782724482484
REQUEST		UC08_POST_/send-to-bank/{fflId}	1782724482327	1782724482510	OK	 
REQUEST		UC03_GET_/params	1782724482208	1782724482510	OK	 
ERROR	UC04_POST_/delete-file: Failed to build request: No attribute named 'pprbId' is defined 	1782724482514
REQUEST		UC05_GET_/download/{fileid}	1782724482515	1782724482713	OK	 
ERROR	UC06_GET_/detail-with-attachments/{fflId}: Failed to build request: No attribute named 'fflId' is defined 	1782724482714
REQUEST		UC12_GET_/rehabilitation	1782724482609	1782724482917	OK	 
REQUEST		UC07_POST_/inform-list	1782724482718	1782724482998	OK	 
REQUEST		UC14_POST_/detail	1782724482889	1782724483065	OK	 
REQUEST		UC12_GET_/rehabilitation	1782724482798	1782724483116	OK	 
REQUEST		UC05_GET_/download/{fileid}	1782724483014	1782724483215	OK	 
ERROR	UC06_GET_/detail-with-attachments/{fflId}: Failed to build request: No attribute named 'fflId' is defined 	1782724483217
REQUEST		UC11_POST_/online-control	1782724483109	1782724483362	OK	 
REQUEST		UC09_GET_/requests-and-inform	1782724483312	1782724483559	OK	 
REQUEST		UC05_GET_/download/{fileid}	1782724483408	1782724483586	OK	 
ERROR	UC06_GET_/detail-with-attachments/{fflId}: Failed to build request: No attribute named 'fflId' is defined 	1782724483588
REQUEST		UC03_GET_/params	1782724483218	1782724483628	OK	 
ERROR	UC04_POST_/delete-file: Failed to build request: No attribute named 'pprbId' is defined 	1782724483629
REQUEST		UC13_GET_/unread-tabs	1782724483608	1782724483799	OK	 
REQUEST		UC07_POST_/inform-list	1782724483515	1782724483804	OK	 
REQUEST		UC08_POST_/send-to-bank/{fflId}	1782724483702	1782724483890	OK	 
REQUEST		UC15_POST_/callback	1782724483798	1782724483975	OK	 
REQUEST		UC13_GET_/unread-tabs	1782724483888	1782724484089	OK	 
REQUEST		UC07_POST_/inform-list	1782724484015	1782724484345	OK	 
REQUEST		UC12_GET_/rehabilitation	1782724484109	1782724484409	OK	 
REQUEST		UC10_POST_/mop-1-0	1782724484219	1782724484481	OK	 
REQUEST		UC07_POST_/inform-list	1782724484313	1782724484568	OK	 
REQUEST		UC05_GET_/download/{fileid}	1782724484408	1782724484621	OK	 
ERROR	UC06_GET_/detail-with-attachments/{fflId}: Failed to build request: No attribute named 'fflId' is defined 	1782724484623
REQUEST		UC14_POST_/detail	1782724484515	1782724484675	OK	 
REQUEST		UC08_POST_/send-to-bank/{fflId}	1782724484609	1782724484813	OK	 
REQUEST		UC16_PUT_/callback	1782724484812	1782724484962	OK	 
REQUEST		UC09_GET_/requests-and-inform	1782724484718	1782724484972	OK	 
REQUEST		UC14_POST_/detail	1782724484890	1782724485055	OK	 
REQUEST		UC08_POST_/send-to-bank/{fflId}	1782724485015	1782724485216	OK	 
REQUEST		UC13_GET_/unread-tabs	1782724485109	1782724485285	OK	 
REQUEST		UC11_POST_/online-control	1782724485208	1782724485466	OK	 
REQUEST		UC08_POST_/send-to-bank/{fflId}	1782724485313	1782724485517	OK	 
REQUEST		UC15_POST_/callback	1782724485514	1782724485708	OK	 
REQUEST		UC07_POST_/inform-list	1782724485408	1782724485726	OK	 
REQUEST		UC09_GET_/requests-and-inform	1782724485608	1782724485848	OK	 
REQUEST		UC17_DELETE_/callback?taskId={taskIdCB}	1782724485718	1782724485925	OK	 
REQUEST		UC10_POST_/mop-1-0	1782724485811	1782724486085	OK	 
REQUEST		UC15_POST_/callback	1782724485889	1782724486108	OK	 
REQUEST		UC14_POST_/detail	1782724486109	1782724486284	OK	 
REQUEST		UC09_GET_/requests-and-inform	1782724486009	1782724486292	OK	 
REQUEST		UC12_GET_/rehabilitation	1782724486218	1782724486523	OK	 
REQUEST		UC09_GET_/requests-and-inform	1782724486313	1782724486556	OK	 
REQUEST		UC16_PUT_/callback	1782724486408	1782724486564	OK	 
REQUEST		UC08_POST_/send-to-bank/{fflId}	1782724486516	1782724486720	OK	 
REQUEST		UC10_POST_/mop-1-0	1782724486608	1782724486883	OK	 
REQUEST		UC18_GET_/compliance-helper	1782724486718	1782724486893	OK	 
REQUEST		UC16_PUT_/callback	1782724486889	1782724487038	OK	 
REQUEST		UC11_POST_/online-control	1782724486798	1782724487051	OK	 
REQUEST		UC15_POST_/callback	1782724487014	1782724487207	OK	 
REQUEST		UC13_GET_/unread-tabs	1782724487218	1782724487391	OK	 
REQUEST		UC10_POST_/mop-1-0	1782724487108	1782724487415	OK	 
REQUEST		UC10_POST_/mop-1-0	1782724487312	1782724487572	OK	 
REQUEST		UC17_DELETE_/callback?taskId={taskIdCB}	1782724487408	1782724487590	OK	 
REQUEST		UC09_GET_/requests-and-inform	1782724487515	1782724487783	OK	 
REQUEST		UC19_GET_/activation	1782724487718	1782724487859	OK	 
REQUEST		UC11_POST_/online-control	1782724487608	1782724487859	OK	 
REQUEST		UC17_DELETE_/callback?taskId={taskIdCB}	1782724487798	1782724488027	OK	 
REQUEST		UC16_PUT_/callback	1782724488018	1782724488176	OK	 
REQUEST		UC12_GET_/rehabilitation	1782724487893	1782724488207	OK	 
REQUEST		UC14_POST_/detail	1782724488123	1782724488283	OK	 
REQUEST		UC11_POST_/online-control	1782724488218	1782724488499	OK	 
REQUEST		UC11_POST_/online-control	1782724488328	1782724488579	OK	 
REQUEST		UC18_GET_/compliance-helper	1782724488421	1782724488587	OK	 
REQUEST		UC20_GET_/change-tariff	1782724488625	1782724488769	OK	 
REQUEST		UC10_POST_/mop-1-0	1782724488518	1782724488821	OK	 
REQUEST		UC18_GET_/compliance-helper	1782724488811	1782724488987	OK	 
REQUEST		UC12_GET_/rehabilitation	1782724488718	1782724489004	OK	 
REQUEST		UC17_DELETE_/callback?taskId={taskIdCB}	1782724488878	1782724489068	OK	 
REQUEST		UC13_GET_/unread-tabs	1782724488999	1782724489176	OK	 
REQUEST		UC15_POST_/callback	1782724489098	1782724489291	OK	 
REQUEST		UC12_GET_/rehabilitation	1782724489217	1782724489536	OK	 
REQUEST		UC19_GET_/activation	1782724489405	1782724489559	OK	 
REQUEST		UC12_GET_/rehabilitation	1782724489298	1782724489584	OK	 
REQUEST		UC21_GET_/user-permissions	1782724489499	1782724489655	OK	 
REQUEST		UC19_GET_/activation	1782724489702	1782724489865	OK	 
REQUEST		UC11_POST_/online-control	1782724489598	1782724489893	OK	 
REQUEST		UC13_GET_/unread-tabs	1782724489799	1782724489991	OK	 
REQUEST		UC18_GET_/compliance-helper	1782724489894	1782724490048	OK	 
REQUEST		UC14_POST_/detail	1782724490002	1782724490167	OK	 
REQUEST		UC16_PUT_/callback	1782724490108	1782724490263	OK	 
REQUEST		UC13_GET_/unread-tabs	1782724490202	1782724490418	OK	 
REQUEST		UC20_GET_/change-tariff	1782724490298	1782724490443	OK	 
REQUEST		UC13_GET_/unread-tabs	1782724490406	1782724490590	OK	 
REQUEST		UC20_GET_/change-tariff	1782724490598	1782724490739	OK	 
REQUEST		UC22_GET_/print-form	1782724490500	1782724490831	OK	 
REQUEST		UC14_POST_/detail	1782724490827	1782724490994	OK	 
REQUEST		UC19_GET_/activation	1782724490874	1782724491023	OK	 
REQUEST		UC12_GET_/rehabilitation	1782724490718	1782724491037	OK	 
REQUEST		UC15_POST_/callback	1782724490983	1782724491191	OK	 
REQUEST		UC17_DELETE_/callback?taskId={taskIdCB}	1782724491078	1782724491263	OK	 
REQUEST		UC14_POST_/detail	1782724491187	1782724491356	OK	 
REQUEST		UC21_GET_/user-permissions	1782724491280	1782724491423	OK	 
REQUEST		UC14_POST_/detail	1782724491378	1782724491549	OK	 
REQUEST		UC21_GET_/user-permissions	1782724491484	1782724491636	OK	 
REQUEST		UC15_POST_/callback	1782724491688	1782724491894	OK	 
REQUEST		UC20_GET_/change-tariff	1782724491796	1782724491942	OK	 
REQUEST		UC23_GET_/rejections	1782724491593	1782724491943	OK	 
REQUEST		UC13_GET_/unread-tabs	1782724491874	1782724492071	OK	 
REQUEST		UC16_PUT_/callback	1782724491983	1782724492126	OK	 
REQUEST		UC18_GET_/compliance-helper	1782724492078	1782724492251	OK	 
REQUEST		UC15_POST_/callback	1782724492187	1782724492396	OK	 
REQUEST		UC15_POST_/callback	1782724492380	1782724492592	OK	 
REQUEST		UC22_GET_/print-form	1782724492281	1782724492614	OK	 
REQUEST		UC16_PUT_/callback	1782724492592	1782724492749	OK	 
REQUEST		UC22_GET_/print-form	1782724492483	1782724492814	OK	 
REQUEST		UC21_GET_/user-permissions	1782724492702	1782724492844	OK	 
REQUEST		UC14_POST_/detail	1782724492874	1782724493047	OK	 
REQUEST		UC24_GET_/rejection/{operationId}	1782724492796	1782724493062	OK	 
REQUEST		UC17_DELETE_/callback?taskId={taskIdCB}	1782724492983	1782724493174	OK	 
REQUEST		UC19_GET_/activation	1782724493078	1782724493222	OK	 
REQUEST		UC16_PUT_/callback	1782724493187	1782724493354	OK	 
REQUEST		UC16_PUT_/callback	1782724493281	1782724493421	OK	 
REQUEST		UC17_DELETE_/callback?taskId={taskIdCB}	1782724493500	1782724493703	OK	 
REQUEST		UC23_GET_/rejections	1782724493391	1782724493744	OK	 
REQUEST		UC15_POST_/callback	1782724493797	1782724494007	OK	 
REQUEST		UC23_GET_/rejections	1782724493598	1782724494007	OK	 
REQUEST		UC22_GET_/print-form	1782724493703	1782724494035	OK	 
REQUEST		UC25_GET_/active-switchers	1782724493875	1782724494042	OK	 
REQUEST		UC18_GET_/compliance-helper	1782724493983	1782724494138	OK	 
REQUEST		UC20_GET_/change-tariff	1782724494078	1782724494234	OK	 
REQUEST		UC17_DELETE_/callback?taskId={taskIdCB}	1782724494187	1782724494403	OK	 
REQUEST		UC17_DELETE_/callback?taskId={taskIdCB}	1782724494281	1782724494490	OK	 
REQUEST		UC18_GET_/compliance-helper	1782724494378	1782724494548	OK	 
REQUEST		UC24_GET_/rejection/{operationId}	1782724494480	1782724494730	OK	 
REQUEST		UC16_PUT_/callback	1782724494593	1782724494751	OK	 
REQUEST		UC24_GET_/rejection/{operationId}	1782724494688	1782724494988	OK	 
REQUEST		UC26_GET_/system-parameters	1782724494874	1782724495044	OK	 
REQUEST		UC19_GET_/activation	1782724494983	1782724495125	OK	 
REQUEST		UC23_GET_/rejections	1782724494796	1782724495139	OK	 
REQUEST		UC21_GET_/user-permissions	1782724495078	1782724495247	OK	 
REQUEST		UC18_GET_/compliance-helper	1782724495187	1782724495344	OK	 
REQUEST		UC18_GET_/compliance-helper	1782724495281	1782724495438	OK	 
REQUEST		UC19_GET_/activation	1782724495378	1782724495549	OK	 
REQUEST		UC25_GET_/active-switchers	1782724495485	1782724495657	OK	 
REQUEST		UC17_DELETE_/callback?taskId={taskIdCB}	1782724495578	1782724495789	OK	 
REQUEST		UC25_GET_/active-switchers	1782724495702	1782724495845	OK	 
REQUEST		UC27_GET_/organization	1782724495780	1782724495948	OK	 
REQUEST		UC20_GET_/change-tariff	1782724495874	1782724496017	OK	 
REQUEST		UC24_GET_/rejection/{operationId}	1782724495983	1782724496244	OK	 
REQUEST		UC19_GET_/activation	1782724496187	1782724496358	OK	 
REQUEST		UC19_GET_/activation	1782724496280	1782724496464	OK	 
REQUEST		UC22_GET_/print-form	1782724496081	1782724496519	OK	 
REQUEST		UC20_GET_/change-tariff	1782724496378	1782724496540	OK	 
REQUEST		UC26_GET_/system-parameters	1782724496483	1782724496653	OK	 
REQUEST		UC18_GET_/compliance-helper	1782724496587	1782724496759	OK	 
REQUEST		UC26_GET_/system-parameters	1782724496686	1782724496868	OK	 
REQUEST		UC28_GET_/compliance-profile/mtb	1782724496796	1782724496966	OK	 
REQUEST		UC21_GET_/user-permissions	1782724496874	1782724497028	OK	 
REQUEST		UC25_GET_/active-switchers	1782724496985	1782724497161	OK	 
REQUEST		UC20_GET_/change-tariff	1782724497080	1782724497251	OK	 
REQUEST		UC20_GET_/change-tariff	1782724497187	1782724497342	OK	 
REQUEST		UC21_GET_/user-permissions	1782724497378	1782724497521	OK	 
REQUEST		UC23_GET_/rejections	1782724497281	1782724497612	OK	 
REQUEST		UC27_GET_/organization	1782724497485	1782724497660	OK	 
REQUEST		UC19_GET_/activation	1782724497578	1782724497736	OK	 
REQUEST		UC27_GET_/organization	1782724497678	1782724497849	OK	 
REQUEST		UC29_GET_/dopInfo	1782724497798	1782724497957	OK	 
REQUEST		UC26_GET_/system-parameters	1782724497983	1782724498145	OK	 
REQUEST		UC22_GET_/print-form	1782724497874	1782724498182	OK	 
REQUEST		UC21_GET_/user-permissions	1782724498078	1782724498242	OK	 
REQUEST		UC21_GET_/user-permissions	1782724498187	1782724498348	OK	 
REQUEST		UC24_GET_/rejection/{operationId}	1782724498378	1782724498632	OK	 
REQUEST		UC28_GET_/compliance-profile/mtb	1782724498484	1782724498643	OK	 
REQUEST		UC22_GET_/print-form	1782724498280	1782724498643	OK	 
REQUEST		UC20_GET_/change-tariff	1782724498578	1782724498727	OK	 
REQUEST		UC28_GET_/compliance-profile/mtb	1782724498686	1782724498833	OK	 
REQUEST		UC30_GET_/counterparties	1782724498796	1782724498943	OK	 
REQUEST		UC27_GET_/organization	1782724498874	1782724499047	OK	 
REQUEST		UC23_GET_/rejections	1782724498983	1782724499338	OK	 
REQUEST		UC22_GET_/print-form	1782724499078	1782724499403	OK	 
REQUEST		UC25_GET_/active-switchers	1782724499296	1782724499473	OK	 
REQUEST		UC22_GET_/print-form	1782724499187	1782724499515	OK	 
REQUEST		UC29_GET_/dopInfo	1782724499378	1782724499518	OK	 
REQUEST		UC21_GET_/user-permissions	1782724499593	1782724499746	OK	 
REQUEST		UC23_GET_/rejections	1782724499488	1782724499814	OK	 
REQUEST		UC29_GET_/dopInfo	1782724499702	1782724499850	OK	 
REQUEST		UC31_GET_/compliance-profile/contacts	1782724499793	1782724499937	OK	 
REQUEST		UC28_GET_/compliance-profile/mtb	1782724499868	1782724500029	OK	 
REQUEST		UC24_GET_/rejection/{operationId}	1782724499988	1782724500254	OK	 
REQUEST		UC26_GET_/system-parameters	1782724500188	1782724500355	OK	 
REQUEST		UC23_GET_/rejections	1782724500093	1782724500522	OK	 
REQUEST		UC30_GET_/counterparties	1782724500390	1782724500560	OK	 
REQUEST		UC23_GET_/rejections	1782724500297	1782724500639	OK	 
REQUEST		UC22_GET_/print-form	1782724500488	1782724500797	OK	 
REQUEST		UC30_GET_/counterparties	1782724500688	1782724500840	OK	 
REQUEST		UC24_GET_/rejection/{operationId}	1782724500593	1782724500856	OK	 
REQUEST		UC32_GET_/compliance-profile	1782724500796	1782724500952	OK	 
REQUEST		UC29_GET_/dopInfo	1782724500889	1782724501048	OK	 
REQUEST		UC25_GET_/active-switchers	1782724501014	1782724501180	OK	 
REQUEST		UC27_GET_/organization	1782724501108	1782724501281	OK	 
REQUEST		UC31_GET_/compliance-profile/contacts	1782724501312	1782724501468	OK	 
REQUEST		UC24_GET_/rejection/{operationId}	1782724501218	1782724501525	OK	 
REQUEST		UC24_GET_/rejection/{operationId}	1782724501408	1782724501682	OK	 
REQUEST		UC31_GET_/compliance-profile/contacts	1782724501608	1782724501788	OK	 
REQUEST		UC25_GET_/active-switchers	1782724501718	1782724501893	OK	 
REQUEST		UC23_GET_/rejections	1782724501514	1782724501954	OK	 
REQUEST		UC33_GET_/detail	1782724501798	1782724501985	OK	 
REQUEST		UC30_GET_/counterparties	1782724501890	1782724502057	OK	 
REQUEST		UC26_GET_/system-parameters	1782724502015	1782724502170	OK	 
REQUEST		UC28_GET_/compliance-profile/mtb	1782724502109	1782724502260	OK	 
REQUEST		UC32_GET_/compliance-profile	1782724502208	1782724502377	OK	 
REQUEST		UC25_GET_/active-switchers	1782724502313	1782724502481	OK	 
REQUEST		UC25_GET_/active-switchers	1782724502408	1782724502568	OK	 
REQUEST		UC32_GET_/compliance-profile	1782724502514	1782724502685	OK	 
REQUEST		UC26_GET_/system-parameters	1782724502608	1782724502762	OK	 
REQUEST		UC24_GET_/rejection/{operationId}	1782724502717	1782724502995	OK	 
REQUEST		UC34_DELETE_/alert	1782724502798	1782724503003	OK	 
REQUEST		UC31_GET_/compliance-profile/contacts	1782724502889	1782724503046	OK	 
REQUEST		UC27_GET_/organization	1782724503015	1782724503178	OK	 
REQUEST		UC29_GET_/dopInfo	1782724503109	1782724503272	OK	 
REQUEST		UC33_GET_/detail	1782724503208	1782724503383	OK	 
REQUEST		UC26_GET_/system-parameters	1782724503313	1782724503482	OK	 
REQUEST		UC26_GET_/system-parameters	1782724503408	1782724503566	OK	 
REQUEST		UC33_GET_/detail	1782724503508	1782724503717	OK	 
REQUEST		UC27_GET_/organization	1782724503608	1782724503779	OK	 
REQUEST		UC25_GET_/active-switchers	1782724503718	1782724503885	OK	 
REQUEST		UC35_POST_/organization	1782724503811	1782724504017	OK	 
REQUEST		UC32_GET_/compliance-profile	1782724503890	1782724504046	OK	 
REQUEST		UC28_GET_/compliance-profile/mtb	1782724504014	1782724504177	OK	 
REQUEST		UC30_GET_/counterparties	1782724504109	1782724504265	OK	 
REQUEST		UC34_DELETE_/alert	1782724504213	1782724504410	OK	 
REQUEST		UC27_GET_/organization	1782724504308	1782724504487	OK	 
REQUEST		UC27_GET_/organization	1782724504417	1782724504592	OK	 
REQUEST		UC34_DELETE_/alert	1782724504511	1782724504715	OK	 
REQUEST		UC28_GET_/compliance-profile/mtb	1782724504612	1782724504777	OK	 
REQUEST		UC26_GET_/system-parameters	1782724504708	1782724504881	OK	 
REQUEST		UC36_POST_/mtb	1782724504815	1782724504997	OK	 
REQUEST		UC33_GET_/detail	1782724504878	1782724505062	OK	 
REQUEST		UC29_GET_/dopInfo	1782724505003	1782724505205	OK	 
REQUEST		UC31_GET_/compliance-profile/contacts	1782724505102	1782724505276	OK	 
REQUEST		UC35_POST_/organization	1782724505202	1782724505407	OK	 
REQUEST		UC28_GET_/compliance-profile/mtb	1782724505298	1782724505457	OK	 
REQUEST		UC28_GET_/compliance-profile/mtb	1782724505406	1782724505565	OK	 
REQUEST		UC35_POST_/organization	1782724505500	1782724505709	OK	 
REQUEST		UC29_GET_/dopInfo	1782724505598	1782724505761	OK	 
REQUEST		UC27_GET_/organization	1782724505702	1782724505894	OK	 
REQUEST		UC37_POST_/dopInfo	1782724505796	1782724505990	OK	 
REQUEST		UC34_DELETE_/alert	1782724505890	1782724506078	OK	 
REQUEST		UC30_GET_/counterparties	1782724506015	1782724506189	OK	 
REQUEST		UC32_GET_/compliance-profile	1782724506109	1782724506282	OK	 
REQUEST		UC36_POST_/mtb	1782724506218	1782724506420	OK	 
REQUEST		UC29_GET_/dopInfo	1782724506313	1782724506487	OK	 
REQUEST		UC29_GET_/dopInfo	1782724506408	1782724506555	OK	 
REQUEST		UC36_POST_/mtb	1782724506516	1782724506727	OK	 
REQUEST		UC30_GET_/counterparties	1782724506609	1782724506762	OK	 
REQUEST		UC28_GET_/compliance-profile/mtb	1782724506708	1782724506895	OK	 
REQUEST		UC38_POST_/counterparties	1782724506813	1782724507005	OK	 
REQUEST		UC35_POST_/organization	1782724506891	1782724507080	OK	 
REQUEST		UC31_GET_/compliance-profile/contacts	1782724507016	1782724507177	OK	 
REQUEST		UC33_GET_/detail	1782724507110	1782724507281	OK	 
REQUEST		UC37_POST_/dopInfo	1782724507209	1782724507396	OK	 
REQUEST		UC30_GET_/counterparties	1782724507312	1782724507482	OK	 
REQUEST		UC30_GET_/counterparties	1782724507408	1782724507556	OK	 
REQUEST		UC37_POST_/dopInfo	1782724507515	1782724507722	OK	 
REQUEST		UC31_GET_/compliance-profile/contacts	1782724507609	1782724507780	OK	 
REQUEST		UC29_GET_/dopInfo	1782724507703	1782724507889	OK	 
REQUEST		UC39_POST_/contacts	1782724507812	1782724508017	OK	 
REQUEST		UC36_POST_/mtb	1782724507890	1782724508092	OK	 
REQUEST		UC32_GET_/compliance-profile	1782724508014	1782724508185	OK	 
REQUEST		UC34_DELETE_/alert	1782724508109	1782724508300	OK	 
REQUEST		UC38_POST_/counterparties	1782724508218	1782724508424	OK	 
REQUEST		UC31_GET_/compliance-profile/contacts	1782724508312	1782724508499	OK	 
REQUEST		UC31_GET_/compliance-profile/contacts	1782724508408	1782724508585	OK	 
REQUEST		UC38_POST_/counterparties	1782724508515	1782724508719	OK	 
REQUEST		UC32_GET_/compliance-profile	1782724508609	1782724508756	OK	 
REQUEST		UC30_GET_/counterparties	1782724508718	1782724508885	OK	 
REQUEST		UC40_GET_/mop2/{fflId}	1782724508827	1782724509052	OK	 
REQUEST		UC37_POST_/dopInfo	1782724508889	1782724509086	OK	 
REQUEST		UC33_GET_/detail	1782724509014	1782724509210	OK	 
REQUEST		UC35_POST_/organization	1782724509109	1782724509301	OK	 
REQUEST		UC39_POST_/contacts	1782724509218	1782724509394	OK	 
REQUEST		UC32_GET_/compliance-profile	1782724509312	1782724509465	OK	 
REQUEST		UC32_GET_/compliance-profile	1782724509408	1782724509573	OK	 
REQUEST		UC39_POST_/contacts	1782724509515	1782724509728	OK	 
REQUEST		UC33_GET_/detail	1782724509608	1782724509807	OK	 
REQUEST		UC31_GET_/compliance-profile/contacts	1782724509713	1782724509872	OK	 
REQUEST		UC41_GET_/onboarding/{fflId}	1782724509801	1782724509978	OK	 
USER	EFSFinmonWebDebug	END	1782724509982
USER	EFSFinmonWebDebug	START	1782724509983
REQUEST		UC38_POST_/counterparties	1782724509888	1782724510082	OK	 
REQUEST		UC34_DELETE_/alert	1782724510000	1782724510212	OK	 
REQUEST		UC36_POST_/mtb	1782724510108	1782724510301	OK	 
REQUEST		UC40_GET_/mop2/{fflId}	1782724510202	1782724510405	OK	 
REQUEST		UC33_GET_/detail	1782724510298	1782724510512	OK	 
REQUEST		UC33_GET_/detail	1782724510398	1782724510589	OK	 
REQUEST		UC40_GET_/mop2/{fflId}	1782724510499	1782724510747	OK	 
REQUEST		UC34_DELETE_/alert	1782724510608	1782724510802	OK	 
REQUEST		UC32_GET_/compliance-profile	1782724510702	1782724510871	OK	 
REQUEST	LoginWeb	first_login	1782724510811	1782724510976	OK	 
REQUEST		UC39_POST_/contacts	1782724510878	1782724511076	OK	 
REQUEST		UC35_POST_/organization	1782724510999	1782724511198	OK	 
REQUEST		UC37_POST_/dopInfo	1782724511098	1782724511298	OK	 
REQUEST		UC41_GET_/onboarding/{fflId}	1782724511203	1782724511384	OK	 
USER	EFSFinmonWebDebug	END	1782724511387
USER	EFSFinmonWebDebug	START	1782724511388
REQUEST		UC34_DELETE_/alert	1782724511298	1782724511497	OK	 
REQUEST		UC34_DELETE_/alert	1782724511407	1782724511587	OK	 
REQUEST		UC41_GET_/onboarding/{fflId}	1782724511498	1782724511697	OK	 
USER	EFSFinmonWebDebug	END	1782724511700
USER	EFSFinmonWebDebug	START	1782724511701
REQUEST		UC35_POST_/organization	1782724511608	1782724511814	OK	 
REQUEST		UC33_GET_/detail	1782724511702	1782724511889	OK	 
REQUEST	LoginWeb	settingsLogin	1782724511798	1782724511975	OK	 
REQUEST		UC40_GET_/mop2/{fflId}	1782724511889	1782724512112	OK	 
REQUEST		UC36_POST_/mtb	1782724512014	1782724512206	OK	 
REQUEST		UC38_POST_/counterparties	1782724512109	1782724512311	OK	 
REQUEST	LoginWeb	first_login	1782724512218	1782724512359	OK	 
REQUEST		UC35_POST_/organization	1782724512312	1782724512534	OK	 
REQUEST		UC35_POST_/organization	1782724512408	1782724512604	OK	 
REQUEST	LoginWeb	first_login	1782724512511	1782724512665	OK	 
REQUEST		UC36_POST_/mtb	1782724512608	1782724512814	OK	 
REQUEST		UC34_DELETE_/alert	1782724512718	1782724512911	OK	 
REQUEST	LoginWeb	newsLogin	1782724512811	1782724512988	OK	 
REQUEST		UC41_GET_/onboarding/{fflId}	1782724512890	1782724513077	OK	 
USER	EFSFinmonWebDebug	END	1782724513085
USER	EFSFinmonWebDebug	START	1782724513085
REQUEST		UC37_POST_/dopInfo	1782724513015	1782724513218	OK	 
REQUEST		UC39_POST_/contacts	1782724513109	1782724513309	OK	 
REQUEST	LoginWeb	settingsLogin	1782724513208	1782724513402	OK	 
REQUEST		UC36_POST_/mtb	1782724513313	1782724513521	OK	 
REQUEST		UC36_POST_/mtb	1782724513408	1782724513595	OK	 
REQUEST	LoginWeb	settingsLogin	1782724513516	1782724513669	OK	 
REQUEST		UC37_POST_/dopInfo	1782724513608	1782724513800	OK	 
REQUEST		UC35_POST_/organization	1782724513717	1782724513925	OK	 
REQUEST	LoginWeb	preLogin	1782724513811	1782724514018	OK	 
REQUEST	LoginWeb	first_login	1782724513889	1782724514065	OK	 
REQUEST		UC38_POST_/counterparties	1782724514014	1782724514225	OK	 
REQUEST		UC40_GET_/mop2/{fflId}	1782724514124	1782724514339	OK	 
REQUEST	LoginWeb	newsLogin	1782724514218	1782724514428	OK	 
REQUEST		UC37_POST_/dopInfo	1782724514312	1782724514509	OK	 
REQUEST		UC37_POST_/dopInfo	1782724514408	1782724514608	OK	 
REQUEST	LoginWeb	newsLogin	1782724514515	1782724514718	OK	 
REQUEST		UC38_POST_/counterparties	1782724514609	1782724514814	OK	 
REQUEST		UC36_POST_/mtb	1782724514718	1782724514922	OK	 
REQUEST	LoginWeb	login	1782724514812	1782724515057	OK	 
REQUEST	LoginWeb	settingsLogin	1782724514890	1782724515096	OK	 
REQUEST		UC39_POST_/contacts	1782724515015	1782724515192	OK	 
REQUEST		UC41_GET_/onboarding/{fflId}	1782724515109	1782724515300	OK	 
USER	EFSFinmonWebDebug	END	1782724515305
USER	EFSFinmonWebDebug	START	1782724515305
REQUEST	LoginWeb	preLogin	1782724515218	1782724515437	OK	 
REQUEST		UC38_POST_/counterparties	1782724515312	1782724515537	OK	 
REQUEST		UC38_POST_/counterparties	1782724515408	1782724515603	OK	 
REQUEST	LoginWeb	preLogin	1782724515516	1782724515745	OK	 
REQUEST		UC39_POST_/contacts	1782724515610	1782724515822	OK	 
REQUEST		UC37_POST_/dopInfo	1782724515718	1782724515942	OK	 
REQUEST	LoginWeb	newsLogin	1782724515890	1782724516109	OK	 
REQUEST		UC40_GET_/mop2/{fflId}	1782724516015	1782724516230	OK	 
REQUEST	LoginWeb	first_login	1782724516109	1782724516282	OK	 
REQUEST	LoginWeb	login	1782724516208	1782724516487	OK	 
REQUEST		UC39_POST_/contacts	1782724516312	1782724516525	OK	 
REQUEST		UC39_POST_/contacts	1782724516408	1782724516608	OK	 
REQUEST	LoginWeb	create	1782724515812	1782724516623	OK	 
REQUEST	LoginWeb	login	1782724516515	1782724516772	OK	 
REQUEST		UC40_GET_/mop2/{fflId}	1782724516609	1782724516849	OK	 
REQUEST		UC38_POST_/counterparties	1782724516718	1782724516921	OK	 
REQUEST	LoginWeb	preLogin	1782724516811	1782724517038	OK	 
REQUEST		UC41_GET_/onboarding/{fflId}	1782724516890	1782724517059	OK	 
USER	EFSFinmonWebDebug	END	1782724517064
USER	EFSFinmonWebDebug	START	1782724517065
REQUEST	LoginWeb	settingsLogin	1782724517014	1782724517210	OK	 
REQUEST	LoginWeb	decrypt	1782724517408	1782724517480	OK	 
GROUP	LoginWeb	1782724509983	1782724517481	1854	OK
ERROR	UC01_POST_/file-upload: Failed to build request: No attribute named 'requestId' is defined 	1782724517481
ERROR	UC02_POST_/send-to-bank: Failed to build request: No attribute named 'requestId' is defined 	1782724517482
REQUEST		UC40_GET_/mop2/{fflId}	1782724517218	1782724517487	OK	 
REQUEST		UC40_GET_/mop2/{fflId}	1782724517311	1782724517542	OK	 
REQUEST		UC41_GET_/onboarding/{fflId}	1782724517608	1782724517799	OK	 
USER	EFSFinmonWebDebug	END	1782724517803
USER	EFSFinmonWebDebug	START	1782724517804
REQUEST		UC39_POST_/contacts	1782724517717	1782724517938	OK	 
REQUEST	LoginWeb	create	1782724517109	1782724517973	OK	 
REQUEST	LoginWeb	login	1782724517798	1782724518063	OK	 
REQUEST	LoginWeb	first_login	1782724517889	1782724518076	OK	 
REQUEST	LoginWeb	newsLogin	1782724518015	1782724518197	OK	 
REQUEST	LoginWeb	create	1782724517514	1782724518288	OK	 
REQUEST		UC41_GET_/onboarding/{fflId}	1782724518218	1782724518404	OK	 
USER	EFSFinmonWebDebug	END	1782724518410
USER	EFSFinmonWebDebug	START	1782724518410
REQUEST		UC03_GET_/params	1782724518109	1782724518456	OK	 
ERROR	UC04_POST_/delete-file: Failed to build request: No attribute named 'pprbId' is defined 	1782724518457
REQUEST		UC41_GET_/onboarding/{fflId}	1782724518313	1782724518482	OK	 
USER	EFSFinmonWebDebug	END	1782724518488
USER	EFSFinmonWebDebug	START	1782724518488
REQUEST	LoginWeb	first_login	1782724518408	1782724518575	OK	 
REQUEST	LoginWeb	decrypt	1782724518609	1782724518691	OK	 
GROUP	LoginWeb	1782724511388	1782724518692	1989	OK
ERROR	UC01_POST_/file-upload: Failed to build request: No attribute named 'requestId' is defined 	1782724518692
ERROR	UC02_POST_/send-to-bank: Failed to build request: No attribute named 'requestId' is defined 	1782724518692
REQUEST		UC40_GET_/mop2/{fflId}	1782724518518	1782724518774	OK	 
REQUEST	LoginWeb	decrypt	1782724519015	1782724519091	OK	 
GROUP	LoginWeb	1782724511701	1782724519093	1846	OK
ERROR	UC01_POST_/file-upload: Failed to build request: No attribute named 'requestId' is defined 	1782724519093
ERROR	UC02_POST_/send-to-bank: Failed to build request: No attribute named 'requestId' is defined 	1782724519093
REQUEST	LoginWeb	preLogin	1782724518890	1782724519123	OK	 
REQUEST	LoginWeb	first_login	1782724519110	1782724519279	OK	 
REQUEST		UC05_GET_/download/{fileid}	1782724519208	1782724519401	OK	 
ERROR	UC06_GET_/detail-with-attachments/{fflId}: Failed to build request: No attribute named 'fflId' is defined 	1782724519402
REQUEST	LoginWeb	first_login	1782724519313	1782724519459	OK	 
REQUEST	LoginWeb	create	1782724518718	1782724519510	OK	 
REQUEST	LoginWeb	settingsLogin	1782724519421	1782724519612	OK	 
REQUEST		UC41_GET_/onboarding/{fflId}	1782724519609	1782724519815	OK	 
USER	EFSFinmonWebDebug	END	1782724519819
USER	EFSFinmonWebDebug	START	1782724519819
REQUEST		UC03_GET_/params	1782724519515	1782724519885	OK	 
ERROR	UC04_POST_/delete-file: Failed to build request: No attribute named 'pprbId' is defined 	1782724519887
REQUEST		UC03_GET_/params	1782724519702	1782724520036	OK	 
ERROR	UC04_POST_/delete-file: Failed to build request: No attribute named 'pprbId' is defined 	1782724520038
REQUEST	LoginWeb	settingsLogin	1782724519888	1782724520047	OK	 
REQUEST	LoginWeb	login	1782724519799	1782724520048	OK	 
REQUEST	LoginWeb	decrypt	1782724520211	1782724520284	OK	 
GROUP	LoginWeb	1782724513085	1782724520286	1958	OK
ERROR	UC01_POST_/file-upload: Failed to build request: No attribute named 'requestId' is defined 	1782724520286
ERROR	UC02_POST_/send-to-bank: Failed to build request: No attribute named 'requestId' is defined 	1782724520286
REQUEST	LoginWeb	settingsLogin	1782724520133	1782724520306	OK	 
REQUEST		UC07_POST_/inform-list	1782724520008	1782724520309	OK	 
REQUEST	LoginWeb	newsLogin	1782724520308	1782724520503	OK	 
REQUEST	LoginWeb	first_login	1782724520416	1782724520597	OK	 
REQUEST	LoginWeb	settingsLogin	1782724518827	1782724520664	OK	 
REQUEST		UC05_GET_/download/{fileid}	1782724520515	1782724520719	OK	 
ERROR	UC06_GET_/detail-with-attachments/{fflId}: Failed to build request: No attribute named 'fflId' is defined 	1782724520721
REQUEST		UC05_GET_/download/{fileid}	1782724520608	1782724520795	OK	 
ERROR	UC06_GET_/detail-with-attachments/{fflId}: Failed to build request: No attribute named 'fflId' is defined 	1782724520797
REQUEST	LoginWeb	newsLogin	1782724520702	1782724520931	OK	 
REQUEST	LoginWeb	newsLogin	1782724521014	1782724521225	OK	 
REQUEST		UC03_GET_/params	1782724520889	1782724521235	OK	 
ERROR	UC04_POST_/delete-file: Failed to build request: No attribute named 'pprbId' is defined 	1782724521236
REQUEST		UC08_POST_/send-to-bank/{fflId}	1782724521109	1782724521301	OK	 
REQUEST	LoginWeb	preLogin	1782724521218	1782724521453	OK	 
REQUEST	LoginWeb	settingsLogin	1782724521312	1782724521486	OK	 
REQUEST	LoginWeb	create	1782724520798	1782724521565	OK	 
REQUEST	LoginWeb	newsLogin	1782724521408	1782724521637	OK	 
REQUEST		UC07_POST_/inform-list	1782724521510	1782724521800	OK	 
REQUEST		UC07_POST_/inform-list	1782724521608	1782724521875	OK	 
REQUEST	LoginWeb	preLogin	1782724521702	1782724521934	OK	 
REQUEST	LoginWeb	preLogin	1782724521811	1782724522022	OK	 
REQUEST		UC05_GET_/download/{fileid}	1782724521878	1782724522069	OK	 
ERROR	UC06_GET_/detail-with-attachments/{fflId}: Failed to build request: No attribute named 'fflId' is defined 	1782724522070
REQUEST		UC09_GET_/requests-and-inform	1782724521999	1782724522253	OK	 
REQUEST	LoginWeb	login	1782724522098	1782724522341	OK	 
REQUEST	LoginWeb	decrypt	1782724522298	1782724522376	OK	 
GROUP	LoginWeb	1782724515306	1782724522378	1878	OK
ERROR	UC01_POST_/file-upload: Failed to build request: No attribute named 'requestId' is defined 	1782724522378
ERROR	UC02_POST_/send-to-bank: Failed to build request: No attribute named 'requestId' is defined 	1782724522378
REQUEST	LoginWeb	newsLogin	1782724522203	1782724522393	OK	 
REQUEST	LoginWeb	preLogin	1782724522407	1782724522635	OK	 
REQUEST		UC08_POST_/send-to-bank/{fflId}	1782724522501	1782724522716	OK	 
REQUEST		UC08_POST_/send-to-bank/{fflId}	1782724522609	1782724522792	OK	 
REQUEST	LoginWeb	login	1782724522688	1782724522943	OK	 
REQUEST	LoginWeb	login	1782724522798	1782724523038	OK	 
REQUEST		UC07_POST_/inform-list	1782724522890	1782724523166	OK	 
REQUEST		UC10_POST_/mop-1-0	1782724523015	1782724523312	OK	 
REQUEST	LoginWeb	preLogin	1782724523312	1782724523558	OK	 
REQUEST		UC03_GET_/params	1782724523218	1782724523583	OK	 
ERROR	UC04_POST_/delete-file: Failed to build request: No attribute named 'pprbId' is defined 	1782724523585
REQUEST	LoginWeb	login	1782724523408	1782724523663	OK	 
REQUEST		UC09_GET_/requests-and-inform	1782724523516	1782724523755	OK	 
REQUEST		UC09_GET_/requests-and-inform	1782724523609	1782724523854	OK	 
REQUEST	LoginWeb	create	1782724523109	1782724523925	OK	 
REQUEST		UC08_POST_/send-to-bank/{fflId}	1782724523890	1782724524069	OK	 
REQUEST		UC11_POST_/online-control	1782724524014	1782724524275	OK	 
REQUEST		UC05_GET_/download/{fileid}	1782724524218	1782724524414	OK	 
ERROR	UC06_GET_/detail-with-attachments/{fflId}: Failed to build request: No attribute named 'fflId' is defined 	1782724524415
REQUEST	LoginWeb	create	1782724523718	1782724524552	OK	 
REQUEST	LoginWeb	create	1782724523798	1782724524613	OK	 
REQUEST	LoginWeb	decrypt	1782724524609	1782724524695	OK	 
GROUP	LoginWeb	1782724517804	1782724524697	1933	OK
ERROR	UC01_POST_/file-upload: Failed to build request: No attribute named 'requestId' is defined 	1782724524697
ERROR	UC02_POST_/send-to-bank: Failed to build request: No attribute named 'requestId' is defined 	1782724524697
REQUEST		UC10_POST_/mop-1-0	1782724524408	1782724524716	OK	 
REQUEST		UC10_POST_/mop-1-0	1782724524515	1782724524790	OK	 
REQUEST		UC09_GET_/requests-and-inform	1782724524708	1782724524947	OK	 
REQUEST	LoginWeb	decrypt	1782724525014	1782724525092	OK	 
GROUP	LoginWeb	1782724518410	1782724525093	1956	OK
ERROR	UC01_POST_/file-upload: Failed to build request: No attribute named 'requestId' is defined 	1782724525093
ERROR	UC02_POST_/send-to-bank: Failed to build request: No attribute named 'requestId' is defined 	1782724525094
REQUEST		UC12_GET_/rehabilitation	1782724524798	1782724525107	OK	 
REQUEST	LoginWeb	create	1782724524312	1782724525138	OK	 
REQUEST		UC07_POST_/inform-list	1782724524890	1782724525171	OK	 
REQUEST	LoginWeb	decrypt	1782724525109	1782724525184	OK	 
GROUP	LoginWeb	1782724518488	1782724525192	1871	OK
ERROR	UC01_POST_/file-upload: Failed to build request: No attribute named 'requestId' is defined 	1782724525192
ERROR	UC02_POST_/send-to-bank: Failed to build request: No attribute named 'requestId' is defined 	1782724525192
REQUEST	LoginWeb	login	1782724524109	1782724525452	OK	 
REQUEST		UC03_GET_/params	1782724525218	1782724525575	OK	 
ERROR	UC04_POST_/delete-file: Failed to build request: No attribute named 'pprbId' is defined 	1782724525576
REQUEST		UC11_POST_/online-control	1782724525312	1782724525625	OK	 
REQUEST		UC11_POST_/online-control	1782724525408	1782724525662	OK	 
REQUEST		UC10_POST_/mop-1-0	1782724525515	1782724525802	OK	 
REQUEST	LoginWeb	decrypt	1782724525811	1782724525893	OK	 
GROUP	LoginWeb	1782724517065	1782724525894	3644	OK
ERROR	UC01_POST_/file-upload: Failed to build request: No attribute named 'requestId' is defined 	1782724525894
ERROR	UC02_POST_/send-to-bank: Failed to build request: No attribute named 'requestId' is defined 	1782724525894
REQUEST		UC13_GET_/unread-tabs	1782724525718	1782724525898	OK	 
REQUEST		UC03_GET_/params	1782724525598	1782724525961	OK	 
ERROR	UC04_POST_/delete-file: Failed to build request: No attribute named 'pprbId' is defined 	1782724525962
REQUEST		UC08_POST_/send-to-bank/{fflId}	1782724525890	1782724526103	OK	 
REQUEST		UC03_GET_/params	1782724526015	1782724526383	OK	 
ERROR	UC04_POST_/delete-file: Failed to build request: No attribute named 'pprbId' is defined 	1782724526384
REQUEST		UC05_GET_/download/{fileid}	1782724526218	1782724526402	OK	 
ERROR	UC06_GET_/detail-with-attachments/{fflId}: Failed to build request: No attribute named 'fflId' is defined 	1782724526404
REQUEST		UC12_GET_/rehabilitation	1782724526340	1782724526651	OK	 
REQUEST		UC12_GET_/rehabilitation	1782724526408	1782724526707	OK	 
REQUEST		UC11_POST_/online-control	1782724526512	1782724526775	OK	 
REQUEST		UC14_POST_/detail	1782724526700	1782724526880	OK	 
REQUEST	LoginWeb	create	1782724526109	1782724526936	OK	 
REQUEST		UC03_GET_/params	1782724526608	1782724526955	OK	 
ERROR	UC04_POST_/delete-file: Failed to build request: No attribute named 'pprbId' is defined 	1782724526956
REQUEST		UC05_GET_/download/{fileid}	1782724526805	1782724527006	OK	 
ERROR	UC06_GET_/detail-with-attachments/{fflId}: Failed to build request: No attribute named 'fflId' is defined 	1782724527007
REQUEST		UC09_GET_/requests-and-inform	1782724526889	1782724527157	OK	 
REQUEST		UC05_GET_/download/{fileid}	1782724527014	1782724527190	OK	 
ERROR	UC06_GET_/detail-with-attachments/{fflId}: Failed to build request: No attribute named 'fflId' is defined 	1782724527192
REQUEST		UC07_POST_/inform-list	1782724527109	1782724527378	OK	 
REQUEST		UC13_GET_/unread-tabs	1782724527218	1782724527408	OK	 
REQUEST		UC13_GET_/unread-tabs	1782724527313	1782724527491	OK	 
REQUEST	LoginWeb	decrypt	1782724527624	1782724527699	OK	 
GROUP	LoginWeb	1782724519820	1782724527700	3036	OK
ERROR	UC01_POST_/file-upload: Failed to build request: No attribute named 'requestId' is defined 	1782724527700
ERROR	UC02_POST_/send-to-bank: Failed to build request: No attribute named 'requestId' is defined 	1782724527700
REQUEST		UC15_POST_/callback	1782724527514	1782724527713	OK	 
REQUEST		UC12_GET_/rehabilitation	1782724527408	1782724527766	OK	 
REQUEST		UC05_GET_/download/{fileid}	1782724527717	1782724527917	OK	 
ERROR	UC06_GET_/detail-with-attachments/{fflId}: Failed to build request: No attribute named 'fflId' is defined 	1782724527918
REQUEST		UC07_POST_/inform-list	1782724527811	1782724528119	OK	 
REQUEST		UC10_POST_/mop-1-0	1782724527905	1782724528172	OK	 
REQUEST		UC07_POST_/inform-list	1782724528014	1782724528307	OK	 
REQUEST		UC08_POST_/send-to-bank/{fflId}	1782724528110	1782724528316	OK	 
REQUEST		UC14_POST_/detail	1782724528208	1782724528379	OK	 
REQUEST		UC14_POST_/detail	1782724528308	1782724528472	OK	 
REQUEST		UC16_PUT_/callback	1782724528515	1782724528659	OK	 
REQUEST		UC03_GET_/params	1782724528421	1782724528740	OK	 
ERROR	UC04_POST_/delete-file: Failed to build request: No attribute named 'pprbId' is defined 	1782724528741
REQUEST		UC13_GET_/unread-tabs	1782724528609	1782724528789	OK	 
REQUEST		UC07_POST_/inform-list	1782724528718	1782724528994	OK	 
REQUEST		UC08_POST_/send-to-bank/{fflId}	1782724528827	1782724529042	OK	 
REQUEST		UC11_POST_/online-control	1782724528875	1782724529138	OK	 
REQUEST		UC08_POST_/send-to-bank/{fflId}	1782724528983	1782724529176	OK	 
REQUEST		UC09_GET_/requests-and-inform	1782724529078	1782724529301	OK	 
REQUEST		UC15_POST_/callback	1782724529187	1782724529392	OK	 
REQUEST		UC15_POST_/callback	1782724529280	1782724529459	OK	 
REQUEST		UC17_DELETE_/callback?taskId={taskIdCB}	1782724529378	1782724529562	OK	 
REQUEST		UC05_GET_/download/{fileid}	1782724529479	1782724529652	OK	 
ERROR	UC06_GET_/detail-with-attachments/{fflId}: Failed to build request: No attribute named 'fflId' is defined 	1782724529653
REQUEST		UC14_POST_/detail	1782724529578	1782724529733	OK	 
REQUEST		UC08_POST_/send-to-bank/{fflId}	1782724529688	1782724529891	OK	 
REQUEST		UC09_GET_/requests-and-inform	1782724529788	1782724530036	OK	 
REQUEST		UC12_GET_/rehabilitation	1782724529873	1782724530169	OK	 
REQUEST		UC09_GET_/requests-and-inform	1782724529982	1782724530209	OK	 
REQUEST		UC16_PUT_/callback	1782724530186	1782724530353	OK	 
REQUEST		UC10_POST_/mop-1-0	1782724530092	1782724530359	OK	 
REQUEST		UC16_PUT_/callback	1782724530280	1782724530436	OK	 
REQUEST		UC18_GET_/compliance-helper	1782724530378	1782724530550	OK	 
REQUEST		UC15_POST_/callback	1782724530578	1782724530764	OK	 
REQUEST		UC07_POST_/inform-list	1782724530484	1782724530767	OK	 
REQUEST		UC09_GET_/requests-and-inform	1782724530688	1782724530925	OK	 
REQUEST		UC13_GET_/unread-tabs	1782724530878	1782724531077	OK	 
REQUEST		UC10_POST_/mop-1-0	1782724530795	1782724531077	OK	 
REQUEST		UC10_POST_/mop-1-0	1782724530998	1782724531258	OK	 
REQUEST		UC17_DELETE_/callback?taskId={taskIdCB}	1782724531098	1782724531300	OK	 
REQUEST		UC11_POST_/online-control	1782724531202	1782724531453	OK	 
REQUEST		UC17_DELETE_/callback?taskId={taskIdCB}	1782724531298	1782724531490	OK	 
REQUEST		UC19_GET_/activation	1782724531406	1782724531542	OK	 
REQUEST		UC16_PUT_/callback	1782724531500	1782724531642	OK	 
REQUEST		UC08_POST_/send-to-bank/{fflId}	1782724531599	1782724531779	OK	 
REQUEST		UC14_POST_/detail	1782724531798	1782724531939	OK	 
REQUEST		UC10_POST_/mop-1-0	1782724531688	1782724531964	OK	 
REQUEST		UC11_POST_/online-control	1782724531890	1782724532167	OK	 
REQUEST		UC18_GET_/compliance-helper	1782724532109	1782724532262	OK	 
REQUEST		UC11_POST_/online-control	1782724532015	1782724532296	OK	 
REQUEST		UC18_GET_/compliance-helper	1782724532312	1782724532459	OK	 
REQUEST		UC12_GET_/rehabilitation	1782724532218	1782724532502	OK	 
REQUEST		UC20_GET_/change-tariff	1782724532408	1782724532567	OK	 
REQUEST		UC17_DELETE_/callback?taskId={taskIdCB}	1782724532515	1782724532718	OK	 
REQUEST		UC09_GET_/requests-and-inform	1782724532609	1782724532843	OK	 
REQUEST		UC15_POST_/callback	1782724532717	1782724532896	OK	 
REQUEST		UC11_POST_/online-control	1782724532811	1782724533060	OK	 
REQUEST		UC19_GET_/activation	1782724533014	1782724533177	OK	 
REQUEST		UC12_GET_/rehabilitation	1782724532889	1782724533184	OK	 
REQUEST		UC19_GET_/activation	1782724533218	1782724533366	OK	 
REQUEST		UC12_GET_/rehabilitation	1782724533109	1782724533368	OK	 
REQUEST		UC13_GET_/unread-tabs	1782724533312	1782724533496	OK	 
REQUEST		UC21_GET_/user-permissions	1782724533408	1782724533542	OK	 
REQUEST		UC18_GET_/compliance-helper	1782724533515	1782724533658	OK	 
REQUEST		UC16_PUT_/callback	1782724533708	1782724533842	OK	 
REQUEST		UC10_POST_/mop-1-0	1782724533609	1782724533866	OK	 
REQUEST		UC20_GET_/change-tariff	1782724533889	1782724534047	OK	 
REQUEST		UC12_GET_/rehabilitation	1782724533811	1782724534080	OK	 
REQUEST		UC13_GET_/unread-tabs	1782724534014	1782724534204	OK	 
REQUEST		UC20_GET_/change-tariff	1782724534108	1782724534265	OK	 
REQUEST		UC13_GET_/unread-tabs	1782724534218	1782724534408	OK	 
REQUEST		UC14_POST_/detail	1782724534313	1782724534458	OK	 
REQUEST		UC19_GET_/activation	1782724534516	1782724534663	OK	 
REQUEST		UC22_GET_/print-form	1782724534408	1782724534753	OK	 
REQUEST		UC17_DELETE_/callback?taskId={taskIdCB}	1782724534609	1782724534812	OK	 
REQUEST		UC11_POST_/online-control	1782724534715	1782724534966	OK	 
REQUEST		UC21_GET_/user-permissions	1782724534827	1782724534986	OK	 
REQUEST		UC13_GET_/unread-tabs	1782724534889	1782724535072	OK	 
REQUEST		UC14_POST_/detail	1782724535014	1782724535174	OK	 
REQUEST		UC21_GET_/user-permissions	1782724535109	1782724535252	OK	 
REQUEST		UC14_POST_/detail	1782724535216	1782724535354	OK	 
REQUEST		UC15_POST_/callback	1782724535310	1782724535510	OK	 
REQUEST		UC20_GET_/change-tariff	1782724535408	1782724535557	OK	 
REQUEST		UC18_GET_/compliance-helper	1782724535625	1782724535779	OK	 
REQUEST		UC23_GET_/rejections	1782724535500	1782724535885	OK	 
REQUEST		UC12_GET_/rehabilitation	1782724535703	1782724536001	OK	 
REQUEST		UC14_POST_/detail	1782724535889	1782724536059	OK	 
REQUEST		UC22_GET_/print-form	1782724535812	1782724536120	OK	 
REQUEST		UC15_POST_/callback	1782724536015	1782724536213	OK	 
REQUEST		UC15_POST_/callback	1782724536218	1782724536396	OK	 
REQUEST		UC22_GET_/print-form	1782724536109	1782724536408	OK	 
REQUEST		UC16_PUT_/callback	1782724536313	1782724536460	OK	 
REQUEST		UC21_GET_/user-permissions	1782724536408	1782724536555	OK	 
REQUEST		UC19_GET_/activation	1782724536515	1782724536668	OK	 
REQUEST		UC24_GET_/rejection/{operationId}	1782724536608	1782724536876	OK	 
REQUEST		UC13_GET_/unread-tabs	1782724536718	1782724536921	OK	 
REQUEST		UC15_POST_/callback	1782724536812	1782724537002	OK	 
REQUEST		UC16_PUT_/callback	1782724537015	1782724537156	OK	 
REQUEST		UC16_PUT_/callback	1782724537109	1782724537236	OK	 
REQUEST		UC23_GET_/rejections	1782724536888	1782724537335	OK	 
REQUEST		UC17_DELETE_/callback?taskId={taskIdCB}	1782724537313	1782724537511	OK	 
REQUEST		UC23_GET_/rejections	1782724537218	1782724537573	OK	 
REQUEST		UC20_GET_/change-tariff	1782724537515	1782724537665	OK	 
REQUEST		UC22_GET_/print-form	1782724537408	1782724537757	OK	 
REQUEST		UC25_GET_/active-switchers	1782724537624	1782724537788	OK	 
REQUEST		UC14_POST_/detail	1782724537718	1782724537870	OK	 
REQUEST		UC16_PUT_/callback	1782724537812	1782724537972	OK	 
REQUEST		UC17_DELETE_/callback?taskId={taskIdCB}	1782724537890	1782724538080	OK	 
REQUEST		UC17_DELETE_/callback?taskId={taskIdCB}	1782724538015	1782724538208	OK	 
REQUEST		UC18_GET_/compliance-helper	1782724538218	1782724538362	OK	 
REQUEST		UC24_GET_/rejection/{operationId}	1782724538108	1782724538392	OK	 
REQUEST		UC21_GET_/user-permissions	1782724538408	1782724538572	OK	 
REQUEST		UC24_GET_/rejection/{operationId}	1782724538312	1782724538581	OK	 
REQUEST		UC26_GET_/system-parameters	1782724538624	1782724538781	OK	 
REQUEST		UC23_GET_/rejections	1782724538499	1782724538834	OK	 
REQUEST		UC15_POST_/callback	1782724538718	1782724538913	OK	 
REQUEST		UC17_DELETE_/callback?taskId={taskIdCB}	1782724538828	1782724539014	OK	 
REQUEST		UC18_GET_/compliance-helper	1782724538891	1782724539050	OK	 
REQUEST		UC18_GET_/compliance-helper	1782724539010	1782724539176	OK	 
REQUEST		UC19_GET_/activation	1782724539109	1782724539255	OK	 
REQUEST		UC25_GET_/active-switchers	1782724539208	1782724539362	OK	 
REQUEST		UC25_GET_/active-switchers	1782724539408	1782724539585	OK	 
REQUEST		UC22_GET_/print-form	1782724539313	1782724539640	OK	 
REQUEST		UC27_GET_/organization	1782724539516	1782724539680	OK	 
REQUEST		UC16_PUT_/callback	1782724539714	1782724539853	OK	 
REQUEST		UC24_GET_/rejection/{operationId}	1782724539608	1782724539869	OK	 
REQUEST		UC18_GET_/compliance-helper	1782724539809	1782724539970	OK	 
REQUEST		UC19_GET_/activation	1782724539889	1782724540042	OK	 
REQUEST		UC19_GET_/activation	1782724540008	1782724540157	OK	 
REQUEST		UC20_GET_/change-tariff	1782724540108	1782724540274	OK	 
REQUEST		UC26_GET_/system-parameters	1782724540218	1782724540392	OK	 
REQUEST		UC26_GET_/system-parameters	1782724540312	1782724540485	OK	 
REQUEST		UC28_GET_/compliance-profile/mtb	1782724540499	1782724540673	OK	 
REQUEST		UC23_GET_/rejections	1782724540408	1782724540760	OK	 
REQUEST		UC17_DELETE_/callback?taskId={taskIdCB}	1782724540624	1782724540833	OK	 
REQUEST		UC25_GET_/active-switchers	1782724540702	1782724540858	OK	 
REQUEST		UC19_GET_/activation	1782724540798	1782724540961	OK	 
REQUEST		UC20_GET_/change-tariff	1782724540889	1782724541061	OK	 
REQUEST		UC20_GET_/change-tariff	1782724541014	1782724541175	OK	 
REQUEST		UC21_GET_/user-permissions	1782724541109	1782724541254	OK	 
REQUEST		UC27_GET_/organization	1782724541218	1782724541392	OK	 
REQUEST		UC27_GET_/organization	1782724541312	1782724541471	OK	 
REQUEST		UC29_GET_/dopInfo	1782724541408	1782724541565	OK	 
REQUEST		UC18_GET_/compliance-helper	1782724541609	1782724541769	OK	 
REQUEST		UC24_GET_/rejection/{operationId}	1782724541515	1782724541779	OK	 
REQUEST		UC26_GET_/system-parameters	1782724541718	1782724541876	OK	 
REQUEST		UC20_GET_/change-tariff	1782724541798	1782724541954	OK	 
REQUEST		UC21_GET_/user-permissions	1782724541890	1782724542056	OK	 
REQUEST		UC21_GET_/user-permissions	1782724542015	1782724542157	OK	 
REQUEST		UC28_GET_/compliance-profile/mtb	1782724542218	1782724542401	OK	 
REQUEST		UC22_GET_/print-form	1782724542109	1782724542428	OK	 
REQUEST		UC28_GET_/compliance-profile/mtb	1782724542312	1782724542481	OK	 
REQUEST		UC30_GET_/counterparties	1782724542408	1782724542556	OK	 
REQUEST		UC19_GET_/activation	1782724542515	1782724542668	OK	 
REQUEST		UC25_GET_/active-switchers	1782724542610	1782724542770	OK	 
REQUEST		UC27_GET_/organization	1782724542708	1782724542854	OK	 
REQUEST		UC21_GET_/user-permissions	1782724542827	1782724542970	OK	 
REQUEST		UC22_GET_/print-form	1782724542889	1782724543220	OK	 
REQUEST		UC29_GET_/dopInfo	1782724543109	1782724543280	OK	 
REQUEST		UC22_GET_/print-form	1782724543014	1782724543336	OK	 
REQUEST		UC29_GET_/dopInfo	1782724543312	1782724543462	OK	 
REQUEST		UC23_GET_/rejections	1782724543218	1782724543540	OK	 
REQUEST		UC31_GET_/compliance-profile/contacts	1782724543408	1782724543574	OK	 
REQUEST		UC20_GET_/change-tariff	1782724543515	1782724543657	OK	 
REQUEST		UC26_GET_/system-parameters	1782724543609	1782724543787	OK	 
REQUEST		UC28_GET_/compliance-profile/mtb	1782724543708	1782724543862	OK	 
REQUEST		UC22_GET_/print-form	1782724543812	1782724544143	OK	 
REQUEST		UC30_GET_/counterparties	1782724544015	1782724544173	OK	 
REQUEST		UC23_GET_/rejections	1782724543890	1782724544260	OK	 
REQUEST		UC30_GET_/counterparties	1782724544208	1782724544356	OK	 
REQUEST		UC23_GET_/rejections	1782724544109	1782724544442	OK	 
REQUEST		UC24_GET_/rejection/{operationId}	1782724544308	1782724544569	OK	 
REQUEST		UC32_GET_/compliance-profile	1782724544408	1782724544572	OK	 
REQUEST		UC21_GET_/user-permissions	1782724544515	1782724544660	OK	 
REQUEST		UC27_GET_/organization	1782724544608	1782724544788	OK	 
REQUEST		UC29_GET_/dopInfo	1782724544718	1782724544858	OK	 
REQUEST		UC31_GET_/compliance-profile/contacts	1782724544890	1782724545057	OK	 
REQUEST		UC23_GET_/rejections	1782724544798	1782724545125	OK	 
REQUEST		UC31_GET_/compliance-profile/contacts	1782724545109	1782724545256	OK	 
REQUEST		UC24_GET_/rejection/{operationId}	1782724545015	1782724545286	OK	 
REQUEST		UC24_GET_/rejection/{operationId}	1782724545218	1782724545457	OK	 
REQUEST		UC25_GET_/active-switchers	1782724545313	1782724545484	OK	 
REQUEST		UC33_GET_/detail	1782724545408	1782724545611	OK	 
REQUEST		UC28_GET_/compliance-profile/mtb	1782724545608	1782724545769	OK	 
REQUEST		UC22_GET_/print-form	1782724545514	1782724545817	OK	 
REQUEST		UC30_GET_/counterparties	1782724545717	1782724545872	OK	 
REQUEST		UC32_GET_/compliance-profile	1782724545811	1782724545973	OK	 
REQUEST		UC24_GET_/rejection/{operationId}	1782724545889	1782724546132	OK	 
REQUEST		UC32_GET_/compliance-profile	1782724546015	1782724546179	OK	 
REQUEST		UC25_GET_/active-switchers	1782724546109	1782724546269	OK	 
REQUEST		UC25_GET_/active-switchers	1782724546208	1782724546375	OK	 
REQUEST		UC26_GET_/system-parameters	1782724546313	1782724546477	OK	 
REQUEST		UC34_DELETE_/alert	1782724546408	1782724546590	OK	 
REQUEST		UC29_GET_/dopInfo	1782724546514	1782724546673	OK	 
REQUEST		UC31_GET_/compliance-profile/contacts	1782724546717	1782724546867	OK	 
REQUEST		UC23_GET_/rejections	1782724546623	1782724546984	OK	 
REQUEST		UC33_GET_/detail	1782724546811	1782724547000	OK	 
REQUEST		UC25_GET_/active-switchers	1782724546889	1782724547050	OK	 
REQUEST		UC33_GET_/detail	1782724547014	1782724547190	OK	 
REQUEST		UC26_GET_/system-parameters	1782724547109	1782724547272	OK	 
REQUEST		UC26_GET_/system-parameters	1782724547218	1782724547375	OK	 
REQUEST		UC27_GET_/organization	1782724547313	1782724547459	OK	 
REQUEST		UC35_POST_/organization	1782724547408	1782724547620	OK	 
REQUEST		UC30_GET_/counterparties	1782724547514	1782724547683	OK	 
REQUEST		UC32_GET_/compliance-profile	1782724547608	1782724547748	OK	 
REQUEST		UC24_GET_/rejection/{operationId}	1782724547717	1782724547969	OK	 
REQUEST		UC34_DELETE_/alert	1782724547811	1782724548016	OK	 
REQUEST		UC26_GET_/system-parameters	1782724547892	1782724548069	OK	 
REQUEST		UC34_DELETE_/alert	1782724548011	1782724548203	OK	 
REQUEST		UC27_GET_/organization	1782724548109	1782724548269	OK	 
REQUEST		UC27_GET_/organization	1782724548218	1782724548376	OK	 
REQUEST		UC28_GET_/compliance-profile/mtb	1782724548312	1782724548479	OK	 
REQUEST		UC36_POST_/mtb	1782724548408	1782724548603	OK	 
REQUEST		UC31_GET_/compliance-profile/contacts	1782724548516	1782724548678	OK	 
REQUEST		UC33_GET_/detail	1782724548608	1782724548809	OK	 
REQUEST		UC25_GET_/active-switchers	1782724548718	1782724548868	OK	 
REQUEST		UC35_POST_/organization	1782724548811	1782724549025	OK	 
REQUEST		UC27_GET_/organization	1782724548878	1782724549037	OK	 
REQUEST		UC35_POST_/organization	1782724548999	1782724549188	OK	 
REQUEST		UC28_GET_/compliance-profile/mtb	1782724549108	1782724549262	OK	 
REQUEST		UC28_GET_/compliance-profile/mtb	1782724549202	1782724549365	OK	 
REQUEST		UC29_GET_/dopInfo	1782724549298	1782724549453	OK	 
REQUEST		UC37_POST_/dopInfo	1782724549406	1782724549614	OK	 
REQUEST		UC32_GET_/compliance-profile	1782724549499	1782724549673	OK	 
REQUEST		UC34_DELETE_/alert	1782724549598	1782724549785	OK	 
REQUEST		UC26_GET_/system-parameters	1782724549705	1782724549858	OK	 
REQUEST		UC36_POST_/mtb	1782724549802	1782724550004	OK	 
REQUEST		UC28_GET_/compliance-profile/mtb	1782724549888	1782724550058	OK	 
REQUEST		UC36_POST_/mtb	1782724550008	1782724550193	OK	 
REQUEST		UC29_GET_/dopInfo	1782724550108	1782724550264	OK	 
REQUEST		UC29_GET_/dopInfo	1782724550218	1782724550369	OK	 
REQUEST		UC30_GET_/counterparties	1782724550313	1782724550453	OK	 
REQUEST		UC38_POST_/counterparties	1782724550408	1782724550616	OK	 
REQUEST		UC33_GET_/detail	1782724550516	1782724550697	OK	 
REQUEST		UC35_POST_/organization	1782724550609	1782724550796	OK	 
REQUEST		UC27_GET_/organization	1782724550718	1782724550865	OK	 
REQUEST		UC37_POST_/dopInfo	1782724550798	1782724551002	OK	 
REQUEST		UC29_GET_/dopInfo	1782724550890	1782724551052	OK	 
REQUEST		UC37_POST_/dopInfo	1782724551015	1782724551217	OK	 
REQUEST		UC30_GET_/counterparties	1782724551109	1782724551283	OK	 
REQUEST		UC30_GET_/counterparties	1782724551209	1782724551376	OK	 
REQUEST		UC31_GET_/compliance-profile/contacts	1782724551312	1782724551469	OK	 
REQUEST		UC39_POST_/contacts	1782724551408	1782724551592	OK	 
REQUEST		UC34_DELETE_/alert	1782724551516	1782724551706	OK	 
REQUEST		UC36_POST_/mtb	1782724551609	1782724551785	OK	 
REQUEST		UC28_GET_/compliance-profile/mtb	1782724551708	1782724551863	OK	 
REQUEST		UC38_POST_/counterparties	1782724551811	1782724552021	OK	 
REQUEST		UC30_GET_/counterparties	1782724551890	1782724552049	OK	 
REQUEST		UC38_POST_/counterparties	1782724552014	1782724552198	OK	 
REQUEST		UC31_GET_/compliance-profile/contacts	1782724552109	1782724552270	OK	 
REQUEST		UC31_GET_/compliance-profile/contacts	1782724552218	1782724552385	OK	 
REQUEST		UC32_GET_/compliance-profile	1782724552312	1782724552474	OK	 
REQUEST		UC40_GET_/mop2/{fflId}	1782724552408	1782724552642	OK	 
REQUEST		UC35_POST_/organization	1782724552515	1782724552727	OK	 
REQUEST		UC37_POST_/dopInfo	1782724552608	1782724552817	OK	 
REQUEST		UC29_GET_/dopInfo	1782724552718	1782724552877	OK	 
REQUEST		UC39_POST_/contacts	1782724552811	1782724553023	OK	 
REQUEST		UC31_GET_/compliance-profile/contacts	1782724552889	1782724553044	OK	 
REQUEST		UC39_POST_/contacts	1782724553014	1782724553205	OK	 
REQUEST		UC32_GET_/compliance-profile	1782724553109	1782724553259	OK	 
REQUEST		UC32_GET_/compliance-profile	1782724553218	1782724553361	OK	 
REQUEST		UC33_GET_/detail	1782724553308	1782724553495	OK	 
REQUEST		UC41_GET_/onboarding/{fflId}	1782724553408	1782724553581	OK	 
USER	EFSFinmonWebDebug	END	1782724553585
USER	EFSFinmonWebDebug	START	1782724553586
REQUEST		UC36_POST_/mtb	1782724553515	1782724553720	OK	 
REQUEST		UC38_POST_/counterparties	1782724553608	1782724553797	OK	 
REQUEST		UC30_GET_/counterparties	1782724553718	1782724553874	OK	 
REQUEST		UC40_GET_/mop2/{fflId}	1782724553812	1782724554061	OK	 
REQUEST		UC32_GET_/compliance-profile	1782724553890	1782724554071	OK	 
REQUEST		UC40_GET_/mop2/{fflId}	1782724554015	1782724554255	OK	 
REQUEST		UC33_GET_/detail	1782724554109	1782724554315	OK	 
REQUEST		UC33_GET_/detail	1782724554208	1782724554388	OK	 
REQUEST		UC34_DELETE_/alert	1782724554313	1782724554500	OK	 
REQUEST	LoginWeb	first_login	1782724554408	1782724554581	OK	 
REQUEST		UC37_POST_/dopInfo	1782724554514	1782724554692	OK	 
REQUEST		UC39_POST_/contacts	1782724554608	1782724554796	OK	 
REQUEST		UC31_GET_/compliance-profile/contacts	1782724554717	1782724554862	OK	 
REQUEST		UC41_GET_/onboarding/{fflId}	1782724554811	1782724554995	OK	 
USER	EFSFinmonWebDebug	END	1782724554998
USER	EFSFinmonWebDebug	START	1782724554998
REQUEST		UC33_GET_/detail	1782724554878	1782724555059	OK	 
REQUEST		UC41_GET_/onboarding/{fflId}	1782724554999	1782724555168	OK	 
USER	EFSFinmonWebDebug	END	1782724555174
USER	EFSFinmonWebDebug	START	1782724555175
REQUEST		UC34_DELETE_/alert	1782724555098	1782724555288	OK	 
REQUEST		UC34_DELETE_/alert	1782724555202	1782724555406	OK	 
REQUEST		UC35_POST_/organization	1782724555298	1782724555512	OK	 
REQUEST	LoginWeb	settingsLogin	1782724555406	1782724555571	OK	 
REQUEST		UC38_POST_/counterparties	1782724555499	1782724555689	OK	 
REQUEST		UC40_GET_/mop2/{fflId}	1782724555598	1782724555810	OK	 
REQUEST		UC32_GET_/compliance-profile	1782724555703	1782724555854	OK	 
REQUEST	LoginWeb	first_login	1782724555798	1782724555946	OK	 
REQUEST		UC34_DELETE_/alert	1782724555890	1782724556078	OK	 
REQUEST	LoginWeb	first_login	1782724556015	1782724556165	OK	 
REQUEST		UC35_POST_/organization	1782724556109	1782724556321	OK	 
REQUEST		UC35_POST_/organization	1782724556208	1782724556407	OK	 
REQUEST		UC36_POST_/mtb	1782724556313	1782724556513	OK	 
REQUEST	LoginWeb	newsLogin	1782724556417	1782724556602	OK	 
REQUEST		UC39_POST_/contacts	1782724556517	1782724556708	OK	 
REQUEST		UC41_GET_/onboarding/{fflId}	1782724556610	1782724556806	OK	 
USER	EFSFinmonWebDebug	END	1782724556809
USER	EFSFinmonWebDebug	START	1782724556810
REQUEST		UC33_GET_/detail	1782724556708	1782724556882	OK	 
REQUEST	LoginWeb	settingsLogin	1782724556826	1782724557025	OK	 
REQUEST		UC35_POST_/organization	1782724556889	1782724557105	OK	 
REQUEST	LoginWeb	settingsLogin	1782724557014	1782724557184	OK	 
REQUEST		UC36_POST_/mtb	1782724557109	1782724557313	OK	 
REQUEST		UC36_POST_/mtb	1782724557208	1782724557399	OK	 
REQUEST		UC37_POST_/dopInfo	1782724557313	1782724557509	OK	 
REQUEST	LoginWeb	preLogin	1782724557408	1782724557644	OK	 
REQUEST		UC40_GET_/mop2/{fflId}	1782724557516	1782724557718	OK	 
REQUEST	LoginWeb	first_login	1782724557608	1782724557778	OK	 
REQUEST		UC34_DELETE_/alert	1782724557717	1782724557907	OK	 
REQUEST	LoginWeb	newsLogin	1782724557798	1782724558064	OK	 
REQUEST		UC36_POST_/mtb	1782724557878	1782724558067	OK	 
REQUEST	LoginWeb	newsLogin	1782724557999	1782724558203	OK	 
REQUEST		UC37_POST_/dopInfo	1782724558098	1782724558293	OK	 
REQUEST		UC37_POST_/dopInfo	1782724558202	1782724558392	OK	 
REQUEST		UC38_POST_/counterparties	1782724558298	1782724558497	OK	 
REQUEST	LoginWeb	login	1782724558406	1782724558645	OK	 
REQUEST		UC41_GET_/onboarding/{fflId}	1782724558500	1782724558691	OK	 
USER	EFSFinmonWebDebug	END	1782724558696
USER	EFSFinmonWebDebug	START	1782724558697
REQUEST	LoginWeb	settingsLogin	1782724558598	1782724558800	OK	 
REQUEST		UC35_POST_/organization	1782724558703	1782724558891	OK	 
REQUEST	LoginWeb	preLogin	1782724558798	1782724559019	OK	 
REQUEST		UC37_POST_/dopInfo	1782724558890	1782724559089	OK	 
REQUEST	LoginWeb	preLogin	1782724559015	1782724559236	OK	 
REQUEST		UC38_POST_/counterparties	1782724559109	1782724559312	OK	 
REQUEST		UC38_POST_/counterparties	1782724559218	1782724559414	OK	 
REQUEST		UC39_POST_/contacts	1782724559312	1782724559495	OK	 
REQUEST	LoginWeb	first_login	1782724559516	1782724559696	OK	 
REQUEST	LoginWeb	newsLogin	1782724559609	1782724559810	OK	 
REQUEST		UC36_POST_/mtb	1782724559716	1782724559906	OK	 
REQUEST		UC38_POST_/counterparties	1782724559885	1782724560073	OK	 
REQUEST	LoginWeb	login	1782724559812	1782724560080	OK	 
REQUEST	LoginWeb	create	1782724559408	1782724560241	OK	 
REQUEST	LoginWeb	login	1782724560000	1782724560255	OK	 
REQUEST		UC39_POST_/contacts	1782724560090	1782724560311	OK	 
REQUEST		UC39_POST_/contacts	1782724560188	1782724560396	OK	 
REQUEST		UC40_GET_/mop2/{fflId}	1782724560297	1782724560535	OK	 
REQUEST	LoginWeb	settingsLogin	1782724560391	1782724560592	OK	 
REQUEST	LoginWeb	preLogin	1782724560488	1782724560701	OK	 
REQUEST		UC37_POST_/dopInfo	1782724560598	1782724560784	OK	 
REQUEST		UC39_POST_/contacts	1782724560703	1782724560906	OK	 
REQUEST	LoginWeb	decrypt	1782724560874	1782724560948	OK	 
GROUP	LoginWeb	1782724553586	1782724560949	1905	OK
ERROR	UC01_POST_/file-upload: Failed to build request: No attribute named 'requestId' is defined 	1782724560949
ERROR	UC02_POST_/send-to-bank: Failed to build request: No attribute named 'requestId' is defined 	1782724560949
REQUEST		UC40_GET_/mop2/{fflId}	1782724561078	1782724561305	OK	 
REQUEST		UC40_GET_/mop2/{fflId}	1782724561187	1782724561399	OK	 
REQUEST		UC41_GET_/onboarding/{fflId}	1782724561297	1782724561479	OK	 
USER	EFSFinmonWebDebug	END	1782724561482
USER	EFSFinmonWebDebug	START	1782724561483
REQUEST	LoginWeb	newsLogin	1782724561378	1782724561585	OK	 
REQUEST	LoginWeb	create	1782724560812	1782724561679	OK	 
REQUEST	LoginWeb	login	1782724561484	1782724561752	OK	 
REQUEST	LoginWeb	create	1782724560983	1782724561769	OK	 
REQUEST		UC38_POST_/counterparties	1782724561578	1782724561781	OK	 
REQUEST		UC40_GET_/mop2/{fflId}	1782724561703	1782724561937	OK	 
REQUEST		UC41_GET_/onboarding/{fflId}	1782724561874	1782724562073	OK	 
USER	EFSFinmonWebDebug	END	1782724562079
REQUEST		UC41_GET_/onboarding/{fflId}	1782724561984	1782724562169	OK	 
USER	EFSFinmonWebDebug	END	1782724562174
REQUEST		UC03_GET_/params	1782724561792	1782724562176	OK	 
ERROR	UC04_POST_/delete-file: Failed to build request: No attribute named 'pprbId' is defined 	1782724562178
REQUEST	LoginWeb	first_login	1782724562078	1782724562243	OK	 
REQUEST	LoginWeb	decrypt	1782724562281	1782724562365	OK	 
GROUP	LoginWeb	1782724554999	1782724562367	2053	OK
ERROR	UC01_POST_/file-upload: Failed to build request: No attribute named 'requestId' is defined 	1782724562367
ERROR	UC02_POST_/send-to-bank: Failed to build request: No attribute named 'requestId' is defined 	1782724562367
REQUEST	LoginWeb	preLogin	1782724562187	1782724562394	OK	 
REQUEST	LoginWeb	decrypt	1782724562483	1782724562561	OK	 
GROUP	LoginWeb	1782724555175	1782724562562	1864	OK
ERROR	UC01_POST_/file-upload: Failed to build request: No attribute named 'requestId' is defined 	1782724562562
ERROR	UC02_POST_/send-to-bank: Failed to build request: No attribute named 'requestId' is defined 	1782724562563
REQUEST		UC39_POST_/contacts	1782724562578	1782724562757	OK	 
REQUEST		UC41_GET_/onboarding/{fflId}	1782724562702	1782724562874	OK	 
USER	EFSFinmonWebDebug	END	1782724562878
REQUEST		UC05_GET_/download/{fileid}	1782724562795	1782724562995	OK	 
ERROR	UC06_GET_/detail-with-attachments/{fflId}: Failed to build request: No attribute named 'fflId' is defined 	1782724562996
REQUEST	LoginWeb	settingsLogin	1782724562874	1782724563071	OK	 
REQUEST	LoginWeb	create	1782724562378	1782724563236	OK	 
REQUEST		UC03_GET_/params	1782724562983	1782724563310	OK	 
ERROR	UC04_POST_/delete-file: Failed to build request: No attribute named 'pprbId' is defined 	1782724563311
REQUEST	LoginWeb	login	1782724563079	1782724563344	OK	 
REQUEST		UC03_GET_/params	1782724563187	1782724563507	OK	 
ERROR	UC04_POST_/delete-file: Failed to build request: No attribute named 'pprbId' is defined 	1782724563509
REQUEST		UC40_GET_/mop2/{fflId}	1782724563281	1782724563507	OK	 
REQUEST		UC07_POST_/inform-list	1782724563388	1782724563681	OK	 
REQUEST	LoginWeb	decrypt	1782724563598	1782724563683	OK	 
GROUP	LoginWeb	1782724556810	1782724563704	1997	OK
ERROR	UC01_POST_/file-upload: Failed to build request: No attribute named 'requestId' is defined 	1782724563704
ERROR	UC02_POST_/send-to-bank: Failed to build request: No attribute named 'requestId' is defined 	1782724563704
REQUEST		UC05_GET_/download/{fileid}	1782724563688	1782724563874	OK	 
ERROR	UC06_GET_/detail-with-attachments/{fflId}: Failed to build request: No attribute named 'fflId' is defined 	1782724563876
REQUEST		UC05_GET_/download/{fileid}	1782724563874	1782724564069	OK	 
ERROR	UC06_GET_/detail-with-attachments/{fflId}: Failed to build request: No attribute named 'fflId' is defined 	1782724564071
REQUEST		UC41_GET_/onboarding/{fflId}	1782724563984	1782724564178	OK	 
USER	EFSFinmonWebDebug	END	1782724564181
REQUEST		UC08_POST_/send-to-bank/{fflId}	1782724564078	1782724564288	OK	 
REQUEST		UC03_GET_/params	1782724564187	1782724564518	OK	 
ERROR	UC04_POST_/delete-file: Failed to build request: No attribute named 'pprbId' is defined 	1782724564519
REQUEST	LoginWeb	create	1782724563780	1782724564538	OK	 
REQUEST		UC07_POST_/inform-list	1782724564281	1782724564540	OK	 
REQUEST		UC07_POST_/inform-list	1782724564407	1782724564705	OK	 
REQUEST		UC09_GET_/requests-and-inform	1782724564488	1782724564727	OK	 
REQUEST	LoginWeb	decrypt	1782724564688	1782724564768	OK	 
GROUP	LoginWeb	1782724558697	1782724564770	1898	OK
ERROR	UC01_POST_/file-upload: Failed to build request: No attribute named 'requestId' is defined 	1782724564770
ERROR	UC02_POST_/send-to-bank: Failed to build request: No attribute named 'requestId' is defined 	1782724564770
REQUEST		UC05_GET_/download/{fileid}	1782724564608	1782724564791	OK	 
ERROR	UC06_GET_/detail-with-attachments/{fflId}: Failed to build request: No attribute named 'fflId' is defined 	1782724564792
REQUEST	LoginWeb	newsLogin	1782724563488	1782724564964	OK	 
REQUEST		UC08_POST_/send-to-bank/{fflId}	1782724564795	1782724564977	OK	 
REQUEST		UC08_POST_/send-to-bank/{fflId}	1782724564874	1782724565072	OK	 
REQUEST		UC10_POST_/mop-1-0	1782724564979	1782724565251	OK	 
REQUEST		UC03_GET_/params	1782724565078	1782724565419	OK	 
ERROR	UC04_POST_/delete-file: Failed to build request: No attribute named 'pprbId' is defined 	1782724565420
REQUEST		UC07_POST_/inform-list	1782724565181	1782724565464	OK	 
REQUEST	LoginWeb	preLogin	1782724565278	1782724565529	OK	 
REQUEST		UC09_GET_/requests-and-inform	1782724565401	1782724565632	OK	 
REQUEST		UC09_GET_/requests-and-inform	1782724565498	1782724565754	OK	 
REQUEST		UC11_POST_/online-control	1782724565593	1782724565849	OK	 
REQUEST		UC05_GET_/download/{fileid}	1782724565704	1782724565911	OK	 
ERROR	UC06_GET_/detail-with-attachments/{fflId}: Failed to build request: No attribute named 'fflId' is defined 	1782724565913
REQUEST		UC08_POST_/send-to-bank/{fflId}	1782724565797	1782724566004	OK	 
REQUEST	LoginWeb	login	1782724565875	1782724566134	OK	 
REQUEST		UC10_POST_/mop-1-0	1782724565985	1782724566253	OK	 
REQUEST		UC10_POST_/mop-1-0	1782724566078	1782724566332	OK	 
REQUEST		UC12_GET_/rehabilitation	1782724566187	1782724566487	OK	 
REQUEST		UC07_POST_/inform-list	1782724566298	1782724566565	OK	 
REQUEST		UC09_GET_/requests-and-inform	1782724566390	1782724566643	OK	 
REQUEST		UC11_POST_/online-control	1782724566592	1782724566855	OK	 
REQUEST		UC11_POST_/online-control	1782724566686	1782724566955	OK	 
REQUEST		UC13_GET_/unread-tabs	1782724566798	1782724566998	OK	 
REQUEST		UC08_POST_/send-to-bank/{fflId}	1782724566874	1782724567066	OK	 
REQUEST		UC10_POST_/mop-1-0	1782724566983	1782724567249	OK	 
REQUEST	LoginWeb	create	1782724566488	1782724567342	OK	 
REQUEST		UC12_GET_/rehabilitation	1782724567078	1782724567381	OK	 
REQUEST		UC14_POST_/detail	1782724567298	1782724567460	OK	 
REQUEST		UC12_GET_/rehabilitation	1782724567202	1782724567499	OK	 
REQUEST		UC09_GET_/requests-and-inform	1782724567390	1782724567611	OK	 
REQUEST	LoginWeb	decrypt	1782724567578	1782724567662	OK	 
GROUP	LoginWeb	1782724561483	1782724567664	3286	OK
ERROR	UC01_POST_/file-upload: Failed to build request: No attribute named 'requestId' is defined 	1782724567664
ERROR	UC02_POST_/send-to-bank: Failed to build request: No attribute named 'requestId' is defined 	1782724567664
REQUEST		UC11_POST_/online-control	1782724567488	1782724567759	OK	 
REQUEST		UC13_GET_/unread-tabs	1782724567687	1782724567859	OK	 
REQUEST		UC15_POST_/callback	1782724567798	1782724568008	OK	 
REQUEST		UC13_GET_/unread-tabs	1782724567874	1782724568081	OK	 
REQUEST		UC10_POST_/mop-1-0	1782724567984	1782724568253	OK	 
REQUEST		UC03_GET_/params	1782724568078	1782724568399	OK	 
ERROR	UC04_POST_/delete-file: Failed to build request: No attribute named 'pprbId' is defined 	1782724568401
REQUEST		UC14_POST_/detail	1782724568280	1782724568454	OK	 
REQUEST		UC12_GET_/rehabilitation	1782724568187	1782724568496	OK	 
REQUEST		UC16_PUT_/callback	1782724568390	1782724568555	OK	 
REQUEST		UC14_POST_/detail	1782724568500	1782724568662	OK	 
REQUEST		UC11_POST_/online-control	1782724568578	1782724568838	OK	 
REQUEST		UC05_GET_/download/{fileid}	1782724568692	1782724568897	OK	 
ERROR	UC06_GET_/detail-with-attachments/{fflId}: Failed to build request: No attribute named 'fflId' is defined 	1782724568899
REQUEST		UC15_POST_/callback	1782724568798	1782724569001	OK	 
REQUEST		UC13_GET_/unread-tabs	1782724568874	1782724569072	OK	 
REQUEST		UC17_DELETE_/callback?taskId={taskIdCB}	1782724568983	1782724569186	OK	 
REQUEST		UC15_POST_/callback	1782724569078	1782724569291	OK	 
REQUEST		UC12_GET_/rehabilitation	1782724569187	1782724569486	OK	 
REQUEST		UC16_PUT_/callback	1782724569405	1782724569558	OK	 
REQUEST		UC07_POST_/inform-list	1782724569296	1782724569567	OK	 
REQUEST		UC14_POST_/detail	1782724569488	1782724569644	OK	 
REQUEST		UC18_GET_/compliance-helper	1782724569578	1782724569742	OK	 
REQUEST		UC16_PUT_/callback	1782724569688	1782724569843	OK	 
REQUEST		UC13_GET_/unread-tabs	1782724569788	1782724569995	OK	 
REQUEST		UC17_DELETE_/callback?taskId={taskIdCB}	1782724569873	1782724570081	OK	 
REQUEST		UC08_POST_/send-to-bank/{fflId}	1782724569978	1782724570184	OK	 
REQUEST		UC15_POST_/callback	1782724570078	1782724570275	OK	 
REQUEST		UC19_GET_/activation	1782724570186	1782724570346	OK	 
REQUEST		UC17_DELETE_/callback?taskId={taskIdCB}	1782724570278	1782724570472	OK	 
REQUEST		UC14_POST_/detail	1782724570389	1782724570539	OK	 
REQUEST		UC18_GET_/compliance-helper	1782724570499	1782724570654	OK	 
REQUEST		UC09_GET_/requests-and-inform	1782724570578	1782724570829	OK	 
REQUEST		UC16_PUT_/callback	1782724570688	1782724570847	OK	 
REQUEST		UC20_GET_/change-tariff	1782724570798	1782724570955	OK	 
REQUEST		UC18_GET_/compliance-helper	1782724570878	1782724571036	OK	 
REQUEST		UC15_POST_/callback	1782724570999	1782724571203	OK	 
REQUEST		UC19_GET_/activation	1782724571098	1782724571251	OK	 
REQUEST		UC10_POST_/mop-1-0	1782724571203	1782724571459	OK	 
REQUEST		UC17_DELETE_/callback?taskId={taskIdCB}	1782724571298	1782724571481	OK	 
REQUEST		UC21_GET_/user-permissions	1782724571405	1782724571573	OK	 
REQUEST		UC19_GET_/activation	1782724571499	1782724571647	OK	 
REQUEST		UC16_PUT_/callback	1782724571608	1782724571760	OK	 
REQUEST		UC20_GET_/change-tariff	1782724571702	1782724571846	OK	 
REQUEST		UC18_GET_/compliance-helper	1782724571905	1782724572075	OK	 
REQUEST		UC11_POST_/online-control	1782724571798	1782724572077	OK	 
REQUEST		UC20_GET_/change-tariff	1782724572109	1782724572271	OK	 
REQUEST		UC22_GET_/print-form	1782724572014	1782724572379	OK	 
REQUEST		UC17_DELETE_/callback?taskId={taskIdCB}	1782724572218	1782724572431	OK	 
REQUEST		UC21_GET_/user-permissions	1782724572312	1782724572499	OK	 
REQUEST		UC19_GET_/activation	1782724572412	1782724572583	OK	 
REQUEST		UC21_GET_/user-permissions	1782724572628	1782724572772	OK	 
REQUEST		UC12_GET_/rehabilitation	1782724572518	1782724572814	OK	 
REQUEST		UC18_GET_/compliance-helper	1782724572829	1782724573008	OK	 
REQUEST		UC23_GET_/rejections	1782724572719	1782724573094	OK	 
REQUEST		UC20_GET_/change-tariff	1782724572984	1782724573152	OK	 
REQUEST		UC22_GET_/print-form	1782724572876	1782724573220	OK	 
REQUEST		UC13_GET_/unread-tabs	1782724573187	1782724573368	OK	 
REQUEST		UC22_GET_/print-form	1782724573078	1782724573408	OK	 
REQUEST		UC19_GET_/activation	1782724573297	1782724573456	OK	 
REQUEST		UC21_GET_/user-permissions	1782724573489	1782724573659	OK	 
REQUEST		UC24_GET_/rejection/{operationId}	1782724573407	1782724573697	OK	 
REQUEST		UC14_POST_/detail	1782724573687	1782724573852	OK	 
REQUEST		UC23_GET_/rejections	1782724573593	1782724573907	OK	 
REQUEST		UC20_GET_/change-tariff	1782724573874	1782724574035	OK	 
REQUEST		UC23_GET_/rejections	1782724573816	1782724574153	OK	 
REQUEST		UC25_GET_/active-switchers	1782724574078	1782724574261	OK	 
REQUEST		UC22_GET_/print-form	1782724573978	1782724574319	OK	 
REQUEST		UC15_POST_/callback	1782724574188	1782724574389	OK	 
REQUEST		UC21_GET_/user-permissions	1782724574391	1782724574549	OK	 
REQUEST		UC24_GET_/rejection/{operationId}	1782724574298	1782724574584	OK	 
REQUEST		UC24_GET_/rejection/{operationId}	1782724574488	1782724574748	OK	 
REQUEST		UC26_GET_/system-parameters	1782724574593	1782724574771	OK	 
REQUEST		UC16_PUT_/callback	1782724574796	1782724574948	OK	 
REQUEST		UC23_GET_/rejections	1782724574702	1782724575015	OK	 
REQUEST		UC25_GET_/active-switchers	1782724574983	1782724575143	OK	 
REQUEST		UC22_GET_/print-form	1782724574874	1782724575221	OK	 
REQUEST		UC25_GET_/active-switchers	1782724575078	1782724575239	OK	 
REQUEST		UC27_GET_/organization	1782724575187	1782724575361	OK	 
REQUEST		UC17_DELETE_/callback?taskId={taskIdCB}	1782724575297	1782724575493	OK	 
REQUEST		UC26_GET_/system-parameters	1782724575500	1782724575674	OK	 
REQUEST		UC24_GET_/rejection/{operationId}	1782724575406	1782724575684	OK	 
REQUEST		UC26_GET_/system-parameters	1782724575688	1782724575849	OK	 
REQUEST		UC23_GET_/rejections	1782724575589	1782724575906	OK	 
REQUEST		UC28_GET_/compliance-profile/mtb	1782724575781	1782724575935	OK	 
REQUEST		UC18_GET_/compliance-helper	1782724575875	1782724576041	OK	 
REQUEST		UC27_GET_/organization	1782724575985	1782724576157	OK	 
REQUEST		UC25_GET_/active-switchers	1782724576079	1782724576245	OK	 
REQUEST		UC27_GET_/organization	1782724576187	1782724576337	OK	 
REQUEST		UC24_GET_/rejection/{operationId}	1782724576297	1782724576554	OK	 
REQUEST		UC29_GET_/dopInfo	1782724576406	1782724576555	OK	 
REQUEST		UC19_GET_/activation	1782724576488	1782724576644	OK	 
REQUEST		UC28_GET_/compliance-profile/mtb	1782724576598	1782724576767	OK	 
REQUEST		UC26_GET_/system-parameters	1782724576688	1782724576839	OK	 
REQUEST		UC28_GET_/compliance-profile/mtb	1782724576795	1782724576957	OK	 
REQUEST		UC25_GET_/active-switchers	1782724576873	1782724577030	OK	 
REQUEST		UC30_GET_/counterparties	1782724576983	1782724577140	OK	 
REQUEST		UC20_GET_/change-tariff	1782724577078	1782724577230	OK	 
REQUEST		UC29_GET_/dopInfo	1782724577178	1782724577348	OK	 
REQUEST		UC27_GET_/organization	1782724577280	1782724577440	OK	 
REQUEST		UC29_GET_/dopInfo	1782724577390	1782724577563	OK	 
REQUEST		UC26_GET_/system-parameters	1782724577499	1782724577646	OK	 
REQUEST		UC31_GET_/compliance-profile/contacts	1782724577598	1782724577773	OK	 
REQUEST		UC21_GET_/user-permissions	1782724577688	1782724577841	OK	 
REQUEST		UC30_GET_/counterparties	1782724577798	1782724577944	OK	 
REQUEST		UC28_GET_/compliance-profile/mtb	1782724577878	1782724578041	OK	 
REQUEST		UC30_GET_/counterparties	1782724577999	1782724578166	OK	 
REQUEST		UC27_GET_/organization	1782724578098	1782724578257	OK	 
REQUEST		UC32_GET_/compliance-profile	1782724578203	1782724578370	OK	 
REQUEST		UC31_GET_/compliance-profile/contacts	1782724578405	1782724578554	OK	 
REQUEST		UC22_GET_/print-form	1782724578298	1782724578612	OK	 
REQUEST		UC29_GET_/dopInfo	1782724578488	1782724578661	OK	 
REQUEST		UC31_GET_/compliance-profile/contacts	1782724578593	1782724578753	OK	 
REQUEST		UC28_GET_/compliance-profile/mtb	1782724578688	1782724578832	OK	 
REQUEST		UC33_GET_/detail	1782724578795	1782724578998	OK	 
REQUEST		UC32_GET_/compliance-profile	1782724578889	1782724579050	OK	 
REQUEST		UC30_GET_/counterparties	1782724579109	1782724579282	OK	 
REQUEST		UC23_GET_/rejections	1782724578999	1782724579314	OK	 
REQUEST		UC32_GET_/compliance-profile	1782724579202	1782724579373	OK	 
REQUEST		UC29_GET_/dopInfo	1782724579311	1782724579468	OK	 
REQUEST		UC34_DELETE_/alert	1782724579408	1782724579605	OK	 
REQUEST		UC33_GET_/detail	1782724579515	1782724579701	OK	 
REQUEST		UC31_GET_/compliance-profile/contacts	1782724579609	1782724579783	OK	 
REQUEST		UC33_GET_/detail	1782724579798	1782724579998	OK	 
REQUEST		UC24_GET_/rejection/{operationId}	1782724579708	1782724579998	OK	 
REQUEST		UC30_GET_/counterparties	1782724579901	1782724580100	OK	 
REQUEST		UC35_POST_/organization	1782724580022	1782724580237	OK	 
REQUEST		UC34_DELETE_/alert	1782724580123	1782724580313	OK	 
REQUEST		UC32_GET_/compliance-profile	1782724580218	1782724580377	OK	 
REQUEST		UC34_DELETE_/alert	1782724580339	1782724580538	OK	 
REQUEST		UC25_GET_/active-switchers	1782724580421	1782724580605	OK	 
REQUEST		UC31_GET_/compliance-profile/contacts	1782724580518	1782724580679	OK	 
REQUEST		UC36_POST_/mtb	1782724580628	1782724580829	OK	 
REQUEST		UC35_POST_/organization	1782724580717	1782724580917	OK	 
REQUEST		UC33_GET_/detail	1782724580828	1782724581022	OK	 
REQUEST		UC35_POST_/organization	1782724580889	1782724581085	OK	 
REQUEST		UC26_GET_/system-parameters	1782724581015	1782724581191	OK	 
REQUEST		UC32_GET_/compliance-profile	1782724581110	1782724581264	OK	 
REQUEST		UC37_POST_/dopInfo	1782724581208	1782724581412	OK	 
REQUEST		UC36_POST_/mtb	1782724581314	1782724581513	OK	 
REQUEST		UC34_DELETE_/alert	1782724581413	1782724581609	OK	 
REQUEST		UC36_POST_/mtb	1782724581515	1782724581715	OK	 
REQUEST		UC27_GET_/organization	1782724581609	1782724581768	OK	 
